,review_id,trip_id,reviewer_id,reviewee_id,rating,comment,reviewed_at
0,1,1,1958,1001,4,Very comfortable ride.,2024-06-24 14:52:11
1,2,1,1001,1958,4,Super friendly and helpful.,2024-06-24 16:09:11
2,3,3,324,373,4,Very clean car.,2023-08-17 11:08:06
6,7,13,553,680,3,"Great driver, very professional!",2023-06-27 01:25:43
7,8,14,680,1649,3,Fine driver.,2024-03-17 22:45:46
8,9,18,1970,833,5,Fast and safe driver.,2022-08-11 08:39:45
14,15,25,1606,1970,2,Super friendly and helpful.,2023-05-22 12:59:26
15,16,26,1443,1970,3,Super friendly and helpful.,2024-05-29 05:10:02
17,18,27,199,1970,3,Super friendly and helpful.,2024-05-31 12:45:24
21,22,35,1970,334,3,Nothing to complain about.,2022-12-22 23:24:45
22,23,36,748,1970,3,Super friendly and helpful.,2023-12-17 02:44:16
23,24,38,1970,1210,4,"Great rider, very polite.",2022-12-19 10:30:01
24,25,40,1970,164,4,Fast and safe driver.,2022-11-24 21:42:11
25,26,41,1970,1135,3,Nothing to complain about.,2023-12-15 22:06:40
26,27,43,1970,1492,3,Trip was okay.,2023-11-30 08:43:30
27,28,43,1492,1970,3,Very clean car.,2023-11-30 10:10:30
28,29,44,1970,162,5,Car was spotless.,2023-06-17 06:56:47
30,31,48,1970,728,4,"Great rider, very polite.",2023-09-23 00:44:25
33,34,51,677,1970,4,Super friendly and helpful.,2024-02-03 07:37:07
34,35,53,1302,1970,3,"Smooth ride, on time.",2023-10-11 06:36:32
35,36,54,1970,1830,3,Trip was okay.,2022-01-31 22:08:45
37,38,56,436,619,5,Super friendly and helpful.,2023-12-03 14:30:41
43,44,66,1617,1653,3,Fine driver.,2024-01-26 13:09:14
45,46,68,485,1617,3,"Smooth ride, on time.",2023-06-02 17:22:32
46,47,69,1617,1206,4,Car was spotless.,2024-03-11 00:21:21
47,48,69,1206,1617,4,"Great driver, very professional!",2024-03-10 22:39:21
49,50,70,1041,1617,3,"Smooth ride, on time.",2022-04-26 16:28:52
50,51,71,1617,44,5,"5 stars, highly recommend!",2023-11-09 01:56:17
51,52,72,1617,1702,4,Very courteous driver.,2023-10-15 13:50:17
52,53,73,1617,97,4,Super friendly and helpful.,2022-02-28 23:55:50
53,54,73,97,1617,4,Very clean car.,2022-03-01 00:44:50
55,56,76,1693,1617,3,Very clean car.,2022-03-13 02:30:54
60,61,81,585,1617,4,"Excellent service, will ride again.",2024-03-11 05:46:01
61,62,82,1817,327,4,Very comfortable ride.,2023-11-01 19:00:45
63,64,84,510,1817,3,"Great driver, very professional!",2023-05-30 16:53:58
64,65,86,475,1091,4,Very comfortable ride.,2022-08-12 03:18:01
65,66,86,1091,475,4,Very clean car.,2022-08-12 02:05:01
68,69,90,318,679,2,"Excellent service, will ride again.",2023-05-02 02:46:21
69,70,92,679,1011,4,Super friendly and helpful.,2022-06-05 02:34:20
72,73,95,2,1127,4,"Excellent service, will ride again.",2022-01-19 15:10:44
74,75,100,1500,515,4,"5 stars, highly recommend!",2022-07-09 05:35:15
75,76,101,327,1500,3,"Smooth ride, on time.",2022-05-24 19:49:17
76,77,104,5,1500,4,Very clean car.,2023-06-16 00:21:07
77,78,105,1500,542,3,Nothing to complain about.,2022-03-01 23:00:14
78,79,106,448,1500,4,Super friendly and helpful.,2023-12-14 17:42:01
79,80,107,1500,1987,4,"Great driver, very professional!",2022-08-25 22:00:05
80,81,107,1987,1500,3,"Great driver, very professional!",2022-08-25 21:18:05
82,83,111,212,1497,4,"5 stars, highly recommend!",2023-06-25 04:37:34
83,84,112,421,40,3,Acceptable ride.,2023-09-23 20:38:23
84,85,112,40,421,3,"Smooth ride, on time.",2023-09-23 20:42:23
85,86,113,421,24,4,"Great driver, very professional!",2022-04-06 11:11:56
86,87,113,24,421,4,"Excellent service, will ride again.",2022-04-06 12:47:56
87,88,114,421,235,4,"Perfect trip, no issues.",2023-02-27 00:40:19
88,89,115,421,97,4,Car was spotless.,2023-12-29 21:33:45
90,91,117,421,1975,3,Decent experience.,2022-02-06 18:46:35
91,92,117,1975,421,4,"Excellent service, will ride again.",2022-02-06 17:33:35
92,93,118,421,997,4,"Quick and efficient, thanks!",2023-11-27 15:00:59
95,96,120,947,421,4,"Smooth ride, on time.",2024-06-28 22:34:58
96,97,121,421,1795,4,Very courteous driver.,2024-01-13 02:15:30
100,101,128,421,1162,5,Very comfortable ride.,2022-01-08 16:33:53
101,102,128,1162,421,3,Very clean car.,2022-01-08 15:09:53
102,103,130,421,97,4,Super friendly and helpful.,2022-03-25 06:50:08
105,106,134,142,421,3,Super friendly and helpful.,2024-01-13 17:35:25
107,108,139,421,104,3,Got there safely.,2022-08-17 22:16:19
110,111,140,1492,421,3,"Excellent service, will ride again.",2024-04-09 02:21:56
112,113,142,551,1237,5,Fast and safe driver.,2023-02-04 16:37:36
113,114,143,551,995,4,"Great driver, very professional!",2024-02-28 01:49:06
114,115,144,1590,551,2,"Smooth ride, on time.",2024-03-18 10:21:32
115,116,147,551,1825,4,Very comfortable ride.,2023-09-09 12:09:17
116,117,148,551,1248,5,"Easy pickup, no problems.",2023-05-12 09:40:19
118,119,150,551,120,4,"5 stars, highly recommend!",2022-05-13 14:06:47
119,120,150,120,551,3,Super friendly and helpful.,2022-05-13 15:17:47
122,123,152,1100,551,3,"Great driver, very professional!",2022-11-20 04:36:20
123,124,153,551,1984,3,Got there safely.,2022-09-16 02:04:47
124,125,153,1984,551,4,"Excellent service, will ride again.",2022-09-16 04:10:47
126,127,156,455,1956,4,Very clean car.,2024-01-01 04:17:22
127,128,157,907,995,3,Average experience.,2022-09-01 22:19:46
130,131,161,907,1302,5,Fast and safe driver.,2022-08-08 22:45:37
131,132,163,207,907,3,"Smooth ride, on time.",2022-01-30 09:16:51
132,133,167,65,907,4,Very clean car.,2022-09-10 19:03:00
133,134,168,907,434,4,Loved the music selection!,2023-01-01 03:14:09
134,135,168,434,907,4,"Excellent service, will ride again.",2023-01-01 03:34:09
135,136,169,907,1555,3,Decent experience.,2023-07-20 17:57:24
136,137,174,309,778,3,Got there safely.,2023-09-24 22:34:16
137,138,176,309,612,4,"Great rider, very polite.",2022-01-01 22:10:56
140,141,177,1310,309,4,"Excellent service, will ride again.",2022-09-18 21:16:16
141,142,179,309,1775,5,"Perfect trip, no issues.",2024-02-10 08:38:54
143,144,182,309,467,4,Super friendly and helpful.,2024-03-07 05:30:08
144,145,183,309,677,3,Trip was okay.,2024-06-02 04:20:19
145,146,184,309,2,4,Super friendly and helpful.,2023-12-20 14:44:34
146,147,184,2,309,4,"Great driver, very professional!",2023-12-20 15:30:34
147,148,185,309,448,5,Loved the music selection!,2023-10-24 20:57:34
149,150,194,1056,351,4,"Smooth ride, on time.",2022-10-20 16:56:46
151,152,196,1056,469,2,Took too long.,2022-03-05 17:30:41
155,156,200,1056,664,3,Decent experience.,2023-07-29 08:57:32
157,158,203,1056,288,3,"OK trip, nothing special.",2024-05-28 16:07:47
158,159,204,564,1056,3,"Great driver, very professional!",2024-05-26 13:19:35
161,162,207,759,308,2,"Great driver, very professional!",2022-10-28 19:58:30
163,164,211,308,506,4,"Perfect trip, no issues.",2022-08-14 19:18:42
164,165,212,1890,308,4,Super friendly and helpful.,2024-06-15 08:58:28
165,166,213,1623,308,3,"Great driver, very professional!",2023-09-27 09:19:41
166,167,214,308,1108,3,Nothing to complain about.,2022-10-02 19:33:53
167,168,214,1108,308,2,Very clean car.,2022-10-02 21:09:53
168,169,215,308,271,5,"Great rider, very polite.",2023-11-17 22:10:55
169,170,217,697,310,3,Very clean car.,2024-03-22 16:54:51
171,172,225,1162,1697,4,"Smooth ride, on time.",2022-05-10 09:56:07
173,174,228,1697,40,3,Nothing to complain about.,2024-01-02 05:24:24
175,176,231,1697,194,4,"5 stars, highly recommend!",2023-07-24 05:07:01
176,177,233,1697,192,4,"Easy pickup, no problems.",2023-05-13 13:36:48
177,178,234,1697,957,2,Not very clean.,2023-04-09 11:35:07
178,179,235,1697,1131,3,Fine driver.,2024-02-21 22:47:17
182,183,240,409,433,3,Acceptable ride.,2022-03-04 00:57:11
184,185,241,1443,1270,4,"Great driver, very professional!",2023-06-05 08:56:34
185,186,242,1270,125,4,"Smooth ride, on time.",2022-08-07 23:19:05
186,187,243,1270,1544,4,Very comfortable ride.,2023-04-19 23:01:48
187,188,245,139,1270,4,"Great driver, very professional!",2022-10-09 02:31:45
189,190,248,1270,1993,2,Took a longer route.,2023-05-26 02:43:34
191,192,249,860,1270,3,"Excellent service, will ride again.",2023-01-23 03:19:24
192,193,250,1270,293,4,"Easy pickup, no problems.",2023-06-27 22:32:05
193,194,250,293,1270,3,"Smooth ride, on time.",2023-06-27 22:41:05
195,196,255,1270,1135,4,"Great rider, very polite.",2023-09-06 19:24:41
198,199,258,602,1946,4,Super friendly and helpful.,2023-02-28 10:20:04
199,200,259,506,1946,4,Super friendly and helpful.,2023-11-29 13:30:49
200,201,263,1286,1021,2,"Great driver, very professional!",2022-05-05 07:04:33
201,202,264,1021,1311,4,Very courteous driver.,2023-01-13 03:12:41
202,203,267,1021,201,5,"Great driver, very professional!",2022-08-25 19:24:21
206,207,270,1021,1128,3,Trip was okay.,2022-01-16 20:09:45
207,208,270,1128,1021,3,"Smooth ride, on time.",2022-01-16 21:43:45
208,209,272,1021,996,3,Got there safely.,2023-12-24 18:01:19
210,211,273,1794,1021,4,"Smooth ride, on time.",2023-03-10 13:48:30
213,214,277,391,1035,5,"5 stars, highly recommend!",2023-09-20 03:32:01
214,215,278,391,1965,3,Average experience.,2023-07-23 09:09:47
215,216,280,391,1623,4,"Great driver, very professional!",2022-07-28 05:19:17
218,219,288,482,201,5,"Great driver, very professional!",2023-05-08 12:40:18
219,220,288,201,482,3,"Great driver, very professional!",2023-05-08 12:47:18
221,222,290,851,1450,4,Very clean car.,2024-02-20 09:45:27
223,224,293,381,585,4,Loved the music selection!,2022-03-20 21:46:52
225,226,297,119,1553,4,Very clean car.,2022-05-24 10:00:13
226,227,298,1553,630,2,Had trouble finding the pickup spot.,2022-02-05 15:29:09
229,230,301,1443,1553,3,"Excellent service, will ride again.",2022-05-25 08:16:18
230,231,303,1929,1955,5,Very courteous driver.,2023-03-13 12:47:52
231,232,307,1929,986,4,Car was spotless.,2022-01-09 02:52:30
233,234,309,1350,1929,4,Super friendly and helpful.,2023-04-28 22:57:12
235,236,311,1654,1929,2,"Great driver, very professional!",2023-07-20 15:25:31
237,238,314,974,1929,4,"Excellent service, will ride again.",2023-11-14 15:10:51
238,239,316,1929,1001,5,Loved the music selection!,2023-09-13 22:32:35
239,240,316,1001,1929,3,"Excellent service, will ride again.",2023-09-13 23:20:35
240,241,318,1929,593,4,"5 stars, highly recommend!",2023-02-28 15:53:44
242,243,320,1207,1929,3,Very clean car.,2023-08-08 21:10:46
244,245,322,5,1929,3,Very clean car.,2022-10-29 00:05:54
245,246,323,1929,1197,5,"5 stars, highly recommend!",2023-10-02 19:51:30
247,248,326,1929,488,3,"OK trip, nothing special.",2022-08-03 17:24:42
249,250,328,417,1649,2,Driver was rude.,2023-02-25 21:08:46
251,252,329,417,1558,5,Fast and safe driver.,2022-11-27 17:07:35
255,256,334,417,957,3,Nothing to complain about.,2022-07-13 18:12:33
256,257,335,417,1356,5,"5 stars, highly recommend!",2022-05-09 16:21:44
257,258,335,1356,417,3,"Great driver, very professional!",2022-05-09 17:08:44
259,260,338,136,417,3,Super friendly and helpful.,2023-07-19 08:24:02
260,261,340,417,1011,4,"5 stars, highly recommend!",2024-05-20 12:59:59
261,262,341,1198,417,4,"Smooth ride, on time.",2024-05-12 03:26:04
262,263,345,417,1373,5,Super friendly and helpful.,2022-04-05 11:35:50
263,264,346,651,1386,4,Very courteous driver.,2022-09-13 03:04:59
269,270,356,1592,1471,3,Nothing to complain about.,2023-09-14 19:22:01
270,271,357,1592,62,4,Car was spotless.,2024-06-19 16:22:13
271,272,357,62,1592,3,"Smooth ride, on time.",2024-06-19 16:06:13
273,274,358,461,1592,3,Very clean car.,2024-06-26 07:59:36
274,275,359,1592,1328,4,"Smooth ride, on time.",2024-04-14 21:22:12
275,276,359,1328,1592,4,"Smooth ride, on time.",2024-04-14 22:11:12
276,277,360,412,627,4,Very clean car.,2022-01-20 16:56:08
277,278,361,627,883,4,"Quick and efficient, thanks!",2023-10-17 00:15:05
278,279,361,883,627,3,"Smooth ride, on time.",2023-10-17 00:19:05
279,280,362,627,1968,5,Very comfortable ride.,2023-07-26 04:01:05
281,282,364,217,1053,2,Driver was rude.,2024-05-13 22:03:15
282,283,364,1053,217,4,Very clean car.,2024-05-13 22:44:15
283,284,365,1149,452,3,Nothing to complain about.,2022-11-25 04:17:33
286,287,367,104,913,4,"Excellent service, will ride again.",2022-02-27 08:37:52
289,290,370,1290,1700,4,Very courteous driver.,2023-09-15 02:41:20
290,291,370,1700,1290,4,"Excellent service, will ride again.",2023-09-15 03:53:20
291,292,371,1290,1736,4,"Easy pickup, no problems.",2023-06-08 07:52:36
292,293,372,766,1290,3,"Smooth ride, on time.",2022-04-26 18:16:17
293,294,373,1290,1948,5,Very clean car.,2022-11-14 00:50:44
294,295,374,1937,1290,4,Very clean car.,2023-03-19 21:35:27
295,296,375,1290,318,5,Very courteous driver.,2022-01-17 04:19:53
296,297,376,1555,1290,4,Super friendly and helpful.,2023-10-05 05:28:03
298,299,378,1290,664,4,"Perfect trip, no issues.",2024-02-10 01:51:41
299,300,378,664,1290,5,"Great driver, very professional!",2024-02-10 00:42:41
300,301,379,1290,929,3,Decent experience.,2023-02-27 11:20:21
301,302,380,1290,1410,5,"Smooth ride, on time.",2023-11-16 07:32:57
302,303,381,1290,957,4,"Excellent service, will ride again.",2022-05-17 13:45:40
304,305,382,1290,510,2,Driver was rude.,2023-11-23 11:21:39
305,306,382,510,1290,4,Very clean car.,2023-11-23 10:50:39
309,310,388,164,1694,4,"Great driver, very professional!",2022-05-07 02:04:37
310,311,389,1302,1694,3,"Excellent service, will ride again.",2023-06-30 13:23:24
311,312,391,1694,1651,5,"Easy pickup, no problems.",2022-06-06 01:41:25
315,316,397,741,108,4,"Smooth ride, on time.",2022-10-30 13:54:12
318,319,401,1429,1091,4,"5 stars, highly recommend!",2022-07-03 03:59:20
320,321,402,1544,1164,3,Super friendly and helpful.,2022-12-11 10:35:08
322,323,405,1196,1164,4,Very clean car.,2022-02-17 22:48:20
323,324,408,1164,1035,4,"Great rider, very polite.",2023-09-20 13:40:39
325,326,411,1164,957,4,Very clean car.,2023-07-12 22:24:22
327,328,414,1164,789,3,Trip was okay.,2023-11-24 21:59:35
328,329,414,789,1164,4,Super friendly and helpful.,2023-11-24 20:58:35
329,330,415,1164,866,4,"Great driver, very professional!",2023-04-25 05:34:59
330,331,415,866,1164,4,"Excellent service, will ride again.",2023-04-25 04:12:59
332,333,418,1869,1164,4,Super friendly and helpful.,2022-02-22 16:20:18
334,335,421,1413,1257,3,Super friendly and helpful.,2023-03-24 16:41:48
336,337,428,1257,1981,5,"Excellent service, will ride again.",2022-10-31 14:57:53
338,339,431,1257,693,3,Nothing to complain about.,2023-09-09 08:26:29
339,340,432,1257,1981,4,Fast and safe driver.,2022-05-03 19:01:04
340,341,435,40,1257,3,Super friendly and helpful.,2022-08-10 03:39:37
342,343,438,1257,1134,3,Decent experience.,2023-04-03 13:30:16
343,344,439,1257,1724,3,Acceptable ride.,2024-03-24 05:48:51
345,346,441,860,1257,4,"Great driver, very professional!",2022-11-30 02:30:03
347,348,443,1257,15,4,Loved the music selection!,2023-09-08 18:29:54
351,352,450,1720,759,4,Car was spotless.,2023-01-01 05:07:15
352,353,450,759,1720,4,Very clean car.,2023-01-01 06:01:15
356,357,457,702,1197,3,Acceptable ride.,2022-06-15 03:42:37
357,358,458,702,647,4,Car was spotless.,2022-08-31 19:35:04
358,359,458,647,702,4,Very clean car.,2022-08-31 19:27:04
360,361,460,702,1684,3,Got there safely.,2023-12-07 14:49:25
366,367,470,702,1207,4,"Great rider, very polite.",2024-02-09 06:38:57
367,368,470,1207,702,4,Super friendly and helpful.,2024-02-09 05:59:57
370,371,472,1293,702,1,"Great driver, very professional!",2022-01-12 10:39:32
375,376,480,872,630,2,Driver was late.,2022-06-28 15:57:23
376,377,481,872,190,4,"Excellent service, will ride again.",2023-10-26 13:34:46
377,378,481,190,872,4,"Great driver, very professional!",2023-10-26 13:15:46
379,380,483,1084,1269,5,"Smooth ride, on time.",2023-12-28 03:04:45
381,382,488,1999,1909,3,"Excellent service, will ride again.",2023-11-17 16:02:17
382,383,492,622,1984,3,"OK trip, nothing special.",2024-05-05 19:06:39
385,386,494,622,1608,3,Trip was okay.,2023-07-16 19:13:18
386,387,495,622,957,5,Very comfortable ride.,2022-12-07 04:47:22
387,388,497,1549,878,4,Car was spotless.,2022-09-11 19:35:08
388,389,498,1549,408,2,Had trouble finding the pickup spot.,2022-11-08 10:57:30
389,390,498,408,1549,3,Super friendly and helpful.,2022-11-08 12:08:30
390,391,499,1549,1227,5,Super friendly and helpful.,2023-04-13 13:31:10
391,392,499,1227,1549,3,"Great driver, very professional!",2023-04-13 13:29:10
395,396,507,1549,52,4,"Perfect trip, no issues.",2023-01-04 17:04:42
399,400,513,393,1186,3,Super friendly and helpful.,2022-07-02 11:28:07
400,401,514,1186,1206,5,"Quick and efficient, thanks!",2022-02-02 09:30:05
401,402,515,1186,412,3,Nothing to complain about.,2023-07-26 10:48:40
402,403,516,705,1186,3,Super friendly and helpful.,2023-06-07 16:49:39
403,404,517,1186,1380,3,Trip was okay.,2023-10-21 15:38:26
404,405,518,1186,1881,5,Very clean car.,2022-03-25 21:00:31
406,407,523,1186,544,5,"Easy pickup, no problems.",2022-03-09 22:56:40
409,410,528,1186,293,4,"Excellent service, will ride again.",2023-04-22 21:06:39
410,411,529,1186,1117,4,Super friendly and helpful.,2023-09-24 11:56:59
411,412,530,1186,1343,4,"Excellent service, will ride again.",2024-05-30 01:26:34
413,414,534,1186,759,4,"Great driver, very professional!",2022-08-15 16:07:31
414,415,534,759,1186,4,"Smooth ride, on time.",2022-08-15 17:25:31
415,416,535,1186,1324,3,Got there safely.,2023-12-28 14:57:27
416,417,536,1186,1477,4,Fast and safe driver.,2024-02-04 06:47:43
417,418,538,1186,1606,4,Very comfortable ride.,2024-02-20 13:21:52
418,419,539,1606,1186,3,Very clean car.,2023-02-10 17:12:25
420,421,541,1492,1186,3,Very clean car.,2022-08-23 14:54:43
421,422,542,1186,498,4,Car was spotless.,2022-03-20 19:59:30
423,424,543,570,1186,3,"Smooth ride, on time.",2023-09-28 05:40:18
424,425,544,1186,1841,4,"Easy pickup, no problems.",2022-10-16 10:14:32
425,426,545,1186,1324,3,Got there safely.,2022-03-16 01:26:11
427,428,549,1186,1991,3,"OK trip, nothing special.",2022-07-11 22:29:53
432,433,552,1492,1186,3,Super friendly and helpful.,2023-09-11 12:58:48
433,434,553,1186,940,5,Very clean car.,2023-01-25 07:46:30
434,435,553,940,1186,3,"Smooth ride, on time.",2023-01-25 07:35:30
436,437,554,1507,1186,3,"Great driver, very professional!",2024-01-05 23:58:10
437,438,555,1186,1060,3,Got there safely.,2024-01-28 06:15:30
440,441,561,1186,1812,3,"OK trip, nothing special.",2023-07-22 01:48:29
441,442,566,1186,132,3,Trip was okay.,2022-05-27 16:46:14
444,445,572,1186,957,4,Very comfortable ride.,2023-11-09 13:31:33
445,446,573,1186,147,4,Very comfortable ride.,2022-04-16 18:23:37
446,447,575,1410,1186,4,Very clean car.,2022-05-12 13:57:01
447,448,577,1186,1099,4,"Smooth ride, on time.",2023-07-17 10:17:16
448,449,578,1186,585,4,"5 stars, highly recommend!",2023-07-27 09:34:29
450,451,584,1373,1186,2,"Smooth ride, on time.",2022-05-19 10:51:06
453,454,590,1186,1141,4,Loved the music selection!,2023-05-21 21:51:51
454,455,592,1186,199,4,Super friendly and helpful.,2023-07-01 10:22:44
457,458,598,1186,1775,5,"Quick and efficient, thanks!",2023-05-14 15:57:17
458,459,599,1186,1547,5,Very courteous driver.,2023-12-13 15:07:57
459,460,600,665,1186,3,Super friendly and helpful.,2022-10-19 05:32:57
462,463,603,1380,1186,3,"Great driver, very professional!",2022-03-19 03:53:03
467,468,609,1186,1825,5,Very clean car.,2022-06-09 12:21:49
468,469,610,1352,1186,3,"Smooth ride, on time.",2022-01-11 18:55:28
469,470,612,726,738,3,Super friendly and helpful.,2023-12-01 10:50:22
471,472,616,1400,738,3,Very clean car.,2022-06-02 23:27:47
472,473,617,738,898,3,Acceptable ride.,2023-01-02 09:34:08
477,478,626,738,1825,4,"Great rider, very polite.",2022-10-24 08:07:06
480,481,630,408,738,4,Very clean car.,2022-01-10 15:01:28
481,482,631,738,1413,4,"Excellent service, will ride again.",2023-06-23 07:50:19
482,483,631,1413,738,2,"Excellent service, will ride again.",2023-06-23 09:39:19
483,484,632,738,1574,3,Average experience.,2024-06-18 05:08:54
484,485,632,1574,738,3,"Great driver, very professional!",2024-06-18 06:58:54
486,487,634,738,436,5,Very comfortable ride.,2024-06-22 22:45:56
487,488,635,738,97,4,Very courteous driver.,2023-04-25 11:24:44
489,490,637,738,1574,3,Average experience.,2024-01-27 09:39:17
490,491,638,738,1328,4,Super friendly and helpful.,2024-04-26 16:39:39
493,494,642,738,777,4,Car was spotless.,2023-02-08 02:31:25
494,495,642,777,738,2,Super friendly and helpful.,2023-02-08 04:57:25
495,496,646,467,738,3,"Smooth ride, on time.",2022-07-19 12:22:38
496,497,647,1937,738,2,"Smooth ride, on time.",2022-06-12 07:36:17
497,498,648,738,1781,3,Acceptable ride.,2022-06-21 19:09:28
498,499,652,738,748,4,"Excellent service, will ride again.",2022-07-20 03:27:21
500,501,655,738,898,3,Decent experience.,2023-01-21 06:49:49
506,507,670,1763,1924,2,"Smooth ride, on time.",2022-05-25 21:28:29
508,509,674,1584,1924,4,"Great driver, very professional!",2022-02-12 02:08:28
509,510,675,1924,860,5,"Great driver, very professional!",2022-07-19 20:25:40
512,513,681,941,1924,4,Very clean car.,2023-05-07 05:16:37
513,514,682,1924,1331,4,"Excellent service, will ride again.",2023-02-07 19:29:49
515,516,684,104,1924,3,"Smooth ride, on time.",2024-04-06 15:00:36
516,517,685,1924,664,3,Acceptable ride.,2024-02-11 21:39:13
517,518,687,902,974,5,Loved the music selection!,2023-11-07 22:35:26
518,519,688,264,452,5,Loved the music selection!,2022-08-11 18:05:13
519,520,688,452,264,2,"Great driver, very professional!",2022-08-11 18:49:13
521,522,689,1394,264,3,Super friendly and helpful.,2022-07-24 15:02:29
522,523,690,264,162,5,Very courteous driver.,2024-04-05 05:46:12
523,524,691,264,1380,4,"Quick and efficient, thanks!",2024-02-15 20:07:00
524,525,692,1889,264,4,Very clean car.,2023-07-05 00:05:08
525,526,693,1640,264,2,Super friendly and helpful.,2023-11-14 16:44:30
526,527,695,264,494,5,Very clean car.,2023-03-09 04:56:26
527,528,697,264,331,4,Very clean car.,2023-07-08 21:40:01
528,529,698,1482,264,4,Super friendly and helpful.,2022-11-17 13:54:07
531,532,702,264,192,4,Car was spotless.,2022-06-23 02:38:40
534,535,703,941,264,4,"Excellent service, will ride again.",2022-03-22 10:30:30
536,537,704,1170,264,4,"Great driver, very professional!",2024-01-10 23:52:37
537,538,705,264,1507,5,"Quick and efficient, thanks!",2023-08-03 16:43:29
538,539,705,1507,264,3,"Great driver, very professional!",2023-08-03 16:40:29
542,543,717,264,1947,4,Very clean car.,2024-05-25 16:42:56
543,544,719,264,52,4,"5 stars, highly recommend!",2023-11-27 09:35:35
545,546,721,539,264,3,"Smooth ride, on time.",2022-08-17 19:19:07
546,547,722,1100,264,3,"Smooth ride, on time.",2022-11-09 04:55:13
549,550,726,264,1869,4,Super friendly and helpful.,2022-01-11 18:15:10
552,553,729,485,264,4,"Smooth ride, on time.",2023-11-17 11:31:50
553,554,732,264,147,2,Car smelled bad.,2024-01-13 14:34:51
556,557,734,412,264,5,"Excellent service, will ride again.",2023-01-25 11:40:44
560,561,739,264,1394,3,Trip was okay.,2023-11-15 19:38:16
561,562,742,264,1302,4,"Smooth ride, on time.",2024-04-02 03:45:31
562,563,743,919,264,3,"Excellent service, will ride again.",2022-04-30 17:33:14
564,565,746,264,1841,4,Very comfortable ride.,2023-01-07 11:26:12
566,567,749,264,1311,3,Decent experience.,2023-05-09 03:47:49
567,568,750,264,1356,4,"Easy pickup, no problems.",2023-05-25 21:19:53
568,569,751,593,264,4,Super friendly and helpful.,2023-07-07 03:46:04
570,571,753,264,1471,4,"Quick and efficient, thanks!",2023-04-22 05:23:03
571,572,756,1336,264,3,Very clean car.,2022-07-17 16:49:50
573,574,758,1987,1635,4,Super friendly and helpful.,2022-05-26 22:36:58
574,575,760,1479,756,2,"Smooth ride, on time.",2023-01-01 03:47:24
577,578,763,756,1044,4,Loved the music selection!,2022-08-06 02:49:39
579,580,766,756,147,3,Trip was okay.,2024-01-10 04:18:43
580,581,769,756,31,5,Car was spotless.,2024-01-05 05:00:53
582,583,770,756,932,4,Car was spotless.,2024-01-06 00:47:11
583,584,770,932,756,4,"Great driver, very professional!",2024-01-06 01:23:11
584,585,771,756,1649,3,Trip was okay.,2022-06-23 22:31:34
589,590,777,1301,756,4,Super friendly and helpful.,2022-03-03 10:32:45
590,591,779,1968,756,4,Very clean car.,2023-01-11 00:07:20
591,592,782,1995,756,3,Super friendly and helpful.,2024-06-02 19:03:08
592,593,783,567,1894,4,"5 stars, highly recommend!",2023-05-05 00:26:37
593,594,784,359,187,5,Super friendly and helpful.,2022-05-24 20:36:37
594,595,786,705,1784,3,Super friendly and helpful.,2022-03-13 23:17:42
595,596,787,1784,1948,4,"Great rider, very polite.",2022-08-19 21:36:30
596,597,788,1784,1001,4,Very comfortable ride.,2023-09-05 09:48:21
597,598,788,1001,1784,3,"Smooth ride, on time.",2023-09-05 09:47:21
599,600,789,1328,1784,4,"Excellent service, will ride again.",2023-12-28 19:27:15
601,602,791,1812,1784,4,Super friendly and helpful.,2023-04-26 14:18:09
603,604,793,331,1784,3,Super friendly and helpful.,2023-08-14 22:14:36
604,605,794,1784,969,3,Nothing to complain about.,2023-01-16 17:03:12
605,606,795,1784,494,4,"Easy pickup, no problems.",2023-02-25 05:41:49
606,607,795,494,1784,3,Very clean car.,2023-02-25 08:00:49
608,609,798,1784,202,4,"5 stars, highly recommend!",2023-01-31 21:48:23
610,611,800,1654,35,3,"Great driver, very professional!",2023-01-20 16:03:34
611,612,802,35,1865,5,Loved the music selection!,2022-04-30 09:02:26
612,613,802,1865,35,4,"Great driver, very professional!",2022-04-30 10:12:26
613,614,803,35,1991,3,"OK trip, nothing special.",2022-06-04 11:12:50
614,615,803,1991,35,4,"Excellent service, will ride again.",2022-06-04 13:02:50
616,617,806,35,430,4,"Great driver, very professional!",2023-09-12 17:07:59
619,620,809,35,834,4,Very courteous driver.,2024-05-08 06:22:45
622,623,812,35,1492,5,Super friendly and helpful.,2022-12-29 16:17:10
623,624,814,35,959,4,Very clean car.,2023-08-24 03:01:28
624,625,815,690,820,3,Very clean car.,2023-10-02 05:37:24
625,626,816,1122,1865,3,Decent experience.,2023-11-19 08:23:34
629,630,825,1122,494,5,Very clean car.,2022-05-01 15:22:30
630,631,826,1122,31,5,"Perfect trip, no issues.",2022-10-31 08:24:20
631,632,827,1122,1889,3,Average experience.,2022-05-05 17:25:07
632,633,829,1122,1471,4,"Perfect trip, no issues.",2022-02-15 03:01:47
633,634,829,1471,1122,2,"Great driver, very professional!",2022-02-15 03:09:47
635,636,833,1122,62,4,Very clean car.,2022-10-23 12:28:54
636,637,833,62,1122,3,"Excellent service, will ride again.",2022-10-23 12:50:54
637,638,836,1210,1122,4,"Smooth ride, on time.",2022-07-23 09:36:55
638,639,837,1187,1122,3,"Great driver, very professional!",2023-01-22 18:25:21
642,643,842,539,1122,3,Very clean car.,2024-01-13 16:11:33
644,645,847,1118,1492,5,"Easy pickup, no problems.",2023-06-12 15:21:03
645,646,847,1492,1118,4,"Excellent service, will ride again.",2023-06-12 15:40:03
646,647,848,1118,446,4,"Easy pickup, no problems.",2022-05-23 15:59:55
649,650,849,1562,1118,3,"Smooth ride, on time.",2023-04-25 08:00:58
650,651,853,1118,40,5,"Smooth ride, on time.",2022-03-23 23:44:06
652,653,855,48,485,4,"Easy pickup, no problems.",2023-08-01 18:54:37
653,654,856,932,48,3,"Great driver, very professional!",2022-02-20 11:56:56
658,659,861,1509,1024,3,Very clean car.,2023-05-07 17:39:50
663,664,866,1024,1558,2,Driver was rude.,2023-01-09 12:21:47
666,667,870,1386,1024,3,Super friendly and helpful.,2023-03-02 09:53:42
667,668,871,1024,866,3,"OK trip, nothing special.",2024-05-25 19:21:07
668,669,871,866,1024,4,"Excellent service, will ride again.",2024-05-25 20:33:07
669,670,872,147,1024,4,Very clean car.,2023-02-12 10:00:32
673,674,876,1034,1965,3,Trip was okay.,2024-03-27 13:05:55
675,676,878,1196,1034,4,"Great driver, very professional!",2024-02-23 22:04:40
676,677,879,1034,925,4,"Easy pickup, no problems.",2022-10-08 19:54:55
678,679,880,1034,1040,4,Very comfortable ride.,2022-02-18 21:53:23
682,683,885,1719,1237,3,Trip was okay.,2023-06-07 13:32:12
684,685,887,351,1719,3,"Excellent service, will ride again.",2024-05-23 21:41:16
685,686,888,1719,448,5,Loved the music selection!,2024-06-24 23:21:52
686,687,888,448,1719,4,"Excellent service, will ride again.",2024-06-24 23:03:52
687,688,889,1719,139,5,"Great driver, very professional!",2022-12-22 15:33:49
688,689,891,1719,1775,5,Very comfortable ride.,2023-07-11 13:35:28
689,690,893,1719,941,3,Trip was okay.,2022-09-21 22:46:59
690,691,895,1719,608,4,Loved the music selection!,2023-12-03 09:16:53
693,694,897,1461,1719,5,"Excellent service, will ride again.",2023-01-11 00:36:07
694,695,898,643,1719,3,"Great driver, very professional!",2022-07-18 04:44:39
697,698,903,1719,1869,3,Decent experience.,2023-10-05 03:00:40
703,704,915,1719,1605,3,Got there safely.,2023-10-29 22:25:05
704,705,917,1719,748,3,Nothing to complain about.,2024-01-23 14:57:02
705,706,917,748,1719,5,"Excellent service, will ride again.",2024-01-23 14:10:02
706,707,918,1719,800,4,"Easy pickup, no problems.",2024-01-16 22:44:49
707,708,919,1719,1131,5,"Smooth ride, on time.",2022-10-27 01:58:18
708,709,919,1131,1719,3,"Excellent service, will ride again.",2022-10-27 03:05:18
709,710,921,1719,1702,3,"OK trip, nothing special.",2023-06-17 20:42:57
711,712,922,842,1719,3,Super friendly and helpful.,2022-03-15 19:49:04
713,714,923,608,1719,3,"Excellent service, will ride again.",2022-08-24 21:51:29
714,715,925,1719,1023,3,Acceptable ride.,2023-02-21 18:54:49
717,718,929,1479,1719,3,Super friendly and helpful.,2023-06-13 03:22:52
718,719,930,1030,1719,4,"Great driver, very professional!",2023-09-14 21:31:04
719,720,931,1719,1752,4,"Perfect trip, no issues.",2022-10-20 13:39:29
721,722,934,1437,1719,2,Super friendly and helpful.,2023-09-08 06:34:19
722,723,935,1719,549,5,"5 stars, highly recommend!",2022-12-14 16:33:02
726,727,942,1719,1894,3,"OK trip, nothing special.",2024-06-19 22:54:56
728,729,943,1719,1584,5,"Quick and efficient, thanks!",2023-04-26 03:17:49
730,731,944,1947,1719,3,"Great driver, very professional!",2022-11-24 09:20:00
732,733,945,55,1719,4,Very clean car.,2023-04-02 13:00:55
734,735,949,339,1719,3,"Great driver, very professional!",2022-11-10 21:50:20
735,736,950,1719,1100,4,Super friendly and helpful.,2024-03-31 09:42:05
736,737,950,1100,1719,4,"Smooth ride, on time.",2024-03-31 09:20:05
737,738,952,1719,1311,3,Fine driver.,2022-05-05 02:35:53
738,739,953,1719,705,5,"Smooth ride, on time.",2023-12-04 16:53:47
742,743,958,1030,1719,4,Super friendly and helpful.,2023-05-07 13:55:11
746,747,963,616,1492,4,Fast and safe driver.,2024-03-01 23:06:04
748,749,964,616,1699,3,Fine driver.,2024-06-17 01:30:34
749,750,964,1699,616,4,"Smooth ride, on time.",2024-06-17 03:01:34
752,753,969,1324,1957,3,"Great driver, very professional!",2024-06-05 18:27:38
753,754,970,1957,256,5,"Easy pickup, no problems.",2022-08-05 18:34:34
755,756,972,1267,1957,4,"Smooth ride, on time.",2023-02-11 00:11:57
760,761,981,1957,1983,4,Very comfortable ride.,2022-05-28 16:21:04
762,763,982,1206,1957,4,"Smooth ride, on time.",2023-03-02 21:26:30
763,764,984,1957,176,4,Car was spotless.,2023-10-07 01:32:54
764,765,985,1957,341,5,"5 stars, highly recommend!",2023-11-19 01:08:11
765,766,986,1957,1170,3,Fine driver.,2023-05-01 04:15:47
766,767,986,1170,1957,4,"Smooth ride, on time.",2023-05-01 03:50:47
768,769,990,1957,941,4,Fast and safe driver.,2022-05-27 12:12:02
770,771,995,331,1957,3,"Excellent service, will ride again.",2023-03-09 18:19:31
772,773,998,1957,1532,3,Nothing to complain about.,2024-03-25 22:19:33
773,774,1001,1957,891,4,"Excellent service, will ride again.",2022-03-22 20:36:13
774,775,1002,55,1957,2,"Great driver, very professional!",2022-07-14 02:11:48
777,778,1005,1053,1957,4,"Excellent service, will ride again.",2024-05-17 09:45:36
778,779,1006,1026,1957,4,Super friendly and helpful.,2024-04-08 20:08:59
780,781,1007,834,1957,3,"Smooth ride, on time.",2023-09-08 03:58:25
781,782,1009,898,1957,2,Super friendly and helpful.,2023-12-16 13:06:16
782,783,1010,1957,1795,3,Acceptable ride.,2024-03-11 07:09:00
784,785,1011,1105,1957,3,Super friendly and helpful.,2023-09-09 23:25:14
785,786,1012,1273,1605,4,"5 stars, highly recommend!",2022-02-16 22:04:30
786,787,1012,1605,1273,3,Very clean car.,2022-02-16 22:06:30
787,788,1013,972,1509,4,Very courteous driver.,2023-11-30 08:40:56
788,789,1015,972,1443,4,"5 stars, highly recommend!",2023-06-18 01:43:19
789,790,1016,972,430,3,"OK trip, nothing special.",2022-02-01 11:15:38
790,791,1016,430,972,2,"Smooth ride, on time.",2022-02-01 09:50:38
791,792,1017,972,1026,4,"Great rider, very polite.",2024-01-07 03:17:12
792,793,1019,146,22,3,"Smooth ride, on time.",2023-02-14 17:32:12
793,794,1021,1351,665,2,Driver was rude.,2022-09-16 07:51:49
797,798,1026,1105,828,3,"Excellent service, will ride again.",2023-10-19 21:36:08
799,800,1030,561,553,4,Super friendly and helpful.,2023-01-14 03:55:44
801,802,1032,303,1781,4,Very comfortable ride.,2023-03-26 17:23:19
802,803,1032,1781,303,2,Very clean car.,2023-03-26 19:28:19
803,804,1034,303,147,3,Acceptable ride.,2024-06-13 07:50:24
806,807,1036,891,424,3,Very clean car.,2023-09-10 18:41:00
807,808,1038,1509,424,3,"Smooth ride, on time.",2023-06-06 05:12:03
809,810,1040,1853,424,4,"Excellent service, will ride again.",2022-02-15 21:54:34
811,812,1044,1197,424,2,Very clean car.,2022-12-15 14:21:28
812,813,1046,424,1355,3,Fine driver.,2023-07-20 19:23:44
813,814,1048,424,1474,3,Nothing to complain about.,2023-09-13 04:55:43
814,815,1048,1474,424,3,Super friendly and helpful.,2023-09-13 05:41:43
815,816,1050,424,1775,5,"Quick and efficient, thanks!",2022-09-26 07:13:59
816,817,1050,1775,424,2,Super friendly and helpful.,2022-09-26 06:13:59
817,818,1052,677,424,2,Super friendly and helpful.,2023-05-12 21:53:04
818,819,1053,424,1471,5,Very comfortable ride.,2022-03-02 20:36:38
819,820,1053,1471,424,3,Very clean car.,2022-03-02 21:44:38
821,822,1057,424,1853,3,Nothing to complain about.,2024-04-29 00:10:18
822,823,1058,424,1139,4,Loved the music selection!,2022-06-24 12:27:07
823,824,1059,424,1331,4,Very courteous driver.,2022-03-01 03:03:10
825,826,1065,424,5,4,"Easy pickup, no problems.",2023-03-20 10:47:19
828,829,1068,424,1606,3,Got there safely.,2022-05-27 02:32:42
829,830,1068,1606,424,2,Super friendly and helpful.,2022-05-27 04:10:42
833,834,1072,1814,424,5,"Excellent service, will ride again.",2023-10-07 09:22:27
838,839,1085,424,782,4,"Perfect trip, no issues.",2023-12-19 23:54:59
839,840,1086,424,1403,3,Decent experience.,2023-04-29 09:06:25
840,841,1087,424,833,3,Acceptable ride.,2023-06-13 16:59:05
841,842,1088,424,1187,3,Nothing to complain about.,2023-03-27 07:06:32
842,843,1088,1187,424,1,Super friendly and helpful.,2023-03-27 06:17:32
844,845,1091,424,776,3,Trip was okay.,2022-05-16 19:18:01
845,846,1091,776,424,3,"Excellent service, will ride again.",2022-05-16 21:28:01
846,847,1092,898,424,4,"Smooth ride, on time.",2024-06-25 10:47:41
847,848,1094,120,424,3,Very clean car.,2023-10-09 15:29:27
848,849,1096,424,643,4,"Great rider, very polite.",2023-07-03 11:20:03
852,853,1099,424,1937,3,Nothing to complain about.,2022-12-27 11:47:54
854,855,1104,424,52,3,Acceptable ride.,2023-08-29 22:41:03
855,856,1106,424,1343,4,"Perfect trip, no issues.",2022-03-28 03:02:58
856,857,1106,1343,424,3,"Great driver, very professional!",2022-03-28 03:38:58
858,859,1108,546,55,4,Car was spotless.,2022-10-01 13:55:42
859,860,1109,1078,860,3,"OK trip, nothing special.",2023-06-08 09:25:18
863,864,1113,1364,1386,3,Fine driver.,2023-12-17 20:43:30
864,865,1114,1343,1364,5,"Great driver, very professional!",2023-08-20 22:00:31
866,867,1115,187,1364,4,"Excellent service, will ride again.",2023-01-20 05:12:58
868,869,1118,1364,883,4,"Excellent service, will ride again.",2023-07-21 10:45:18
872,873,1124,1364,1386,4,Very clean car.,2022-06-22 16:44:44
874,875,1125,1331,1364,3,"Smooth ride, on time.",2024-02-04 01:24:12
875,876,1127,1364,132,5,"Great rider, very polite.",2022-12-22 14:12:22
876,877,1127,132,1364,3,"Great driver, very professional!",2022-12-22 13:47:22
877,878,1128,1364,1206,4,"Quick and efficient, thanks!",2022-06-27 19:20:24
878,879,1131,142,1364,2,Very clean car.,2023-09-29 14:06:32
880,881,1134,834,1364,4,"Excellent service, will ride again.",2024-04-11 12:17:56
884,885,1143,437,452,3,Got there safely.,2024-01-10 15:15:21
885,886,1144,1356,437,3,Very clean car.,2023-01-20 06:13:17
886,887,1145,1373,437,2,Very clean car.,2022-03-27 21:13:25
887,888,1150,437,664,3,Trip was okay.,2024-02-08 17:52:39
889,890,1151,1128,437,4,Very clean car.,2022-08-09 13:32:37
890,891,1153,437,947,5,Loved the music selection!,2022-10-12 14:15:48
891,892,1155,437,1700,4,"Excellent service, will ride again.",2023-10-24 23:37:57
892,893,1155,1700,437,4,Super friendly and helpful.,2023-10-25 00:06:57
893,894,1160,437,1477,5,Super friendly and helpful.,2023-05-21 11:31:30
895,896,1163,327,1613,2,"Excellent service, will ride again.",2023-11-10 13:20:11
896,897,1164,602,1613,4,"Smooth ride, on time.",2024-05-07 15:05:53
897,898,1166,1613,1311,2,Not very clean.,2022-12-17 01:00:40
898,899,1167,342,258,4,Very clean car.,2023-05-21 06:17:44
899,900,1167,258,342,4,"Smooth ride, on time.",2023-05-21 05:27:44
900,901,1169,1516,389,5,"Excellent service, will ride again.",2022-03-05 04:33:09
901,902,1171,1516,117,3,Fine driver.,2023-11-27 17:13:54
902,903,1171,117,1516,4,"Smooth ride, on time.",2023-11-27 17:26:54
904,905,1173,1336,1432,3,"Smooth ride, on time.",2023-07-21 18:42:44
905,906,1175,751,448,5,"Great driver, very professional!",2023-07-06 00:34:34
906,907,1176,751,136,4,Super friendly and helpful.,2023-12-03 05:27:25
907,908,1176,136,751,3,Very clean car.,2023-12-03 05:17:25
909,910,1178,958,1099,5,"Excellent service, will ride again.",2022-02-27 08:24:43
910,911,1178,1099,958,3,"Great driver, very professional!",2022-02-27 08:33:43
911,912,1179,958,833,3,Nothing to complain about.,2023-10-06 07:47:54
912,913,1179,833,958,3,"Smooth ride, on time.",2023-10-06 06:39:54
914,915,1183,1770,408,3,Trip was okay.,2022-07-12 15:28:35
919,920,1188,1770,1403,3,Acceptable ride.,2022-07-14 20:39:21
920,921,1188,1403,1770,3,Super friendly and helpful.,2022-07-14 20:38:21
923,924,1192,1770,1162,4,"Excellent service, will ride again.",2022-11-22 01:14:01
924,925,1193,1865,1770,3,Very clean car.,2022-01-24 02:46:54
926,927,1195,789,1770,3,"Excellent service, will ride again.",2022-12-12 03:17:01
927,928,1196,1770,1248,4,Loved the music selection!,2023-01-10 08:51:54
929,930,1199,1770,1237,3,Trip was okay.,2022-07-24 20:42:06
930,931,1202,1770,585,4,"Great driver, very professional!",2023-07-04 17:01:31
931,932,1204,1770,452,4,Super friendly and helpful.,2024-03-27 07:05:31
932,933,1206,693,1770,4,Very clean car.,2024-02-05 00:46:26
937,938,1212,1841,1770,4,"Excellent service, will ride again.",2023-07-15 16:01:00
939,940,1215,1770,1196,3,"OK trip, nothing special.",2022-02-18 04:50:59
940,941,1216,1324,1770,3,Very clean car.,2022-09-28 16:42:43
941,942,1217,1770,1023,3,Average experience.,2022-12-26 02:34:10
943,944,1218,1770,1301,4,Very clean car.,2024-01-09 11:31:29
944,945,1222,1770,570,4,"Quick and efficient, thanks!",2023-08-08 17:30:43
946,947,1224,1770,908,3,"OK trip, nothing special.",2024-02-14 07:05:34
947,948,1225,1770,601,4,"Easy pickup, no problems.",2022-09-11 15:12:00
948,949,1226,317,1853,4,Very courteous driver.,2022-06-29 05:35:48
949,950,1226,1853,317,2,"Great driver, very professional!",2022-06-29 07:46:48
950,951,1229,344,256,4,Very clean car.,2023-09-18 00:40:24
952,953,1231,1461,344,3,Super friendly and helpful.,2022-11-17 13:13:17
953,954,1232,901,643,5,"Easy pickup, no problems.",2023-12-08 23:49:08
954,955,1232,643,901,3,"Excellent service, will ride again.",2023-12-08 22:43:08
956,957,1235,324,901,4,Very clean car.,2024-01-05 22:45:32
957,958,1237,901,1794,5,"Great rider, very polite.",2024-03-16 12:39:19
958,959,1238,901,977,2,Driver was late.,2022-04-11 11:13:59
959,960,1238,977,901,3,"Excellent service, will ride again.",2022-04-11 11:23:59
961,962,1240,901,331,4,"Perfect trip, no issues.",2023-03-28 11:41:50
963,964,1242,901,1947,5,"Quick and efficient, thanks!",2022-01-22 06:51:45
964,965,1243,1105,901,4,Very clean car.,2023-07-31 14:45:04
966,967,1246,1681,834,4,Loved the music selection!,2023-09-11 01:12:27
967,968,1247,1681,1955,4,"Easy pickup, no problems.",2023-06-28 21:46:52
969,970,1248,1544,1681,3,"Excellent service, will ride again.",2022-03-19 04:33:21
970,971,1250,1507,1681,3,"Excellent service, will ride again.",2024-03-04 03:56:28
971,972,1251,146,1681,5,Very clean car.,2023-12-17 05:05:22
972,973,1252,741,1681,4,"Great driver, very professional!",2023-05-27 17:06:36
976,977,1258,1681,1410,4,"Quick and efficient, thanks!",2024-02-08 00:59:35
978,979,1259,891,1681,4,"Great driver, very professional!",2023-06-26 01:46:20
979,980,1260,1471,1681,3,"Excellent service, will ride again.",2023-01-07 20:26:12
981,982,1265,1681,549,4,Very courteous driver.,2024-05-10 12:19:56
983,984,1266,436,1665,3,Very clean car.,2022-12-27 07:30:14
985,986,1268,878,1665,3,Super friendly and helpful.,2022-05-29 19:51:27
987,988,1271,542,1665,3,Super friendly and helpful.,2022-12-28 03:13:07
989,990,1273,498,1944,3,"Smooth ride, on time.",2023-11-25 07:23:18
991,992,1275,571,1944,3,"Excellent service, will ride again.",2023-06-08 12:20:24
993,994,1279,1944,1198,3,Got there safely.,2023-07-14 14:19:48
997,998,1288,1944,412,4,Car was spotless.,2022-01-09 17:12:39
998,999,1288,412,1944,4,"Excellent service, will ride again.",2022-01-09 18:27:39
1000,1001,1289,974,1944,3,"Excellent service, will ride again.",2024-03-31 22:16:14
1001,1002,1290,1187,1944,4,Super friendly and helpful.,2024-06-21 13:33:11
1002,1003,1292,1507,1944,3,Very clean car.,2022-10-02 22:03:01
1003,1004,1293,1944,1968,4,"Excellent service, will ride again.",2022-02-03 11:41:25
1004,1005,1293,1968,1944,2,Very clean car.,2022-02-03 12:52:25
1005,1006,1294,1944,1206,5,Loved the music selection!,2024-01-23 05:41:07
1006,1007,1295,1944,1207,4,"Smooth ride, on time.",2022-07-09 01:50:26
1007,1008,1295,1207,1944,3,Super friendly and helpful.,2022-07-09 02:31:26
1010,1011,1298,5,1944,5,"Excellent service, will ride again.",2022-09-02 03:45:55
1013,1014,1303,1944,450,3,Acceptable ride.,2023-11-08 03:53:07
1014,1015,1303,450,1944,3,"Smooth ride, on time.",2023-11-08 03:11:07
1015,1016,1304,1775,1944,4,"Great driver, very professional!",2023-07-21 17:18:05
1016,1017,1306,1944,207,4,"5 stars, highly recommend!",2023-10-08 19:29:25
1017,1018,1306,207,1944,4,Super friendly and helpful.,2023-10-08 19:24:25
1018,1019,1310,1227,1944,3,Super friendly and helpful.,2023-07-09 14:10:42
1020,1021,1312,1944,14,5,"5 stars, highly recommend!",2024-01-01 20:21:39
1024,1025,1325,1944,66,3,Trip was okay.,2022-10-21 12:35:11
1025,1026,1325,66,1944,3,"Smooth ride, on time.",2022-10-21 11:34:11
1026,1027,1326,1944,765,3,Decent experience.,2023-08-22 01:11:59
1027,1028,1326,765,1944,4,"Smooth ride, on time.",2023-08-22 00:00:59
1028,1029,1328,1944,1302,5,Super friendly and helpful.,2022-09-04 02:00:56
1029,1030,1330,1944,777,4,Very clean car.,2023-02-22 00:10:53
1032,1033,1334,878,1944,3,Very clean car.,2022-07-29 07:23:31
1034,1035,1338,412,1944,4,"Smooth ride, on time.",2022-12-29 09:17:16
1036,1037,1344,1139,1944,4,"Excellent service, will ride again.",2023-01-12 16:19:49
1037,1038,1345,1944,1187,2,Driver was late.,2023-09-24 03:17:14
1039,1040,1346,1944,446,4,Super friendly and helpful.,2023-10-11 01:20:43
1041,1042,1348,1944,920,5,Very courteous driver.,2023-10-07 18:27:55
1043,1044,1350,1944,1955,3,Got there safely.,2024-02-15 15:20:32
1044,1045,1350,1955,1944,4,Super friendly and helpful.,2024-02-15 15:29:32
1048,1049,1361,1079,920,3,Trip was okay.,2023-07-18 00:06:05
1050,1051,1363,74,593,4,"Great rider, very polite.",2024-04-08 16:32:47
1051,1052,1364,74,136,4,Super friendly and helpful.,2022-05-30 06:20:06
1052,1053,1366,74,224,4,"Smooth ride, on time.",2022-06-14 02:12:06
1053,1054,1370,74,726,3,"OK trip, nothing special.",2022-05-31 14:04:32
1055,1056,1373,376,74,2,Very clean car.,2022-03-01 09:33:00
1059,1060,1378,940,74,3,"Great driver, very professional!",2022-01-05 06:36:38
1060,1061,1380,74,1526,4,"Excellent service, will ride again.",2022-01-21 22:48:39
1061,1062,1380,1526,74,3,Super friendly and helpful.,2022-01-21 22:31:39
1062,1063,1382,74,115,4,Super friendly and helpful.,2023-05-30 13:18:51
1064,1065,1384,1288,74,3,Super friendly and helpful.,2024-05-31 10:41:49
1065,1066,1385,74,1183,3,Got there safely.,2022-11-05 17:20:49
1066,1067,1385,1183,74,2,"Excellent service, will ride again.",2022-11-05 17:31:49
1068,1069,1387,1507,74,4,"Great driver, very professional!",2023-03-23 04:06:18
1069,1070,1388,74,957,3,Trip was okay.,2023-03-11 23:18:11
1072,1073,1390,293,74,5,Super friendly and helpful.,2023-01-08 15:48:04
1075,1076,1394,74,44,3,Trip was okay.,2023-10-13 03:14:13
1076,1077,1397,74,867,3,"OK trip, nothing special.",2024-02-27 17:36:04
1078,1079,1401,74,1700,4,"Great rider, very polite.",2023-11-20 01:09:55
1079,1080,1402,74,408,4,"Perfect trip, no issues.",2023-02-06 14:17:39
1080,1081,1403,74,225,5,Car was spotless.,2022-10-26 23:02:59
1081,1082,1404,74,1606,4,Very courteous driver.,2022-04-04 01:55:30
1082,1083,1404,1606,74,4,"Smooth ride, on time.",2022-04-04 02:05:30
1083,1084,1406,74,97,4,Loved the music selection!,2022-01-14 10:53:40
1084,1085,1408,74,1040,4,"Great rider, very polite.",2023-11-14 22:45:24
1086,1087,1409,74,665,4,"Excellent service, will ride again.",2022-08-02 16:18:05
1088,1089,1414,1682,782,4,Very courteous driver.,2022-03-27 05:36:23
1090,1091,1415,643,1137,3,"Excellent service, will ride again.",2023-02-08 15:19:39
1091,1092,1420,294,117,2,Took too long.,2023-10-27 19:47:59
1092,1093,1421,294,155,3,Got there safely.,2022-05-10 21:48:11
1093,1094,1422,294,1081,5,Fast and safe driver.,2023-06-12 22:38:08
1094,1095,1423,294,1561,5,Super friendly and helpful.,2023-04-09 04:18:36
1095,1096,1423,1561,294,4,Very clean car.,2023-04-09 04:54:36
1097,1098,1425,294,55,4,"Great rider, very polite.",2023-09-14 06:52:50
1100,1101,1428,1968,294,5,"Excellent service, will ride again.",2022-08-06 18:51:49
1102,1103,1429,929,1888,3,Very clean car.,2022-05-04 14:29:53
1106,1107,1432,146,1169,4,Very clean car.,2023-09-13 12:44:11
1108,1109,1433,1889,1169,4,"Excellent service, will ride again.",2023-04-04 05:06:41
1109,1110,1435,1791,1026,4,Super friendly and helpful.,2024-01-18 00:14:51
1112,1113,1439,929,1791,4,Very clean car.,2022-01-03 19:38:02
1116,1117,1444,836,498,3,"OK trip, nothing special.",2023-09-04 07:04:15
1117,1118,1444,498,836,3,Super friendly and helpful.,2023-09-04 05:50:15
1120,1121,1448,1482,836,3,"Excellent service, will ride again.",2023-01-11 10:23:30
1122,1123,1450,1790,836,5,Super friendly and helpful.,2022-12-15 21:03:09
1123,1124,1451,836,543,3,Acceptable ride.,2023-10-14 15:02:22
1124,1125,1451,543,836,5,"Excellent service, will ride again.",2023-10-14 15:12:22
1125,1126,1453,334,836,4,"Smooth ride, on time.",2022-11-28 05:45:11
1127,1128,1456,836,705,4,Very courteous driver.,2022-07-07 11:04:36
1128,1129,1458,571,836,2,Super friendly and helpful.,2024-05-14 04:56:35
1129,1130,1459,836,52,3,Trip was okay.,2022-10-06 03:49:47
1131,1132,1460,1555,836,3,"Excellent service, will ride again.",2023-02-09 04:37:55
1132,1133,1461,777,836,3,"Excellent service, will ride again.",2023-02-20 21:40:15
1135,1136,1467,836,1651,4,"Great driver, very professional!",2022-01-03 08:16:19
1136,1137,1467,1651,836,3,"Smooth ride, on time.",2022-01-03 08:29:19
1137,1138,1468,1392,1461,5,"Great rider, very polite.",2023-12-13 11:24:19
1138,1139,1470,1392,506,3,Decent experience.,2022-07-02 06:38:52
1139,1140,1471,1392,119,3,Decent experience.,2022-01-20 19:24:02
1140,1141,1473,644,630,4,"Great rider, very polite.",2023-09-11 11:55:05
1141,1142,1474,644,705,4,Super friendly and helpful.,2023-02-23 07:01:19
1142,1143,1474,705,644,3,"Smooth ride, on time.",2023-02-23 07:58:19
1146,1147,1477,1040,603,3,Very clean car.,2023-12-04 18:11:32
1148,1149,1480,613,1948,5,"Great driver, very professional!",2023-12-04 17:49:55
1149,1150,1480,1948,613,2,Super friendly and helpful.,2023-12-04 18:13:55
1152,1153,1484,834,613,4,"Great driver, very professional!",2023-07-21 09:32:40
1153,1154,1485,97,613,3,Super friendly and helpful.,2022-03-16 21:18:46
1154,1155,1486,1477,613,2,"Smooth ride, on time.",2022-12-13 02:11:26
1156,1157,1490,613,118,3,Fine driver.,2024-05-15 12:30:15
1158,1159,1493,613,1775,4,"Great rider, very polite.",2022-10-04 16:43:14
1160,1161,1496,613,2,5,"Excellent service, will ride again.",2024-02-26 08:17:37
1162,1163,1497,1755,613,2,"Great driver, very professional!",2022-05-23 03:11:50
1166,1167,1502,765,613,4,"Excellent service, will ride again.",2022-01-20 04:20:52
1167,1168,1503,1933,613,2,"Smooth ride, on time.",2022-09-23 04:28:24
1169,1170,1505,1104,613,4,"Smooth ride, on time.",2022-12-05 02:47:03
1170,1171,1506,1857,341,3,Nothing to complain about.,2023-09-28 01:38:32
1171,1172,1507,1857,1569,3,Average experience.,2022-12-01 01:45:08
1172,1173,1507,1569,1857,5,Very clean car.,2022-12-01 04:23:08
1173,1174,1508,780,210,3,Average experience.,2022-11-25 16:10:53
1174,1175,1508,210,780,4,Very clean car.,2022-11-25 17:23:53
1176,1177,1511,1804,1134,3,"OK trip, nothing special.",2023-03-24 16:43:18
1179,1180,1517,800,1804,4,"Smooth ride, on time.",2023-05-07 00:38:52
1182,1183,1521,1804,1830,3,Acceptable ride.,2023-02-10 14:43:56
1185,1186,1534,1171,833,3,Decent experience.,2023-01-10 09:38:34
1186,1187,1538,1171,728,5,Fast and safe driver.,2022-03-19 15:16:57
1187,1188,1540,1171,1336,3,Decent experience.,2022-03-10 02:16:49
1188,1189,1541,1171,693,3,Trip was okay.,2024-06-16 05:04:04
1191,1192,1542,1091,1171,3,"Smooth ride, on time.",2023-03-23 20:55:52
1193,1194,1543,1575,1171,2,Super friendly and helpful.,2022-05-28 12:08:37
1196,1197,1549,202,1171,4,Very clean car.,2024-06-23 07:59:54
1199,1200,1557,1564,1171,5,"Great driver, very professional!",2024-05-11 10:23:42
1200,1201,1558,1171,1187,4,"Easy pickup, no problems.",2024-04-23 20:25:45
1201,1202,1558,1187,1171,3,"Smooth ride, on time.",2024-04-23 21:29:45
1202,1203,1559,1171,776,4,"Smooth ride, on time.",2023-08-18 16:13:36
1203,1204,1559,776,1171,3,"Excellent service, will ride again.",2023-08-18 17:46:36
1204,1205,1563,1171,510,3,Nothing to complain about.,2023-06-03 05:03:56
1205,1206,1566,1171,192,4,"5 stars, highly recommend!",2022-06-12 13:24:58
1209,1210,1572,1171,118,4,"5 stars, highly recommend!",2023-02-17 13:18:33
1210,1211,1572,118,1171,3,Very clean car.,2023-02-17 13:34:33
1213,1214,1575,1171,1105,5,"Great driver, very professional!",2023-12-20 14:06:06
1214,1215,1576,234,199,5,Car was spotless.,2022-07-05 10:17:45
1215,1216,1577,1461,1988,4,Very clean car.,2023-11-23 18:44:04
1216,1217,1578,1988,777,4,"Easy pickup, no problems.",2023-03-12 20:53:34
1219,1220,1584,1988,146,4,"Excellent service, will ride again.",2022-05-02 13:33:34
1220,1221,1585,1988,146,5,Loved the music selection!,2024-03-19 00:08:30
1221,1222,1585,146,1988,2,"Smooth ride, on time.",2024-03-19 01:08:30
1222,1223,1587,1988,1548,4,"Great rider, very polite.",2022-11-13 03:14:10
1224,1225,1592,199,1988,4,"Excellent service, will ride again.",2023-11-22 02:47:40
1226,1227,1594,736,1988,3,"Smooth ride, on time.",2023-10-18 07:23:17
1227,1228,1596,1988,24,4,"Great rider, very polite.",2022-04-11 06:00:00
1228,1229,1597,1793,601,3,Acceptable ride.,2023-02-01 16:45:29
1235,1236,1605,1793,585,4,"Excellent service, will ride again.",2023-02-19 20:26:51
1236,1237,1606,1793,1477,5,Loved the music selection!,2024-03-14 06:58:09
1237,1238,1609,940,1793,3,"Smooth ride, on time.",2023-05-11 16:44:08
1238,1239,1610,1793,1790,3,Acceptable ride.,2022-11-18 00:50:56
1240,1241,1611,1100,1793,3,Very clean car.,2022-04-13 12:42:15
1241,1242,1613,960,1658,3,Acceptable ride.,2024-03-24 01:54:56
1242,1243,1615,1955,345,2,"Smooth ride, on time.",2023-03-30 10:21:42
1245,1246,1618,1044,1276,4,Very clean car.,2023-09-14 21:44:28
1246,1247,1619,1276,1947,3,Trip was okay.,2023-03-26 04:36:09
1247,1248,1620,997,68,4,"Smooth ride, on time.",2022-07-07 23:47:41
1248,1249,1621,338,68,4,Super friendly and helpful.,2022-02-04 07:33:47
1250,1251,1624,1311,68,3,"Smooth ride, on time.",2023-11-18 19:37:28
1251,1252,1625,1488,498,4,Fast and safe driver.,2023-12-09 13:59:33
1252,1253,1626,1488,7,3,"OK trip, nothing special.",2023-08-19 01:38:38
1256,1257,1636,452,346,4,"Great driver, very professional!",2022-10-25 11:06:06
1258,1259,1637,986,346,3,"Great driver, very professional!",2023-12-03 23:44:36
1260,1261,1639,1309,346,3,"Smooth ride, on time.",2022-04-19 20:35:10
1262,1263,1645,176,346,3,Super friendly and helpful.,2022-03-03 07:25:33
1263,1264,1646,346,742,5,"5 stars, highly recommend!",2023-02-28 04:46:23
1264,1265,1649,346,472,3,Fine driver.,2023-09-04 16:38:29
1265,1266,1651,346,1267,4,"5 stars, highly recommend!",2023-07-27 16:56:27
1267,1268,1653,346,1091,2,Rough driving.,2023-04-16 08:04:41
1270,1271,1656,346,1605,3,Acceptable ride.,2023-03-17 19:57:06
1273,1274,1659,1955,346,4,"Excellent service, will ride again.",2022-05-29 19:42:41
1274,1275,1664,346,1555,4,Car was spotless.,2022-08-09 22:07:27
1276,1277,1668,346,1869,3,Decent experience.,2023-01-12 09:15:50
1277,1278,1670,346,258,4,"5 stars, highly recommend!",2023-08-10 00:26:27
1279,1280,1671,593,346,3,"Great driver, very professional!",2023-07-09 03:05:50
1280,1281,1673,346,741,4,"Perfect trip, no issues.",2023-02-08 12:46:10
1281,1282,1676,346,1044,4,Car was spotless.,2023-01-28 13:09:40
1282,1283,1677,346,436,4,"Perfect trip, no issues.",2024-06-09 10:28:01
1283,1284,1677,436,346,4,Very clean car.,2024-06-09 09:39:01
1284,1285,1678,346,376,3,Trip was okay.,2022-06-15 09:14:43
1285,1286,1679,346,1569,2,Car smelled bad.,2022-10-05 07:24:29
1287,1288,1681,1654,346,3,"Smooth ride, on time.",2022-08-07 02:20:37
1289,1290,1683,510,346,3,"Smooth ride, on time.",2022-04-23 12:59:27
1290,1291,1684,346,932,4,Very clean car.,2024-04-08 03:45:09
1293,1294,1688,346,1479,5,Loved the music selection!,2022-11-29 12:55:26
1294,1295,1688,1479,346,4,"Excellent service, will ride again.",2022-11-29 13:03:26
1295,1296,1689,1995,346,4,Very clean car.,2023-09-03 01:35:45
1301,1302,1698,346,1700,4,Very comfortable ride.,2023-06-28 15:09:01
1302,1303,1699,346,139,5,"Excellent service, will ride again.",2023-11-22 04:40:04
1303,1304,1701,346,736,3,Decent experience.,2022-06-05 03:38:56
1304,1305,1701,736,346,3,"Excellent service, will ride again.",2022-06-05 03:18:56
1305,1306,1702,202,346,2,"Smooth ride, on time.",2023-06-30 14:54:27
1306,1307,1704,199,346,4,"Excellent service, will ride again.",2023-06-20 08:10:16
1307,1308,1706,346,118,2,Driver was late.,2022-02-11 13:56:00
1308,1309,1706,118,346,2,Very clean car.,2022-02-11 12:57:00
1312,1313,1711,346,664,3,Acceptable ride.,2022-03-05 01:03:44
1313,1314,1711,664,346,2,"Great driver, very professional!",2022-03-04 23:59:44
1315,1316,1714,1869,346,4,"Excellent service, will ride again.",2023-09-15 20:31:20
1316,1317,1717,346,1350,3,Decent experience.,2023-10-14 19:09:04
1317,1318,1718,346,736,3,"OK trip, nothing special.",2023-11-08 21:19:38
1320,1321,1722,1336,346,2,Very clean car.,2024-06-15 08:36:42
1321,1322,1723,187,346,4,Very clean car.,2023-12-14 15:12:17
1322,1323,1724,346,1162,5,"5 stars, highly recommend!",2022-01-08 01:54:33
1324,1325,1730,1049,66,4,"Perfect trip, no issues.",2024-01-15 07:44:18
1327,1328,1735,183,959,5,Loved the music selection!,2024-05-19 03:04:59
1328,1329,1736,183,1987,5,Loved the music selection!,2022-05-18 10:42:41
1329,1330,1737,30,932,4,"Perfect trip, no issues.",2024-03-11 19:21:45
1330,1331,1739,30,1430,5,Car was spotless.,2023-02-27 09:20:35
1331,1332,1740,30,1991,3,Acceptable ride.,2022-10-18 17:04:42
1332,1333,1740,1991,30,3,Very clean car.,2022-10-18 18:36:42
1333,1334,1741,1837,1509,4,Super friendly and helpful.,2022-05-06 16:10:15
1334,1335,1741,1509,1837,3,"Great driver, very professional!",2022-05-06 16:15:15
1335,1336,1742,1837,1776,3,Decent experience.,2024-04-12 17:34:01
1336,1337,1743,1837,1526,4,Very comfortable ride.,2023-06-23 11:30:13
1337,1338,1744,1947,1837,4,Super friendly and helpful.,2023-12-11 17:04:09
1338,1339,1745,1837,643,4,Fast and safe driver.,2023-05-15 12:55:57
1339,1340,1746,1837,1117,5,"Easy pickup, no problems.",2022-02-08 01:54:06
1340,1341,1747,1837,1471,4,Car was spotless.,2022-08-25 16:22:35
1341,1342,1747,1471,1837,4,"Smooth ride, on time.",2022-08-25 16:22:35
1342,1343,1748,789,1837,4,"Excellent service, will ride again.",2024-06-07 21:12:40
1344,1345,1749,1196,1837,3,"Great driver, very professional!",2024-01-23 21:46:40
1345,1346,1752,726,1837,2,"Great driver, very professional!",2022-08-28 07:00:39
1346,1347,1753,1837,1356,4,"Great rider, very polite.",2024-05-12 16:41:20
1347,1348,1754,412,1837,4,Very clean car.,2023-05-31 16:45:10
1348,1349,1755,1837,1350,2,Driver was late.,2024-02-18 06:56:22
1350,1351,1758,1837,1741,4,Loved the music selection!,2022-02-24 18:26:59
1352,1353,1762,1837,132,4,"Easy pickup, no problems.",2022-10-28 22:00:43
1353,1354,1762,132,1837,4,Very clean car.,2022-10-28 23:44:43
1354,1355,1766,40,1837,4,"Excellent service, will ride again.",2023-05-10 05:20:15
1355,1356,1768,1837,1981,4,"Smooth ride, on time.",2023-04-15 05:02:58
1356,1357,1768,1981,1837,4,"Smooth ride, on time.",2023-04-15 06:00:58
1357,1358,1771,1837,860,4,Very clean car.,2022-10-02 04:11:58
1360,1361,1775,1837,842,4,"5 stars, highly recommend!",2022-11-19 15:25:19
1363,1364,1779,1837,5,4,"Perfect trip, no issues.",2023-06-03 15:38:22
1364,1365,1781,338,181,4,"Smooth ride, on time.",2024-01-06 07:12:55
1365,1366,1782,341,181,3,Super friendly and helpful.,2023-07-23 13:42:23
1367,1368,1783,1794,181,3,"Great driver, very professional!",2024-05-25 22:25:55
1368,1369,1786,181,1724,5,Very courteous driver.,2023-05-18 05:34:30
1369,1370,1786,1724,181,4,"Smooth ride, on time.",2023-05-18 07:20:30
1370,1371,1789,181,1139,4,"Excellent service, will ride again.",2022-08-17 09:53:41
1372,1373,1792,181,179,4,Loved the music selection!,2022-10-24 06:31:08
1376,1377,1802,181,1492,3,Trip was okay.,2023-06-09 22:57:40
1378,1379,1805,1739,181,4,Super friendly and helpful.,2023-10-07 18:57:36
1379,1380,1806,181,1352,4,Very courteous driver.,2024-05-08 19:26:06
1383,1384,1815,181,898,5,Car was spotless.,2023-01-21 19:50:07
1384,1385,1816,1183,181,4,Super friendly and helpful.,2023-10-31 07:46:14
1386,1387,1818,181,539,3,Decent experience.,2022-04-12 00:41:50
1387,1388,1819,181,485,3,Trip was okay.,2022-05-02 06:19:42
1388,1389,1819,485,181,3,"Smooth ride, on time.",2022-05-02 08:33:42
1390,1391,1820,1023,181,4,"Smooth ride, on time.",2023-11-12 12:52:43
1392,1393,1824,181,957,4,"Perfect trip, no issues.",2022-09-21 11:09:34
1393,1394,1826,181,664,4,Very comfortable ride.,2022-04-27 16:08:23
1394,1395,1827,181,1131,4,"Perfect trip, no issues.",2022-03-02 10:52:38
1397,1398,1835,181,118,3,Decent experience.,2024-06-23 15:43:36
1399,1400,1837,181,448,3,Fine driver.,2022-07-30 20:52:36
1400,1401,1838,777,181,3,"Excellent service, will ride again.",2023-02-04 02:51:06
1401,1402,1839,181,1430,4,Very clean car.,2022-09-27 21:41:02
1402,1403,1839,1430,181,3,"Smooth ride, on time.",2022-09-27 22:48:02
1403,1404,1840,1507,181,3,Very clean car.,2022-05-09 23:27:00
1405,1406,1843,1134,181,3,"Smooth ride, on time.",2022-12-07 05:11:10
1406,1407,1845,181,1243,5,Car was spotless.,2023-05-21 12:34:29
1408,1409,1851,181,1117,3,Decent experience.,2023-07-31 02:06:10
1410,1411,1854,1058,1413,3,Fine driver.,2023-10-04 18:47:23
1412,1413,1857,1247,811,3,Average experience.,2023-05-16 17:42:15
1413,1414,1858,1247,705,5,"Smooth ride, on time.",2023-03-29 08:02:28
1414,1415,1859,1247,1561,3,Decent experience.,2023-05-06 03:00:40
1416,1417,1861,1247,834,4,"5 stars, highly recommend!",2022-01-09 16:07:13
1420,1421,1868,1247,2,5,"Quick and efficient, thanks!",2023-03-03 09:13:16
1421,1422,1871,324,1247,4,"Smooth ride, on time.",2022-06-12 18:14:35
1422,1423,1875,1247,412,3,Average experience.,2022-12-06 13:26:30
1423,1424,1876,1247,477,4,"Smooth ride, on time.",2024-06-11 03:23:44
1424,1425,1876,477,1247,2,"Excellent service, will ride again.",2024-06-11 02:56:44
1427,1428,1880,1247,1495,4,"Smooth ride, on time.",2023-07-12 15:14:45
1428,1429,1882,1247,741,2,Driver was rude.,2024-03-20 05:59:18
1429,1430,1882,741,1247,4,Very clean car.,2024-03-20 04:36:18
1430,1431,1884,690,1247,5,"Smooth ride, on time.",2023-10-27 15:48:17
1432,1433,1885,1205,1247,4,Super friendly and helpful.,2022-12-08 18:26:19
1433,1434,1886,1247,759,3,Decent experience.,2023-03-13 08:59:17
1435,1436,1889,1247,146,3,Fine driver.,2023-08-31 10:57:57
1436,1437,1890,1247,136,4,Super friendly and helpful.,2023-05-24 17:10:56
1439,1440,1892,1247,742,4,"Great driver, very professional!",2022-07-08 15:04:37
1440,1441,1892,742,1247,4,"Smooth ride, on time.",2022-07-08 15:00:37
1443,1444,1894,235,1247,4,Very clean car.,2022-10-05 19:11:54
1444,1445,1895,1247,210,4,Loved the music selection!,2023-11-29 11:59:59
1448,1449,1901,1247,1397,4,"Smooth ride, on time.",2022-01-12 13:22:23
1449,1450,1902,1247,494,5,"Quick and efficient, thanks!",2022-03-14 16:43:17
1450,1451,1903,1968,1247,3,"Smooth ride, on time.",2022-06-23 05:15:55
1452,1453,1907,1247,1206,4,"Smooth ride, on time.",2022-04-29 03:50:37
1454,1455,1908,1247,759,2,Rough driving.,2023-09-21 22:08:33
1455,1456,1908,759,1247,2,Super friendly and helpful.,2023-09-21 23:11:33
1456,1457,1913,1427,890,4,Super friendly and helpful.,2023-11-07 12:55:08
1457,1458,1914,890,741,3,Decent experience.,2023-05-01 20:35:20
1458,1459,1915,890,1561,5,"Excellent service, will ride again.",2023-01-13 15:26:28
1459,1460,1918,890,1814,5,"Easy pickup, no problems.",2023-02-17 21:25:58
1460,1461,1918,1814,890,2,"Great driver, very professional!",2023-02-17 22:45:58
1463,1464,1920,890,5,3,Trip was okay.,2024-02-28 20:22:46
1464,1465,1920,5,890,3,Very clean car.,2024-02-28 20:34:46
1466,1467,1921,1117,890,3,"Excellent service, will ride again.",2022-02-12 04:44:49
1467,1468,1924,890,1438,4,"Smooth ride, on time.",2024-03-05 20:01:17
1468,1469,1924,1438,890,2,Very clean car.,2024-03-05 19:53:17
1469,1470,1925,890,15,5,"Perfect trip, no issues.",2023-07-28 09:37:04
1470,1471,1925,15,890,4,"Great driver, very professional!",2023-07-28 11:50:04
1471,1472,1926,890,1993,2,Had trouble finding the pickup spot.,2024-05-18 03:19:17
1473,1474,1927,1544,890,4,"Great driver, very professional!",2023-02-24 16:59:23
1474,1475,1929,1041,890,4,Super friendly and helpful.,2024-06-11 07:14:33
1477,1478,1932,97,890,1,Super friendly and helpful.,2022-04-26 21:30:11
1478,1479,1934,53,338,3,Trip was okay.,2022-11-19 12:57:06
1481,1482,1936,1806,1221,3,Acceptable ride.,2023-04-12 18:25:49
1482,1483,1941,1221,935,3,"Smooth ride, on time.",2022-08-11 04:14:36
1483,1484,1942,1651,935,3,"Excellent service, will ride again.",2022-10-25 21:31:06
1485,1486,1946,935,585,4,"Quick and efficient, thanks!",2023-07-10 20:40:03
1486,1487,1946,585,935,3,Very clean car.,2023-07-10 21:22:03
1488,1489,1950,1775,1695,1,"Smooth ride, on time.",2023-11-02 04:30:53
1490,1491,1953,115,1695,3,"Excellent service, will ride again.",2023-10-15 03:34:40
1492,1493,1956,1695,44,4,Super friendly and helpful.,2024-06-06 16:34:46
1493,1494,1957,1695,201,5,Very clean car.,2024-04-24 04:39:06
1496,1497,1959,1695,1606,4,Very clean car.,2024-06-08 12:55:05
1497,1498,1963,517,477,3,Nothing to complain about.,2022-06-22 19:34:46
1498,1499,1967,1641,89,3,Acceptable ride.,2024-06-25 20:42:21
1499,1500,1968,1826,1641,3,"Great driver, very professional!",2023-06-25 04:24:42
1502,1503,1972,1162,1641,2,"Excellent service, will ride again.",2024-05-07 11:57:27
1503,1504,1975,1641,860,5,Car was spotless.,2022-07-02 11:48:39
1505,1506,1976,1641,822,5,"Great rider, very polite.",2023-04-15 18:53:19
1506,1507,1977,1641,543,3,Trip was okay.,2022-04-18 13:55:29
1507,1508,1977,543,1641,3,"Excellent service, will ride again.",2022-04-18 13:30:29
1508,1509,1978,1641,1839,4,Super friendly and helpful.,2022-04-15 21:21:29
1509,1510,1979,1641,1293,3,Acceptable ride.,2022-09-22 03:01:18
1511,1512,1981,1641,1651,4,Super friendly and helpful.,2023-11-23 22:39:12
1513,1514,1985,1248,1641,3,Very clean car.,2023-02-12 08:04:29
1516,1517,1988,1087,1641,4,"Excellent service, will ride again.",2022-12-02 16:43:42
1517,1518,1989,1084,1641,4,Very clean car.,2022-04-24 06:04:44
1518,1519,1990,1593,1869,4,Very clean car.,2023-03-09 19:49:30
1520,1521,1992,665,1593,5,"Smooth ride, on time.",2022-10-06 16:43:38
1522,1523,1993,1352,1593,3,"Great driver, very professional!",2024-03-18 14:09:42
1524,1525,1996,1593,920,2,Took a longer route.,2023-09-26 12:08:41
1526,1527,1997,1987,1593,3,"Smooth ride, on time.",2024-02-09 10:41:12
1528,1529,1999,1593,898,4,Very clean car.,2024-04-20 01:37:28
1529,1530,1999,898,1593,4,Very clean car.,2024-04-20 02:40:28
1531,1532,2001,925,1593,3,"Great driver, very professional!",2022-08-22 17:24:27
1532,1533,2002,1593,1281,3,Average experience.,2023-02-24 03:09:25
1534,1535,2006,1593,1607,3,Average experience.,2023-04-02 10:54:40
1535,1536,2007,1593,959,4,Car was spotless.,2022-02-21 03:20:29
1536,1537,2007,959,1593,4,Very clean car.,2022-02-21 05:33:29
1538,1539,2012,1965,1593,3,"Smooth ride, on time.",2024-01-14 07:19:56
1539,1540,2015,1593,728,4,"Great driver, very professional!",2022-02-06 18:38:46
1540,1541,2016,1593,117,3,Got there safely.,2022-08-11 09:18:48
1542,1543,2020,1593,1544,5,Car was spotless.,2024-06-10 22:22:38
1544,1545,2026,1046,1139,3,Nothing to complain about.,2022-01-07 15:59:37
1545,1546,2026,1139,1046,3,"Smooth ride, on time.",2022-01-07 14:33:37
1546,1547,2028,1046,1187,3,Average experience.,2022-04-13 02:11:10
1547,1548,2029,1046,778,3,Trip was okay.,2022-05-16 15:38:46
1549,1550,2032,1046,1302,4,"Easy pickup, no problems.",2022-06-11 19:24:34
1550,1551,2032,1302,1046,3,"Smooth ride, on time.",2022-06-11 19:41:34
1552,1553,2034,1181,1046,3,Very clean car.,2022-10-16 21:29:04
1555,1556,2038,1046,176,2,Not very clean.,2022-12-16 20:26:18
1556,1557,2040,1046,570,4,Very comfortable ride.,2023-04-16 06:40:47
1557,1558,2041,1046,1091,3,Nothing to complain about.,2024-04-17 23:29:01
1558,1559,2042,1046,986,5,Very courteous driver.,2023-06-23 10:02:43
1559,1560,2044,1046,1544,5,"Great driver, very professional!",2022-11-08 04:33:11
1560,1561,2046,1046,1881,3,Trip was okay.,2023-12-31 13:18:20
1561,1562,2046,1881,1046,3,"Excellent service, will ride again.",2023-12-31 15:13:20
1562,1563,2049,1413,1046,2,Super friendly and helpful.,2022-06-14 08:36:02
1565,1566,2053,139,1046,2,Super friendly and helpful.,2022-03-31 07:41:04
1566,1567,2054,1046,1693,3,Decent experience.,2022-03-29 08:38:12
1568,1569,2055,834,1046,4,"Great driver, very professional!",2023-10-27 05:23:45
1570,1571,2056,833,1046,3,Super friendly and helpful.,2024-06-18 10:55:59
1571,1572,2057,219,1198,3,Decent experience.,2022-08-09 07:11:58
1572,1573,2057,1198,219,4,Super friendly and helpful.,2022-08-09 05:27:58
1573,1574,2058,219,977,3,Trip was okay.,2024-02-12 14:45:02
1574,1575,2058,977,219,3,Very clean car.,2024-02-12 14:35:02
1577,1578,2060,219,1471,5,Very comfortable ride.,2023-10-04 15:46:55
1578,1579,2063,71,1181,4,"Perfect trip, no issues.",2023-07-15 10:42:01
1579,1580,2066,89,135,3,Very clean car.,2024-01-28 14:25:36
1581,1582,2070,481,1311,4,Very clean car.,2023-01-09 21:22:45
1582,1583,2071,481,139,4,Car was spotless.,2023-08-09 07:38:55
1586,1587,2078,915,1841,2,Had trouble finding the pickup spot.,2023-01-02 00:13:54
1588,1589,2082,269,1965,4,Very clean car.,2022-04-28 00:57:15
1589,1590,2082,1965,269,3,"Excellent service, will ride again.",2022-04-28 00:24:15
1590,1591,2083,269,439,5,Very clean car.,2023-08-08 15:34:07
1592,1593,2085,1984,269,3,"Smooth ride, on time.",2022-03-23 14:21:28
1593,1594,2087,1830,269,5,"Excellent service, will ride again.",2023-04-16 09:51:51
1594,1595,2088,269,1331,5,"Smooth ride, on time.",2022-01-22 17:15:57
1597,1598,2090,1210,269,4,"Smooth ride, on time.",2022-07-23 23:44:17
1599,1600,2097,394,764,2,Super friendly and helpful.,2023-10-28 13:44:36
1600,1601,2100,548,1724,4,Loved the music selection!,2023-04-28 07:08:51
1601,1602,2101,548,1590,3,Acceptable ride.,2023-04-11 04:45:44
1602,1603,2102,548,553,5,Car was spotless.,2023-07-31 20:02:39
1603,1604,2102,553,548,3,Super friendly and helpful.,2023-07-31 20:45:39
1605,1606,2105,911,225,3,Acceptable ride.,2023-05-19 15:14:36
1606,1607,2106,995,911,5,"Smooth ride, on time.",2022-07-24 10:29:42
1607,1608,2107,672,1544,5,Super friendly and helpful.,2022-12-14 10:12:44
1609,1610,2113,1207,1014,4,Very clean car.,2023-03-28 20:57:46
1610,1611,2114,1014,1091,4,"Smooth ride, on time.",2024-03-09 00:24:47
1611,1612,2115,1014,697,4,"Perfect trip, no issues.",2023-05-27 01:47:48
1612,1613,2116,1014,155,4,"Perfect trip, no issues.",2023-12-13 12:52:37
1613,1614,2118,1014,986,4,Very clean car.,2024-05-14 16:08:55
1616,1617,2123,1014,1474,4,"Great driver, very professional!",2022-11-14 19:45:56
1618,1619,2127,728,1014,4,"Excellent service, will ride again.",2024-01-25 00:33:06
1619,1620,2130,1014,647,5,"Quick and efficient, thanks!",2022-01-27 13:19:36
1620,1621,2130,647,1014,4,"Great driver, very professional!",2022-01-27 13:32:36
1621,1622,2131,146,1014,4,Super friendly and helpful.,2022-07-13 07:02:22
1622,1623,2132,1014,1640,4,"Smooth ride, on time.",2023-02-04 23:14:56
1625,1626,2134,1117,1014,5,Very clean car.,2023-06-05 00:55:48
1626,1627,2136,78,1331,4,Super friendly and helpful.,2023-12-12 02:15:50
1628,1629,2137,1741,78,3,"Smooth ride, on time.",2024-06-12 07:18:40
1630,1631,2139,929,78,5,Very clean car.,2023-07-08 02:12:57
1631,1632,2140,78,335,2,Had trouble finding the pickup spot.,2023-03-25 19:45:06
1632,1633,2140,335,78,4,Very clean car.,2023-03-25 18:51:06
1636,1637,2148,164,78,4,"Smooth ride, on time.",2023-04-08 06:06:53
1637,1638,2150,78,1494,5,Loved the music selection!,2022-09-05 13:08:08
1638,1639,2152,78,15,5,Loved the music selection!,2024-03-24 00:07:29
1639,1640,2152,15,78,3,"Smooth ride, on time.",2024-03-23 23:19:29
1640,1641,2154,1090,1781,4,"Quick and efficient, thanks!",2022-11-08 11:49:14
1641,1642,2155,1480,1301,3,Average experience.,2022-06-03 12:01:48
1644,1645,2162,1480,256,4,"5 stars, highly recommend!",2024-02-05 22:45:58
1645,1646,2162,256,1480,4,"Excellent service, will ride again.",2024-02-05 21:49:58
1646,1647,2164,1480,1790,5,"Easy pickup, no problems.",2023-08-28 07:24:50
1647,1648,2165,1480,1386,5,Fast and safe driver.,2023-05-01 02:18:05
1648,1649,2166,1607,1480,2,Super friendly and helpful.,2024-04-29 11:14:34
1649,1650,2167,1480,1380,5,Very comfortable ride.,2022-05-01 20:46:33
1651,1652,2169,97,1480,3,Super friendly and helpful.,2023-12-07 20:49:08
1652,1653,2171,1480,1206,5,"Great driver, very professional!",2023-07-30 16:57:25
1653,1654,2173,248,1480,2,Very clean car.,2024-01-19 13:18:51
1654,1655,2175,1480,647,5,Very comfortable ride.,2023-03-26 00:07:05
1656,1657,2176,1480,485,4,Fast and safe driver.,2022-10-21 17:31:54
1657,1658,2176,485,1480,4,Very clean car.,2022-10-21 18:08:54
1658,1659,2177,1480,1965,5,Car was spotless.,2022-07-10 22:44:16
1659,1660,2178,1480,1141,5,Super friendly and helpful.,2023-03-11 23:14:08
1663,1664,2185,1135,573,2,"Smooth ride, on time.",2023-10-04 04:17:17
1664,1665,2188,221,1955,5,"Quick and efficient, thanks!",2023-03-02 01:59:05
1666,1667,2189,52,221,4,"Excellent service, will ride again.",2023-10-27 00:47:44
1667,1668,2190,221,376,3,Fine driver.,2023-02-18 12:01:38
1671,1672,2196,221,693,4,"Excellent service, will ride again.",2022-01-10 15:34:35
1672,1673,2196,693,221,4,Very clean car.,2022-01-10 14:58:35
1673,1674,2197,221,1400,5,"Smooth ride, on time.",2022-03-07 01:26:01
1675,1676,2199,221,192,4,Car was spotless.,2022-06-20 17:49:58
1678,1679,2204,221,1781,3,Decent experience.,2022-08-09 02:19:38
1679,1680,2208,221,136,3,Trip was okay.,2023-11-03 19:35:29
1683,1684,2211,748,221,4,Super friendly and helpful.,2023-06-19 17:39:40
1684,1685,2212,221,630,4,"Smooth ride, on time.",2022-09-18 00:19:04
1686,1687,2215,1542,286,5,"Excellent service, will ride again.",2022-12-30 00:48:54
1687,1688,2215,286,1542,4,Super friendly and helpful.,2022-12-30 00:46:54
1689,1690,2217,1542,728,4,Very comfortable ride.,2023-10-08 08:40:32
1690,1691,2220,1293,1542,4,Super friendly and helpful.,2022-08-27 22:42:52
1691,1692,2221,1542,1352,4,"Perfect trip, no issues.",2023-09-22 05:00:12
1696,1697,2231,690,1542,3,Very clean car.,2023-06-03 13:03:15
1697,1698,2233,1981,1542,3,"Smooth ride, on time.",2022-07-04 02:56:59
1698,1699,2234,1542,741,5,"Perfect trip, no issues.",2023-11-15 20:58:15
1699,1700,2235,1081,1542,3,Super friendly and helpful.,2023-06-10 19:58:33
1701,1702,2238,593,1542,4,"Smooth ride, on time.",2022-05-28 14:41:38
1702,1703,2240,1968,1542,3,"Smooth ride, on time.",2024-02-09 19:36:01
1704,1705,2244,1542,1343,5,"Perfect trip, no issues.",2023-05-04 14:18:34
1705,1706,2245,1542,570,3,Nothing to complain about.,2023-08-07 09:49:32
1706,1707,2246,1542,677,5,Fast and safe driver.,2023-03-04 17:09:10
1707,1708,2246,677,1542,3,"Smooth ride, on time.",2023-03-04 18:45:10
1710,1711,2251,286,1542,3,Very clean car.,2023-06-08 11:14:30
1712,1713,2255,1542,176,4,Super friendly and helpful.,2023-07-09 21:04:04
1714,1715,2257,1542,376,5,Loved the music selection!,2023-02-27 14:27:13
1715,1716,2257,376,1542,3,"Smooth ride, on time.",2023-02-27 16:35:13
1716,1717,2259,891,1542,4,Super friendly and helpful.,2024-04-05 06:39:58
1717,1718,2261,1542,1562,4,Car was spotless.,2022-05-30 16:24:10
1718,1719,2261,1562,1542,2,"Great driver, very professional!",2022-05-30 18:04:10
1721,1722,2270,1542,612,3,Decent experience.,2023-05-05 21:52:49
1722,1723,2271,1542,119,4,Very courteous driver.,2022-06-14 07:10:02
1727,1728,2276,1044,1542,3,"Excellent service, will ride again.",2023-10-18 00:35:18
1728,1729,2277,1196,1542,4,Super friendly and helpful.,2022-12-29 06:28:54
1731,1732,2281,389,1542,2,Super friendly and helpful.,2023-02-19 10:44:31
1732,1733,2282,1564,1542,3,"Great driver, very professional!",2023-07-07 07:45:50
1733,1734,2283,1542,1606,4,Loved the music selection!,2023-10-10 09:38:45
1735,1736,2287,1542,1438,4,Super friendly and helpful.,2022-03-03 04:25:57
1736,1737,2287,1438,1542,3,"Smooth ride, on time.",2022-03-03 04:46:57
1738,1739,2291,1542,1030,4,"5 stars, highly recommend!",2023-10-01 19:04:26
1739,1740,2292,1386,1542,3,Super friendly and helpful.,2022-07-07 07:12:50
1742,1743,2296,1542,690,4,"Smooth ride, on time.",2023-09-04 08:54:12
1743,1744,2297,1542,1544,4,Car was spotless.,2022-10-04 00:18:20
1744,1745,2298,1542,40,3,Trip was okay.,2024-01-16 23:08:19
1745,1746,2299,1542,549,4,"Smooth ride, on time.",2023-03-03 10:15:30
1746,1747,2301,1542,1380,4,"Excellent service, will ride again.",2024-02-28 08:43:55
1751,1752,2307,1542,996,3,"OK trip, nothing special.",2023-02-27 05:25:58
1752,1753,2307,996,1542,3,Very clean car.,2023-02-27 05:12:58
1754,1755,2308,235,1542,4,"Smooth ride, on time.",2024-01-02 11:19:35
1757,1758,2314,1439,1881,4,"Great driver, very professional!",2022-03-18 03:12:21
1758,1759,2314,1881,1439,3,"Excellent service, will ride again.",2022-03-18 03:46:21
1760,1761,2315,210,1439,2,"Smooth ride, on time.",2023-12-16 08:01:32
1761,1762,2316,1111,1439,4,Very clean car.,2022-11-12 13:19:01
1764,1765,2318,202,1228,2,Super friendly and helpful.,2023-06-26 14:48:28
1766,1767,2319,1889,1138,2,"Excellent service, will ride again.",2024-01-16 14:15:13
1769,1770,2325,527,602,3,Acceptable ride.,2023-02-03 06:09:41
1770,1771,2326,415,433,5,"Smooth ride, on time.",2023-08-29 03:29:37
1773,1774,2329,162,415,4,Very clean car.,2023-07-06 10:26:13
1774,1775,2331,415,485,4,"Great rider, very polite.",2023-12-27 18:38:48
1776,1777,2334,1227,415,3,"Great driver, very professional!",2022-01-17 09:23:24
1777,1778,2336,1105,415,3,Very clean car.,2022-01-16 07:53:11
1780,1781,2339,248,415,3,"Great driver, very professional!",2023-04-26 08:08:26
1781,1782,2342,841,593,4,"Great driver, very professional!",2023-03-29 12:28:14
1783,1784,2344,841,860,4,Super friendly and helpful.,2022-07-29 17:29:32
1784,1785,2345,705,841,3,"Excellent service, will ride again.",2024-02-20 14:26:31
1786,1787,2347,1227,841,4,"Smooth ride, on time.",2023-02-27 08:14:19
1788,1789,2348,1693,841,2,"Excellent service, will ride again.",2022-04-18 20:55:04
1789,1790,2349,841,1356,4,Fast and safe driver.,2022-02-27 09:58:07
1791,1792,2352,841,286,4,Very courteous driver.,2022-02-02 09:49:37
1792,1793,2352,286,841,2,Super friendly and helpful.,2022-02-02 10:46:37
1794,1795,2355,1081,841,3,"Smooth ride, on time.",2023-12-09 19:07:40
1797,1798,2358,841,446,4,"5 stars, highly recommend!",2023-01-24 06:32:42
1798,1799,2363,841,1450,3,Got there safely.,2023-03-15 06:13:39
1800,1801,2365,408,841,4,"Excellent service, will ride again.",2023-10-07 20:24:20
1801,1802,2366,841,542,5,Super friendly and helpful.,2022-12-08 12:32:46
1802,1803,2367,841,485,4,Super friendly and helpful.,2022-12-22 05:01:49
1804,1805,2370,152,1702,3,Fine driver.,2023-07-15 11:42:58
1805,1806,2371,1352,152,3,"Great driver, very professional!",2022-01-08 14:18:07
1806,1807,2372,1183,152,3,Very clean car.,2023-11-24 07:45:02
1808,1809,2373,461,1676,4,"Excellent service, will ride again.",2022-09-07 10:24:29
1810,1811,2374,1702,1676,3,"Excellent service, will ride again.",2023-05-04 00:12:54
1813,1814,2376,920,1676,3,Super friendly and helpful.,2022-07-13 21:14:08
1814,1815,2377,1676,932,5,"Perfect trip, no issues.",2023-02-10 01:59:12
1815,1816,2380,1676,1955,5,Fast and safe driver.,2022-05-29 14:52:05
1816,1817,2380,1955,1676,2,"Smooth ride, on time.",2022-05-29 15:04:05
1818,1819,2384,1676,891,4,Very courteous driver.,2024-05-03 00:09:56
1819,1820,2387,1676,1371,5,Very clean car.,2023-01-25 13:29:23
1821,1822,2389,1492,537,4,Super friendly and helpful.,2022-08-04 12:54:42
1822,1823,2390,537,1413,3,Trip was okay.,2023-02-11 16:27:21
1823,1824,2390,1413,537,3,Very clean car.,2023-02-11 16:45:21
1825,1826,2392,537,467,2,Had trouble finding the pickup spot.,2022-10-23 00:07:18
1826,1827,2394,537,1472,4,Very courteous driver.,2023-02-06 10:35:58
1828,1829,2395,1709,537,3,Super friendly and helpful.,2023-11-06 15:04:16
1829,1830,2396,537,1030,5,"Quick and efficient, thanks!",2023-10-28 00:02:16
1830,1831,2396,1030,537,5,Very clean car.,2023-10-28 00:35:16
1831,1832,2398,1981,537,4,"Great driver, very professional!",2022-09-17 21:07:50
1832,1833,2399,537,1987,5,"Great driver, very professional!",2023-09-11 13:22:34
1833,1834,2401,537,1828,5,"Easy pickup, no problems.",2023-01-17 05:57:56
1835,1836,2402,1207,537,5,"Great driver, very professional!",2022-04-25 14:34:59
1836,1837,2403,883,537,4,"Excellent service, will ride again.",2024-05-26 00:38:24
1842,1843,2409,498,537,2,"Excellent service, will ride again.",2022-12-25 09:52:47
1844,1845,2411,537,1956,4,Very courteous driver.,2022-07-13 18:31:00
1845,1846,2411,1956,537,3,Very clean car.,2022-07-13 17:44:00
1846,1847,2413,537,229,4,"Excellent service, will ride again.",2022-05-15 12:07:44
1847,1848,2414,7,537,2,"Great driver, very professional!",2023-07-05 01:14:09
1848,1849,2417,1030,537,4,Super friendly and helpful.,2024-06-02 22:36:57
1849,1850,2421,932,537,3,"Smooth ride, on time.",2023-09-27 12:44:10
1850,1851,2425,65,537,4,Very clean car.,2024-05-15 18:41:26
1851,1852,2426,537,448,4,"Perfect trip, no issues.",2024-03-21 00:09:09
1852,1853,2427,537,394,4,"Perfect trip, no issues.",2022-09-20 07:47:24
1853,1854,2430,537,1400,4,"Quick and efficient, thanks!",2023-01-12 06:32:30
1857,1858,2436,1589,1775,5,"Excellent service, will ride again.",2023-11-08 07:52:21
1858,1859,2437,1589,1828,5,"Smooth ride, on time.",2022-11-28 06:39:43
1859,1860,2438,1589,1343,4,"Excellent service, will ride again.",2022-03-21 22:24:49
1860,1861,2440,1328,1589,3,Super friendly and helpful.,2023-08-18 17:22:11
1862,1863,2444,1631,811,4,"Excellent service, will ride again.",2022-11-01 12:07:56
1863,1864,2446,1631,1394,4,Fast and safe driver.,2023-05-14 16:44:50
1865,1866,2450,1955,1631,4,Super friendly and helpful.,2024-06-06 07:42:58
1868,1869,2455,1631,1041,4,Super friendly and helpful.,2022-04-20 13:41:32
1869,1870,2455,1041,1631,3,"Excellent service, will ride again.",2022-04-20 14:28:32
1870,1871,2458,1631,1248,4,Car was spotless.,2024-05-28 18:03:33
1872,1873,2461,194,943,2,Very clean car.,2024-03-31 13:29:29
1874,1875,2466,855,1373,4,Loved the music selection!,2022-06-11 16:37:58
1875,1876,2467,855,1955,3,Got there safely.,2022-02-06 03:46:44
1876,1877,2467,1955,855,3,Super friendly and helpful.,2022-02-06 05:09:44
1877,1878,2468,1434,1569,3,Average experience.,2024-02-25 17:59:10
1878,1879,2468,1569,1434,3,"Great driver, very professional!",2024-02-25 17:30:10
1880,1881,2470,389,1692,4,Super friendly and helpful.,2023-09-30 09:23:18
1881,1882,2471,189,450,3,"OK trip, nothing special.",2023-03-15 14:50:45
1882,1883,2473,1340,1001,3,Got there safely.,2022-11-28 03:14:01
1883,1884,2473,1001,1340,3,"Great driver, very professional!",2022-11-28 03:50:01
1884,1885,2475,1653,565,5,Very clean car.,2022-02-28 14:18:42
1885,1886,2476,565,472,3,Average experience.,2023-07-14 12:27:52
1886,1887,2477,565,1764,4,Very clean car.,2023-03-16 12:25:54
1887,1888,2481,565,430,3,Average experience.,2024-04-15 14:22:48
1889,1890,2482,866,565,3,"Smooth ride, on time.",2022-08-11 01:20:38
1890,1891,2484,565,62,3,Decent experience.,2023-06-25 19:32:42
1891,1892,2487,162,565,3,Super friendly and helpful.,2023-10-04 02:56:17
1892,1893,2488,729,448,4,Car was spotless.,2022-12-18 06:10:24
1893,1894,2488,448,729,3,"Smooth ride, on time.",2022-12-18 08:11:24
1894,1895,2491,729,131,4,"Great rider, very polite.",2023-04-26 21:28:41
1895,1896,2494,729,66,5,"Great rider, very polite.",2023-09-27 03:07:52
1896,1897,2495,1240,351,5,"Smooth ride, on time.",2022-02-14 09:57:48
1897,1898,2496,947,1240,3,"Excellent service, will ride again.",2022-06-05 06:06:51
1898,1899,2500,1240,1170,5,"5 stars, highly recommend!",2024-03-28 21:58:02
1900,1901,2502,494,1240,3,"Smooth ride, on time.",2024-03-08 09:24:36
1901,1902,2504,1240,1040,4,Fast and safe driver.,2022-07-12 11:59:46
1902,1903,2505,1243,1240,3,Very clean car.,2022-01-22 08:27:05
1903,1904,2509,341,1240,4,"Great driver, very professional!",2024-04-20 02:25:00
1904,1905,2510,1240,776,3,Acceptable ride.,2023-12-09 13:00:07
1905,1906,2510,776,1240,4,"Smooth ride, on time.",2023-12-09 14:41:07
1906,1907,2513,1240,878,4,Very comfortable ride.,2023-06-10 01:29:16
1908,1909,2515,578,818,2,Took a longer route.,2023-12-18 16:24:57
1909,1910,2516,398,1105,4,"Excellent service, will ride again.",2023-04-27 02:40:32
1910,1911,2517,398,1227,3,Decent experience.,2023-04-01 03:55:06
1911,1912,2518,398,665,4,Loved the music selection!,2023-09-30 20:21:03
1912,1913,2518,665,398,4,"Excellent service, will ride again.",2023-09-30 19:21:03
1917,1918,2529,713,1183,4,"Easy pickup, no problems.",2022-12-20 08:49:42
1918,1919,2529,1183,713,2,"Great driver, very professional!",2022-12-20 10:24:42
1919,1920,2531,713,1035,4,Very clean car.,2024-02-29 16:51:08
1920,1921,2533,713,860,5,"Smooth ride, on time.",2023-11-28 15:56:54
1922,1923,2536,713,643,5,"Excellent service, will ride again.",2023-11-23 07:14:43
1923,1924,2538,713,1040,4,Very comfortable ride.,2023-11-12 13:57:40
1925,1926,2541,1661,494,4,Very comfortable ride.,2024-02-19 14:17:41
1926,1927,2541,494,1661,4,"Excellent service, will ride again.",2024-02-19 14:56:41
1927,1928,2542,1661,553,4,Super friendly and helpful.,2023-01-29 18:36:53
1930,1931,2546,1801,1437,5,Car was spotless.,2022-05-09 06:30:09
1931,1932,2546,1437,1801,4,Very clean car.,2022-05-09 07:55:09
1933,1934,2552,694,164,3,Nothing to complain about.,2024-03-27 00:23:36
1934,1935,2552,164,694,4,"Smooth ride, on time.",2024-03-27 01:28:36
1937,1938,2558,694,542,5,"Quick and efficient, thanks!",2024-01-30 00:41:49
1939,1940,2560,553,694,3,"Excellent service, will ride again.",2022-09-07 18:52:01
1941,1942,2561,446,694,5,"Smooth ride, on time.",2022-04-07 03:52:30
1944,1945,2569,694,376,4,"Quick and efficient, thanks!",2022-01-23 16:07:34
1945,1946,2569,376,694,4,Super friendly and helpful.,2022-01-23 18:49:34
1947,1948,2571,630,694,3,Super friendly and helpful.,2023-01-01 17:19:44
1948,1949,2572,694,941,3,"OK trip, nothing special.",2023-10-06 12:09:11
1949,1950,2573,494,694,3,"Excellent service, will ride again.",2024-05-25 00:02:56
1950,1951,2574,694,1105,4,Loved the music selection!,2022-10-21 13:25:36
1951,1952,2575,694,452,4,"5 stars, highly recommend!",2022-08-06 12:25:32
1953,1954,2577,834,694,3,"Excellent service, will ride again.",2023-03-21 09:26:08
1954,1955,2580,694,179,2,Driver was late.,2022-01-25 07:51:52
1955,1956,2581,694,1227,3,Fine driver.,2023-03-04 21:15:55
1956,1957,2581,1227,694,2,"Great driver, very professional!",2023-03-04 21:31:55
1957,1958,2582,694,248,5,"Quick and efficient, thanks!",2023-08-16 20:59:09
1959,1960,2584,1053,694,3,"Excellent service, will ride again.",2023-02-26 10:02:53
1960,1961,2587,694,1933,4,Very clean car.,2022-03-07 18:13:23
1961,1962,2588,694,510,2,Took a longer route.,2023-02-21 13:30:34
1962,1963,2589,694,553,4,Very courteous driver.,2023-03-20 00:35:06
1963,1964,2590,694,323,3,Trip was okay.,2022-03-16 09:04:23
1966,1967,2595,694,1702,3,Nothing to complain about.,2023-10-18 23:41:36
1970,1971,2599,694,825,4,Super friendly and helpful.,2024-02-20 21:33:19
1972,1973,2601,1438,694,4,Super friendly and helpful.,2024-01-08 20:08:05
1973,1974,2602,1702,694,3,Super friendly and helpful.,2023-03-11 16:50:27
1976,1977,2605,553,694,4,Super friendly and helpful.,2023-03-28 01:14:11
1978,1979,2608,549,694,2,"Great driver, very professional!",2022-03-24 20:56:33
1979,1980,2614,694,1141,5,Super friendly and helpful.,2022-11-17 15:57:35
1980,1981,2614,1141,694,4,Super friendly and helpful.,2022-11-17 16:15:35
1981,1982,2615,694,458,3,Trip was okay.,2024-03-11 15:14:09
1984,1985,2620,694,643,5,"5 stars, highly recommend!",2022-03-03 00:27:59
1987,1988,2624,694,1026,4,"Smooth ride, on time.",2024-05-20 17:00:07
1988,1989,2625,1207,694,3,"Smooth ride, on time.",2023-06-23 10:32:22
1990,1991,2630,1983,694,4,"Smooth ride, on time.",2022-06-12 04:31:21
1991,1992,2631,932,694,2,"Smooth ride, on time.",2024-05-19 11:14:36
1992,1993,2633,694,472,3,Fine driver.,2024-06-08 00:24:31
1993,1994,2633,472,694,5,"Great driver, very professional!",2024-06-08 02:37:31
1994,1995,2635,585,694,4,"Excellent service, will ride again.",2022-06-19 08:03:03
1995,1996,2636,694,1584,5,"Smooth ride, on time.",2023-09-26 10:24:12
1996,1997,2636,1584,694,4,"Smooth ride, on time.",2023-09-26 09:55:12
2000,2001,2641,539,694,2,"Excellent service, will ride again.",2022-08-21 14:23:54
2001,2002,2644,1747,919,3,Trip was okay.,2022-03-18 10:48:09
2005,2006,2654,1747,1479,4,"Great rider, very polite.",2022-07-19 18:35:48
2007,2008,2657,1747,1828,4,Very comfortable ride.,2022-06-11 15:14:09
2008,2009,2658,1035,1747,5,Super friendly and helpful.,2022-01-12 13:33:52
2009,2010,2659,1747,1987,4,"Great driver, very professional!",2023-12-13 22:30:35
2010,2011,2660,1747,868,4,"Quick and efficient, thanks!",2022-07-19 05:18:37
2012,2013,2664,1747,1790,4,Very clean car.,2022-09-14 09:49:29
2013,2014,2666,1747,553,4,Super friendly and helpful.,2024-02-20 05:50:17
2014,2015,2666,553,1747,3,"Smooth ride, on time.",2024-02-20 05:59:17
2015,2016,2668,1747,1221,4,Very clean car.,2022-05-08 11:43:13
2016,2017,2670,1747,1532,4,Loved the music selection!,2024-06-05 13:11:41
2018,2019,2675,1356,1747,3,Super friendly and helpful.,2023-03-13 00:40:33
2020,2021,2679,1747,1410,4,Fast and safe driver.,2023-05-19 10:13:08
2021,2022,2680,1747,908,4,Fast and safe driver.,2022-05-10 18:15:07
2023,2024,2683,1747,1812,3,Nothing to complain about.,2023-08-07 04:47:28
2024,2025,2683,1812,1747,4,Very clean car.,2023-08-07 04:15:28
2025,2026,2685,1747,612,4,Very comfortable ride.,2022-07-02 18:54:48
2026,2027,2687,1747,1243,5,Fast and safe driver.,2023-01-21 08:16:31
2027,2028,2687,1243,1747,5,Super friendly and helpful.,2023-01-21 09:00:31
2029,2030,2689,338,1747,3,"Smooth ride, on time.",2023-12-01 08:55:06
2031,2032,2692,1747,1301,5,"Perfect trip, no issues.",2023-09-10 16:43:14
2032,2033,2692,1301,1747,3,"Smooth ride, on time.",2023-09-10 17:02:14
2034,2035,2693,1574,1747,3,"Great driver, very professional!",2023-06-24 03:03:10
2040,2041,2698,693,1747,5,"Excellent service, will ride again.",2023-01-06 07:19:38
2042,2043,2700,1352,1747,4,Super friendly and helpful.,2022-09-15 02:41:18
2043,2044,2701,1747,286,4,"Perfect trip, no issues.",2023-04-29 05:20:19
2044,2045,2702,1747,878,3,Trip was okay.,2023-11-21 10:29:35
2045,2046,2704,1747,389,3,Trip was okay.,2022-02-03 09:55:20
2047,2048,2707,1739,1925,2,Very clean car.,2023-01-09 21:04:17
2049,2050,2709,781,104,3,Trip was okay.,2023-10-17 21:40:10
2052,2053,2712,781,1776,5,Very comfortable ride.,2023-12-04 19:54:24
2053,2054,2713,781,1739,5,"Excellent service, will ride again.",2023-05-19 21:09:37
2054,2055,2715,781,1869,4,Car was spotless.,2022-12-08 17:10:09
2055,2056,2717,781,258,4,Car was spotless.,2023-01-29 18:06:20
2056,2057,2717,258,781,4,"Excellent service, will ride again.",2023-01-29 18:26:20
2058,2059,2720,781,498,4,"Smooth ride, on time.",2024-04-28 10:42:28
2059,2060,2720,498,781,2,"Excellent service, will ride again.",2024-04-28 11:32:28
2060,2061,2721,781,1248,4,"Great driver, very professional!",2023-07-23 03:59:00
2061,2062,2722,781,1975,4,"Perfect trip, no issues.",2022-07-10 21:01:40
2062,2063,2724,1324,781,5,"Excellent service, will ride again.",2023-12-01 06:11:03
2063,2064,2726,781,201,5,Super friendly and helpful.,2024-06-17 15:07:00
2064,2065,2727,781,608,4,"Perfect trip, no issues.",2023-01-17 14:37:01
2065,2066,2728,781,1196,5,Super friendly and helpful.,2022-03-14 19:41:25
2066,2067,2730,781,1088,3,Trip was okay.,2022-01-13 17:30:34
2067,2068,2730,1088,781,2,Very clean car.,2022-01-13 19:54:34
2069,2070,2733,833,781,3,"Great driver, very professional!",2023-02-11 11:23:20
2071,2072,2735,480,1755,1,Had trouble finding the pickup spot.,2023-04-17 23:33:53
2072,2073,2736,1997,1053,4,Very comfortable ride.,2023-12-21 23:58:07
2073,2074,2736,1053,1997,5,Super friendly and helpful.,2023-12-21 23:52:07
2074,2075,2738,834,1997,2,"Great driver, very professional!",2023-07-01 06:12:47
2076,2077,2743,355,1497,4,"Perfect trip, no issues.",2023-07-19 07:42:51
2077,2078,2744,728,355,4,Very clean car.,2023-06-03 10:22:22
2079,2080,2745,883,955,2,"Excellent service, will ride again.",2022-10-03 06:54:17
2082,2083,2748,271,955,3,"Great driver, very professional!",2024-05-19 17:11:58
2083,2084,2750,955,1350,4,"Smooth ride, on time.",2024-02-16 12:24:46
2084,2085,2754,955,1139,4,"Great driver, very professional!",2023-11-02 14:06:11
2085,2086,2754,1139,955,3,"Smooth ride, on time.",2023-11-02 14:49:11
2086,2087,2755,955,1606,4,"Smooth ride, on time.",2022-11-24 02:09:44
2088,2089,2756,1853,955,5,"Smooth ride, on time.",2022-10-08 14:30:03
2090,2091,2759,955,1328,4,Very clean car.,2024-04-06 15:38:05
2091,2092,2761,955,44,4,"Quick and efficient, thanks!",2022-06-10 10:31:38
2092,2093,2762,955,925,3,Average experience.,2022-09-09 12:41:46
2095,2096,2764,1853,955,3,Super friendly and helpful.,2024-03-07 09:35:08
2098,2099,2766,748,955,3,"Great driver, very professional!",2022-01-10 22:16:11
2099,2100,2768,955,439,4,"Great rider, very polite.",2023-09-11 07:00:14
2100,2101,2770,955,338,4,"Easy pickup, no problems.",2024-02-18 18:15:30
2101,2102,2770,338,955,4,Very clean car.,2024-02-18 18:56:30
2102,2103,2771,955,1700,4,"Great rider, very polite.",2023-11-22 17:21:01
2103,2104,2771,1700,955,2,Super friendly and helpful.,2023-11-22 17:27:01
2106,2107,2776,955,543,2,Car smelled bad.,2023-12-06 08:07:14
2107,2108,2777,955,31,4,Car was spotless.,2023-03-02 20:07:35
2108,2109,2779,955,1461,4,Loved the music selection!,2023-02-23 07:32:37
2109,2110,2780,1461,955,4,"Great driver, very professional!",2022-06-17 22:20:44
2113,2114,2788,955,323,5,Fast and safe driver.,2024-01-05 05:57:20
2114,2115,2790,697,955,4,"Excellent service, will ride again.",2022-02-02 12:57:48
2115,2116,2791,955,1651,4,Very clean car.,2022-09-16 14:54:33
2116,2117,2792,955,2,5,"Excellent service, will ride again.",2024-05-14 02:23:16
2117,2118,2792,2,955,4,"Excellent service, will ride again.",2024-05-14 02:25:16
2118,2119,2793,1987,955,5,Very clean car.,2022-10-25 16:06:05
2120,2121,2797,271,955,3,"Excellent service, will ride again.",2023-12-04 22:01:18
2121,2122,2799,14,955,3,Very clean car.,2023-12-08 08:48:43
2123,2124,2801,997,955,4,"Smooth ride, on time.",2022-11-26 05:27:15
2124,2125,2802,1081,955,3,"Smooth ride, on time.",2023-05-23 07:53:07
2127,2128,2805,955,258,3,"OK trip, nothing special.",2022-08-23 23:44:49
2129,2130,2806,65,955,2,"Excellent service, will ride again.",2023-12-16 01:07:16
2130,2131,2809,955,119,4,Loved the music selection!,2022-11-30 03:53:27
2134,2135,2813,389,955,2,"Excellent service, will ride again.",2022-12-21 15:22:02
2135,2136,2815,955,341,5,Very courteous driver.,2023-10-29 06:25:46
2136,2137,2816,955,318,5,"Excellent service, will ride again.",2024-04-27 05:06:53
2138,2139,2819,955,1776,4,Super friendly and helpful.,2022-12-15 09:17:24
2139,2140,2821,955,1181,5,"Great rider, very polite.",2022-12-11 07:58:53
2140,2141,2821,1181,955,3,"Excellent service, will ride again.",2022-12-11 06:29:53
2142,2143,2823,1301,955,3,"Smooth ride, on time.",2023-05-30 19:36:32
2144,2145,2824,1727,955,3,"Excellent service, will ride again.",2023-02-08 07:23:41
2146,2147,2827,1851,1574,3,Trip was okay.,2022-09-01 02:54:34
2147,2148,2828,1611,1590,4,Very clean car.,2022-03-29 21:14:39
2149,2150,2832,1041,1611,4,"Great driver, very professional!",2024-04-06 07:56:49
2150,2151,2839,1316,1482,4,Fast and safe driver.,2022-03-20 02:11:31
2151,2152,2841,1316,1947,5,"Perfect trip, no issues.",2022-08-27 07:18:22
2154,2155,2843,433,1316,4,"Great driver, very professional!",2022-03-15 03:42:23
2155,2156,2844,1316,485,4,Super friendly and helpful.,2024-01-05 04:52:30
2156,2157,2844,485,1316,2,"Great driver, very professional!",2024-01-05 06:12:30
2157,2158,2845,1316,1373,3,Decent experience.,2022-09-20 05:28:37
2161,2162,2850,1316,394,5,"Smooth ride, on time.",2022-10-11 06:44:02
2163,2164,2855,1942,1437,5,"Smooth ride, on time.",2024-04-20 16:57:18
2165,2166,2860,184,929,4,"5 stars, highly recommend!",2023-09-09 12:42:16
2166,2167,2861,642,542,5,Very clean car.,2023-08-03 20:32:09
2167,2168,2864,1726,608,4,Very clean car.,2022-02-11 05:36:37
2168,2169,2868,1726,782,4,"5 stars, highly recommend!",2023-10-30 11:22:54
2169,2170,2868,782,1726,2,"Great driver, very professional!",2023-10-30 13:12:54
2171,2172,2872,408,1726,3,Super friendly and helpful.,2022-09-09 10:20:16
2172,2173,2877,1438,1726,2,"Excellent service, will ride again.",2022-12-12 23:04:19
2173,2174,2879,1726,515,3,"OK trip, nothing special.",2023-08-21 09:36:33
2175,2176,2881,1726,868,4,"5 stars, highly recommend!",2022-04-16 18:59:22
2176,2177,2881,868,1726,3,"Smooth ride, on time.",2022-04-16 20:10:22
2177,2178,2883,1726,24,5,"Great rider, very polite.",2024-01-29 03:57:42
2179,2180,2890,1025,1724,3,Trip was okay.,2023-12-25 08:47:14
2180,2181,2891,1025,1651,4,"Easy pickup, no problems.",2022-10-19 23:16:17
2181,2182,2892,867,1025,2,"Great driver, very professional!",2024-01-21 14:02:02
2182,2183,2893,1938,1461,4,"Easy pickup, no problems.",2023-07-17 07:33:04
2183,2184,2893,1461,1938,4,"Smooth ride, on time.",2023-07-17 08:49:04
2188,2189,2900,201,487,3,Very clean car.,2023-11-15 10:01:59
2189,2190,2901,487,1237,5,Super friendly and helpful.,2022-09-30 13:43:01
2190,2191,2902,118,487,3,Super friendly and helpful.,2023-03-11 01:15:46
2192,2193,2903,1890,487,2,Super friendly and helpful.,2022-10-24 16:19:34
2193,2194,2904,1555,487,4,"Smooth ride, on time.",2023-12-11 08:42:53
2194,2195,2905,487,190,3,Average experience.,2022-08-16 17:43:39
2195,2196,2906,777,487,3,Super friendly and helpful.,2024-01-21 14:22:30
2198,2199,2913,487,1331,4,"Great rider, very polite.",2024-02-27 16:25:23
2199,2200,2915,487,341,4,"Perfect trip, no issues.",2023-02-17 17:43:06
2202,2203,2918,1105,487,3,Very clean car.,2023-04-11 00:24:09
2203,2204,2922,487,1100,5,Super friendly and helpful.,2024-06-15 23:25:42
2205,2206,2924,487,800,2,Had trouble finding the pickup spot.,2023-02-24 13:22:21
2210,2211,2928,1776,487,4,Super friendly and helpful.,2022-10-26 07:46:07
2212,2213,2933,487,334,4,Very clean car.,2023-09-07 12:58:26
2213,2214,2934,487,224,2,Driver was late.,2024-03-31 01:47:57
2214,2215,2934,224,487,4,"Great driver, very professional!",2024-03-31 03:04:57
2215,2216,2935,487,2,4,"Smooth ride, on time.",2022-02-22 05:08:33
2216,2217,2936,487,202,4,Very courteous driver.,2022-12-18 06:52:22
2218,2219,2938,487,728,4,"Quick and efficient, thanks!",2023-09-25 11:42:15
2219,2220,2941,487,1001,4,Fast and safe driver.,2022-06-19 01:38:00
2220,2221,2942,487,1373,4,"Smooth ride, on time.",2022-06-01 09:48:55
2222,2223,2945,487,229,4,"Great rider, very polite.",2023-12-13 13:15:45
2223,2224,2946,487,1724,4,Fast and safe driver.,2022-12-10 09:53:03
2225,2226,2951,487,1437,5,Car was spotless.,2022-12-16 01:50:00
2227,2228,2954,487,40,4,"5 stars, highly recommend!",2022-06-26 23:53:48
2228,2229,2954,40,487,3,Super friendly and helpful.,2022-06-27 00:25:48
2230,2231,2957,1237,487,3,"Excellent service, will ride again.",2022-05-08 05:53:53
2231,2232,2959,1947,487,5,"Excellent service, will ride again.",2022-02-16 01:38:28
2232,2233,2960,487,1975,5,"Easy pickup, no problems.",2024-04-22 05:01:08
2238,2239,2966,487,602,5,Loved the music selection!,2023-12-22 16:21:03
2240,2241,2968,553,487,2,Very clean car.,2023-04-15 19:48:08
2241,2242,2970,487,878,4,"Great rider, very polite.",2024-05-10 12:12:36
2242,2243,2971,487,1968,4,"5 stars, highly recommend!",2022-12-01 16:32:57
2243,2244,2972,487,1474,4,Car was spotless.,2022-02-03 14:58:59
2246,2247,2975,1410,1223,3,"Excellent service, will ride again.",2023-10-05 22:23:43
2248,2249,2976,1795,1223,3,Very clean car.,2022-10-31 01:45:42
2249,2250,2977,1373,1223,3,"Excellent service, will ride again.",2022-04-01 08:47:05
2250,2251,2979,1223,782,5,Car was spotless.,2023-11-27 00:29:50
2251,2252,2980,1223,778,3,"OK trip, nothing special.",2022-05-06 15:41:24
2252,2253,2980,778,1223,5,Super friendly and helpful.,2022-05-06 14:00:24
2253,2254,2981,1223,351,4,"Great driver, very professional!",2022-12-31 03:07:32
2254,2255,2985,1223,1606,3,"OK trip, nothing special.",2023-09-21 12:53:08
2256,2257,2992,1956,1852,3,Very clean car.,2022-08-30 07:56:30
2258,2259,2997,1852,1569,4,"Smooth ride, on time.",2024-05-24 15:31:39
2259,2260,2997,1569,1852,3,Super friendly and helpful.,2024-05-24 15:58:39
2262,2263,3002,1606,1852,3,Super friendly and helpful.,2022-03-19 07:45:24
2263,2264,3003,1852,1841,3,Trip was okay.,2022-07-17 03:56:04
2264,2265,3005,1852,1948,4,"Excellent service, will ride again.",2022-11-30 07:00:54
2265,2266,3007,1852,1561,4,Car was spotless.,2023-08-15 03:56:53
2268,2269,3012,1852,1561,4,Loved the music selection!,2023-11-20 13:36:52
2270,2271,3014,1026,1852,2,"Smooth ride, on time.",2022-10-23 05:13:49
2271,2272,3018,1852,136,4,Super friendly and helpful.,2022-12-09 10:41:45
2272,2273,3023,1852,472,2,Took too long.,2024-02-02 21:10:30
2273,2274,3023,472,1852,4,"Smooth ride, on time.",2024-02-02 23:07:30
2275,2276,3025,1852,376,4,Loved the music selection!,2023-08-26 06:48:03
2276,2277,3025,376,1852,3,Very clean car.,2023-08-26 07:48:03
2277,2278,3026,1852,1205,3,Fine driver.,2022-11-05 19:22:35
2278,2279,3027,1852,543,3,Average experience.,2023-01-26 00:50:33
2281,2282,3029,1852,452,5,Very courteous driver.,2023-01-07 10:42:22
2282,2283,3031,1852,1739,4,"Excellent service, will ride again.",2023-06-19 23:55:46
2286,2287,3036,1941,1852,2,"Great driver, very professional!",2022-10-03 08:07:50
2288,2289,3038,485,1852,2,"Great driver, very professional!",2024-05-19 14:01:44
2289,2290,3039,811,1852,4,Super friendly and helpful.,2022-02-07 03:44:31
2290,2291,3040,1852,782,3,"OK trip, nothing special.",2023-02-19 03:59:43
2292,2293,3042,1852,1427,5,"5 stars, highly recommend!",2022-12-03 12:41:24
2294,2295,3043,1653,1852,3,Super friendly and helpful.,2023-03-28 18:43:57
2295,2296,3046,439,1852,3,"Great driver, very professional!",2023-05-08 16:20:07
2298,2299,3048,728,1852,3,Super friendly and helpful.,2022-12-25 08:26:43
2299,2300,3049,1852,1649,4,"Excellent service, will ride again.",2024-04-04 01:26:42
2300,2301,3051,1852,1889,4,Very courteous driver.,2022-12-20 23:43:26
2301,2302,3052,1853,1852,3,"Great driver, very professional!",2023-12-10 14:58:59
2303,2304,3053,1865,1852,2,Very clean car.,2024-01-09 15:14:04
2304,2305,3056,1852,1134,5,"Quick and efficient, thanks!",2023-11-27 18:44:09
2305,2306,3058,1852,1700,4,Car was spotless.,2023-12-16 22:42:55
2306,2307,3060,1852,1947,4,Loved the music selection!,2024-02-16 23:56:10
2307,2308,3060,1947,1852,2,Very clean car.,2024-02-16 22:55:10
2308,2309,3061,199,1852,4,Super friendly and helpful.,2024-05-10 22:50:39
2309,2310,3062,1852,664,4,"Perfect trip, no issues.",2023-12-20 03:54:51
2311,2312,3063,585,1852,2,Super friendly and helpful.,2023-02-10 14:19:38
2312,2313,3064,1852,1207,4,"Easy pickup, no problems.",2023-10-02 10:19:07
2313,2314,3064,1207,1852,3,"Smooth ride, on time.",2023-10-02 11:57:07
2315,2316,3065,450,1852,4,Super friendly and helpful.,2022-12-27 22:35:24
2316,2317,3066,207,1852,3,Super friendly and helpful.,2022-07-19 01:10:37
2317,2318,3068,1852,508,4,"Great rider, very polite.",2022-07-23 14:53:50
2318,2319,3072,1852,2,5,Very courteous driver.,2022-03-23 13:48:12
2319,2320,3072,2,1852,5,Very clean car.,2022-03-23 15:09:12
2320,2321,3074,1852,439,3,"OK trip, nothing special.",2023-07-22 14:14:21
2321,2322,3078,1852,286,5,Car was spotless.,2024-06-03 02:43:18
2322,2323,3080,1852,996,3,Average experience.,2023-02-08 21:17:07
2323,2324,3083,1852,1651,5,"Perfect trip, no issues.",2023-10-18 07:23:27
2324,2325,3083,1651,1852,3,"Excellent service, will ride again.",2023-10-18 08:12:27
2326,2327,3084,118,1852,3,"Excellent service, will ride again.",2024-01-20 00:34:49
2327,2328,3087,697,1852,3,"Smooth ride, on time.",2022-07-19 20:49:15
2329,2330,3089,1684,1852,4,Super friendly and helpful.,2024-03-10 16:18:18
2330,2331,3090,1852,485,4,"5 stars, highly recommend!",2022-10-24 23:20:10
2331,2332,3090,485,1852,4,"Excellent service, will ride again.",2022-10-25 00:50:10
2332,2333,3092,1522,248,3,Decent experience.,2022-12-27 11:28:20
2333,2334,3094,1982,645,5,"5 stars, highly recommend!",2023-08-24 21:21:54
2334,2335,3094,645,1982,2,"Great driver, very professional!",2023-08-24 22:15:54
2335,2336,3095,1982,1794,4,Very clean car.,2022-04-15 02:56:14
2337,2338,3099,1809,1853,4,"5 stars, highly recommend!",2022-07-12 09:03:01
2338,2339,3100,1809,1373,4,Very courteous driver.,2022-12-19 22:00:09
2339,2340,3101,878,1809,2,Super friendly and helpful.,2024-05-06 17:21:12
2341,2342,3104,1809,1776,4,Car was spotless.,2023-07-28 12:59:05
2343,2344,3105,1809,1727,4,Very courteous driver.,2022-07-05 16:02:17
2346,2347,3107,1809,155,4,Very courteous driver.,2022-07-14 04:09:27
2347,2348,3112,318,1809,2,"Excellent service, will ride again.",2024-04-26 06:05:04
2349,2350,3115,1294,65,3,Fine driver.,2024-06-19 22:55:03
2350,2351,3117,1099,1294,3,"Excellent service, will ride again.",2022-08-11 21:50:03
2351,2352,3123,1492,1294,5,"Excellent service, will ride again.",2023-03-17 23:12:52
2353,2354,3124,1350,1294,2,"Smooth ride, on time.",2022-11-07 18:39:09
2354,2355,3125,1294,1105,4,"5 stars, highly recommend!",2023-11-07 11:18:40
2357,2358,3127,1294,1187,2,Not very clean.,2022-05-13 16:40:56
2358,2359,3130,553,1156,4,"Great driver, very professional!",2023-01-05 09:23:22
2359,2360,3132,1156,1088,3,Nothing to complain about.,2023-09-04 05:56:53
2360,2361,3132,1088,1156,4,"Great driver, very professional!",2023-09-04 05:44:53
2361,2362,3133,1234,677,5,Super friendly and helpful.,2023-01-27 23:14:17
2362,2363,3138,286,1234,4,"Smooth ride, on time.",2022-09-07 00:24:05
2363,2364,3139,1579,458,3,Decent experience.,2022-04-22 12:38:21
2364,2365,3139,458,1579,3,"Great driver, very professional!",2022-04-22 13:55:21
2365,2366,3140,1579,515,3,Nothing to complain about.,2024-02-05 21:13:48
2368,2369,3142,742,1579,4,Very clean car.,2023-10-25 21:45:33
2369,2370,3143,1532,1579,3,Super friendly and helpful.,2024-06-24 11:07:55
2371,2372,3145,1579,1134,3,"OK trip, nothing special.",2023-02-18 12:42:28
2372,2373,3147,1579,1198,4,Loved the music selection!,2023-02-13 08:22:33
2374,2375,3149,1579,1430,4,"Excellent service, will ride again.",2022-07-15 00:21:09
2375,2376,3150,1579,1248,4,"Excellent service, will ride again.",2023-05-30 07:50:42
2376,2377,3151,1579,1198,5,Very clean car.,2022-01-30 18:47:45
2380,2381,3154,351,1579,2,"Great driver, very professional!",2024-06-18 20:54:19
2382,2383,3156,1437,1579,5,"Smooth ride, on time.",2022-10-10 17:57:41
2385,2386,3161,1579,866,4,"Great driver, very professional!",2022-01-06 06:25:13
2386,2387,3162,1579,1640,4,"Great rider, very polite.",2022-04-29 08:58:06
2387,2388,3162,1640,1579,4,"Excellent service, will ride again.",2022-04-29 08:38:06
2388,2389,3163,1579,1386,4,"5 stars, highly recommend!",2022-01-27 12:43:26
2390,2391,3165,677,1579,2,Very clean car.,2022-06-14 06:43:22
2393,2394,3170,1579,1607,3,Nothing to complain about.,2022-12-02 01:27:24
2394,2395,3171,1099,1579,2,"Great driver, very professional!",2023-08-19 14:27:30
2397,2398,3174,1579,585,5,"Quick and efficient, thanks!",2022-10-11 18:05:27
2398,2399,3174,585,1579,3,Very clean car.,2022-10-11 17:50:27
2399,2400,3175,1579,1293,4,"Easy pickup, no problems.",2023-01-07 04:18:20
2402,2403,3177,1206,1579,3,"Great driver, very professional!",2023-11-29 05:09:16
2403,2404,3178,1579,1981,4,Fast and safe driver.,2022-04-24 07:33:58
2405,2406,3180,1030,1579,1,"Excellent service, will ride again.",2022-09-15 17:58:12
2408,2409,3187,1579,1781,5,Very comfortable ride.,2023-10-07 21:46:15
2409,2410,3188,959,1579,3,Super friendly and helpful.,2024-04-23 21:14:47
2410,2411,3190,1579,1507,5,Very courteous driver.,2023-02-18 10:34:55
2411,2412,3191,1579,1948,4,Loved the music selection!,2023-04-16 00:13:54
2413,2414,3194,1579,825,4,Super friendly and helpful.,2022-08-22 04:10:22
2415,2416,3195,549,1579,4,"Excellent service, will ride again.",2022-04-07 02:21:10
2416,2417,3197,1579,136,4,Car was spotless.,2024-01-13 20:04:26
2417,2418,3198,1307,1482,4,"Great driver, very professional!",2022-06-16 23:59:25
2420,2421,3201,2,1307,2,Super friendly and helpful.,2022-07-18 21:50:11
2421,2422,3202,1307,1795,3,Nothing to complain about.,2024-05-21 05:56:45
2425,2426,3207,367,1713,5,"Quick and efficient, thanks!",2022-09-02 04:08:29
2426,2427,3208,1829,1479,4,"Quick and efficient, thanks!",2022-08-11 19:28:09
2427,2428,3209,1829,1727,5,Very comfortable ride.,2024-01-09 00:18:34
2428,2429,3209,1727,1829,5,"Smooth ride, on time.",2024-01-09 01:34:34
2430,2431,3211,1001,1829,4,Very clean car.,2024-06-15 17:28:35
2431,2432,3214,1829,1547,5,Very comfortable ride.,2024-02-28 10:36:08
2433,2434,3217,1623,1829,4,Very clean car.,2022-12-17 20:54:15
2434,2435,3218,1829,664,4,"Smooth ride, on time.",2024-06-23 20:00:11
2435,2436,3218,664,1829,4,"Great driver, very professional!",2024-06-23 20:03:11
2437,2438,3219,602,1829,3,"Excellent service, will ride again.",2024-02-26 13:30:49
2438,2439,3220,645,1829,3,"Great driver, very professional!",2022-01-03 07:37:12
2447,2448,3232,119,1092,2,Super friendly and helpful.,2023-10-13 01:09:27
2448,2449,3234,1092,1336,4,"Great rider, very polite.",2022-06-22 16:35:46
2451,2452,3237,1301,1092,4,"Smooth ride, on time.",2022-01-09 14:27:38
2452,2453,3244,1092,1776,5,"Excellent service, will ride again.",2024-06-10 08:00:36
2454,2455,3248,1795,1092,3,Super friendly and helpful.,2024-02-26 03:59:52
2455,2456,3249,736,1092,5,"Excellent service, will ride again.",2022-01-11 18:19:31
2456,2457,3250,1092,1654,2,Took too long.,2023-01-20 10:39:30
2457,2458,3250,1654,1092,4,"Smooth ride, on time.",2023-01-20 10:18:30
2458,2459,3252,1092,1700,4,"Excellent service, will ride again.",2022-06-01 20:03:56
2459,2460,3253,1092,585,5,"Quick and efficient, thanks!",2024-01-08 16:22:24
2460,2461,3253,585,1092,2,Super friendly and helpful.,2024-01-08 16:18:24
2462,2463,3254,1983,1092,3,"Great driver, very professional!",2023-10-27 23:35:08
2465,2466,3257,705,1092,3,"Smooth ride, on time.",2023-09-16 23:01:04
2469,2470,3262,1092,162,4,"Quick and efficient, thanks!",2024-04-30 15:48:50
2470,2471,3262,162,1092,3,"Smooth ride, on time.",2024-04-30 17:28:50
2471,2472,3264,1309,1092,4,Very clean car.,2023-12-26 12:07:41
2472,2473,3265,1092,766,4,Loved the music selection!,2024-04-08 19:28:16
2473,2474,3267,1092,1654,2,Took a longer route.,2024-05-17 11:51:42
2474,2475,3271,1092,1427,4,Loved the music selection!,2023-06-19 09:43:32
2475,2476,3272,1092,1044,3,Got there safely.,2024-05-01 22:30:52
2476,2477,3274,1492,1092,3,"Smooth ride, on time.",2022-02-02 00:35:14
2477,2478,3275,1092,66,3,Trip was okay.,2023-02-22 16:39:59
2478,2479,3276,1092,52,4,"Easy pickup, no problems.",2023-07-13 11:46:46
2479,2480,3277,1092,1968,5,"Smooth ride, on time.",2023-08-08 03:13:46
2481,2482,3279,1092,571,4,"Perfect trip, no issues.",2022-08-30 16:52:51
2482,2483,3280,1092,868,4,Fast and safe driver.,2024-05-01 13:28:30
2483,2484,3280,868,1092,2,"Excellent service, will ride again.",2024-05-01 14:40:30
2484,2485,3281,996,1092,4,"Excellent service, will ride again.",2024-06-06 17:49:13
2485,2486,3285,1092,1865,4,"Great rider, very polite.",2023-05-07 20:09:59
2486,2487,3286,256,1092,4,"Smooth ride, on time.",2023-07-27 19:31:06
2488,2489,3288,553,1092,3,Super friendly and helpful.,2023-06-21 23:54:21
2489,2490,3289,601,1092,2,"Great driver, very professional!",2023-04-13 10:24:16
2490,2491,3290,1092,146,3,"OK trip, nothing special.",2022-05-20 12:19:16
2491,2492,3291,1092,1790,5,"Great driver, very professional!",2022-06-10 06:42:25
2492,2493,3291,1790,1092,2,"Great driver, very professional!",2022-06-10 07:40:25
2495,2496,3297,1092,777,5,Super friendly and helpful.,2023-03-22 22:51:51
2496,2497,3298,1430,1092,3,"Smooth ride, on time.",2022-03-27 12:02:26
2499,2500,3300,995,1092,4,Very clean car.,2022-08-26 09:28:15
2501,2502,3305,1092,1471,4,Very courteous driver.,2024-04-05 04:34:35
2502,2503,3305,1471,1092,2,Super friendly and helpful.,2024-04-05 05:22:35
2504,2505,3306,1814,1092,3,"Smooth ride, on time.",2023-08-20 21:25:40
2506,2507,3310,1092,1108,4,Super friendly and helpful.,2023-03-02 12:00:03
2507,2508,3311,1092,434,5,"Quick and efficient, thanks!",2023-06-11 06:05:09
2508,2509,3311,434,1092,3,Very clean car.,2023-06-11 05:29:09
2509,2510,3314,1092,324,5,"Perfect trip, no issues.",2022-09-27 16:20:03
2510,2511,3316,1092,472,4,"5 stars, highly recommend!",2023-05-21 04:34:24
2512,2513,3318,1092,969,3,"OK trip, nothing special.",2022-12-18 09:42:44
2516,2517,3322,1092,1413,3,"OK trip, nothing special.",2023-06-08 20:10:14
2517,2518,3323,1092,1131,4,Fast and safe driver.,2023-06-13 02:39:56
2518,2519,3324,1993,245,4,Super friendly and helpful.,2022-11-07 08:36:52
2521,2522,3331,1607,325,4,"Great driver, very professional!",2023-07-13 18:54:14
2523,2524,3335,1115,1410,5,"Excellent service, will ride again.",2024-06-26 00:36:38
2524,2525,3335,1410,1115,1,"Great driver, very professional!",2024-06-26 01:29:38
2526,2527,3336,271,1115,3,Very clean car.,2024-03-23 14:45:26
2527,2528,3337,1115,1684,4,Car was spotless.,2022-11-28 20:10:46
2528,2529,3337,1684,1115,3,"Smooth ride, on time.",2022-11-28 21:22:46
2529,2530,3339,835,1608,4,"Perfect trip, no issues.",2022-05-28 02:41:23
2531,2532,3341,1561,1664,3,Super friendly and helpful.,2023-01-04 13:10:39
2533,2534,3343,1394,1664,4,"Excellent service, will ride again.",2023-09-09 04:34:19
2535,2536,3348,1664,351,4,"Perfect trip, no issues.",2024-05-11 13:44:34
2536,2537,3349,1664,230,4,Car was spotless.,2022-09-11 06:40:59
2538,2539,3351,1839,1664,4,"Excellent service, will ride again.",2023-06-19 13:30:10
2539,2540,3354,1664,811,2,Had trouble finding the pickup spot.,2022-04-29 09:05:02
2541,2542,3356,1736,1664,4,Super friendly and helpful.,2024-02-08 11:35:54
2543,2544,3357,1352,1664,2,Super friendly and helpful.,2022-08-11 05:10:48
2544,2545,3360,1664,119,5,"5 stars, highly recommend!",2024-02-17 18:20:35
2547,2548,3362,977,1664,2,"Excellent service, will ride again.",2023-02-02 03:07:06
2549,2550,3365,1664,1302,3,Average experience.,2022-03-08 16:52:43
2550,2551,3368,1664,256,5,Loved the music selection!,2024-02-13 15:36:27
2551,2552,3369,1664,1933,3,Decent experience.,2022-06-24 11:19:02
2553,2554,3371,1181,1664,4,"Excellent service, will ride again.",2023-06-08 10:53:07
2554,2555,3373,1664,1001,5,"5 stars, highly recommend!",2022-11-14 22:58:23
2556,2557,3375,1664,1975,5,Loved the music selection!,2022-04-09 06:18:40
2557,2558,3377,1664,1564,3,Trip was okay.,2023-05-22 03:16:20
2558,2559,3378,1664,66,4,"Great rider, very polite.",2022-10-14 20:59:44
2559,2560,3381,1227,1664,5,"Smooth ride, on time.",2022-11-07 23:19:46
2560,2561,3383,1664,1099,5,Car was spotless.,2023-07-25 22:31:09
2562,2563,3388,1664,1828,5,Fast and safe driver.,2022-11-02 21:18:41
2563,2564,3389,1664,201,5,Super friendly and helpful.,2024-03-06 01:05:26
2565,2566,3391,1727,1664,5,"Great driver, very professional!",2022-11-16 11:47:34
2566,2567,3392,1664,472,3,Acceptable ride.,2022-12-27 03:17:40
2568,2569,3393,920,1664,4,"Excellent service, will ride again.",2023-08-29 01:10:59
2570,2571,3394,1608,1664,2,Very clean car.,2024-06-28 08:08:58
2572,2573,3398,23,1775,4,Super friendly and helpful.,2023-09-13 08:02:34
2573,2574,3401,23,1131,5,"Great driver, very professional!",2023-11-19 00:05:00
2575,2576,3403,23,1135,4,Super friendly and helpful.,2023-08-05 10:19:34
2576,2577,3404,1752,23,2,Super friendly and helpful.,2023-04-16 20:19:50
2577,2578,3405,23,766,4,Car was spotless.,2022-10-15 18:09:22
2578,2579,3406,23,1131,4,"Excellent service, will ride again.",2023-11-22 14:56:02
2580,2581,3407,1430,23,2,Very clean car.,2023-07-17 16:39:32
2582,2583,3409,1995,23,2,"Great driver, very professional!",2024-06-28 06:50:04
2583,2584,3410,351,23,3,Very clean car.,2023-04-03 10:53:39
2584,2585,3413,811,23,4,"Smooth ride, on time.",2023-10-31 07:25:49
2585,2586,3415,23,564,5,"Quick and efficient, thanks!",2024-03-13 11:17:07
2587,2588,3419,986,521,3,Very clean car.,2022-02-13 16:39:04
2588,2589,3420,521,1584,5,"Great driver, very professional!",2024-01-11 15:08:36
2589,2590,3421,521,1702,2,Not very clean.,2023-05-13 17:17:43
2590,2591,3421,1702,521,1,"Excellent service, will ride again.",2023-05-13 17:29:43
2591,2592,3423,1352,521,4,"Smooth ride, on time.",2022-06-28 00:14:22
2592,2593,3428,521,1023,4,Car was spotless.,2023-03-12 18:04:54
2594,2595,3429,1653,521,3,"Excellent service, will ride again.",2022-10-23 11:53:37
2599,2600,3434,521,207,3,Decent experience.,2023-05-29 07:34:19
2600,2601,3434,207,521,3,"Excellent service, will ride again.",2023-05-29 07:01:19
2601,2602,3435,862,726,4,Fast and safe driver.,2022-12-05 05:12:25
2602,2603,3437,862,338,4,Fast and safe driver.,2022-08-21 07:45:01
2603,2604,3440,1995,862,5,Super friendly and helpful.,2022-12-24 18:52:34
2604,2605,3441,862,1477,3,Decent experience.,2022-05-15 10:28:04
2607,2608,3444,1968,862,3,"Excellent service, will ride again.",2022-09-06 19:52:24
2609,2610,3445,1301,862,4,"Excellent service, will ride again.",2022-12-26 23:49:00
2612,2613,3452,862,446,4,"Smooth ride, on time.",2022-07-23 13:38:43
2616,2617,3459,833,862,3,"Smooth ride, on time.",2023-09-21 18:21:48
2617,2618,3461,862,1310,3,Trip was okay.,2022-03-02 20:43:40
2620,2621,3468,1206,862,3,"Excellent service, will ride again.",2022-08-07 01:07:28
2621,2622,3469,163,1461,3,Trip was okay.,2023-05-22 18:37:17
2623,2624,3470,1472,163,4,Super friendly and helpful.,2022-02-25 07:17:17
2624,2625,3471,1104,163,3,"Excellent service, will ride again.",2022-06-28 21:27:33
2627,2628,3475,769,1526,4,"Excellent service, will ride again.",2024-05-18 13:59:36
2629,2630,3479,769,1437,5,"Smooth ride, on time.",2023-11-21 14:31:21
2633,2634,3488,1937,769,1,Very clean car.,2022-10-20 12:27:15
2634,2635,3490,1574,769,3,"Smooth ride, on time.",2023-10-18 03:43:19
2635,2636,3491,769,1183,4,"Great driver, very professional!",2024-01-25 23:58:38
2636,2637,3492,1492,769,2,"Excellent service, will ride again.",2023-02-10 21:32:59
2637,2638,3493,1210,769,4,Super friendly and helpful.,2023-03-01 16:37:13
2639,2640,3497,769,14,3,"OK trip, nothing special.",2023-01-27 17:14:59
2640,2641,3498,769,925,5,"Excellent service, will ride again.",2022-10-23 07:21:10
2642,2643,3499,125,769,3,"Smooth ride, on time.",2023-08-10 22:50:03
2643,2644,3501,769,1727,4,Car was spotless.,2022-01-23 02:31:31
2644,2645,3502,769,1894,3,Trip was okay.,2023-06-05 01:39:58
2646,2647,3506,769,811,4,Very courteous driver.,2023-12-24 16:18:06
2649,2650,3516,769,1558,4,"Quick and efficient, thanks!",2024-04-06 12:03:03
2650,2651,3516,1558,769,4,Super friendly and helpful.,2024-04-06 11:40:03
2651,2652,3518,769,248,3,Average experience.,2022-07-12 13:59:10
2654,2655,3527,769,1135,4,"Easy pickup, no problems.",2022-07-22 11:21:21
2655,2656,3527,1135,769,3,"Great driver, very professional!",2022-07-22 11:34:21
2657,2658,3532,1649,769,3,"Great driver, very professional!",2024-02-21 23:27:02
2660,2661,3535,782,769,4,"Excellent service, will ride again.",2024-01-24 04:08:10
2662,2663,3540,769,1995,4,Loved the music selection!,2022-12-08 16:17:33
2663,2664,3540,1995,769,2,Super friendly and helpful.,2022-12-08 17:35:33
2664,2665,3542,769,1427,3,Fine driver.,2022-08-01 01:11:33
2665,2666,3542,1427,769,2,"Great driver, very professional!",2022-08-01 02:36:33
2666,2667,3543,769,1828,5,"Great driver, very professional!",2022-10-05 22:36:08
2667,2668,3544,769,789,2,Driver was late.,2024-02-28 01:46:45
2668,2669,3544,789,769,4,"Smooth ride, on time.",2024-02-28 03:54:45
2670,2671,3552,769,1162,4,Very clean car.,2023-12-09 20:51:34
2671,2672,3553,515,769,3,"Smooth ride, on time.",2022-05-28 00:57:51
2673,2674,3555,769,1403,3,Decent experience.,2024-06-25 05:06:26
2675,2676,3557,726,769,3,Very clean car.,2023-06-20 12:19:44
2676,2677,3559,769,1310,4,Fast and safe driver.,2022-06-28 18:03:33
2677,2678,3560,769,1841,4,Very comfortable ride.,2022-04-12 00:01:00
2679,2680,3563,769,932,5,"Smooth ride, on time.",2022-03-20 09:01:39
2680,2681,3563,932,769,2,"Smooth ride, on time.",2022-03-20 07:58:39
2682,2683,3564,1739,769,4,Very clean car.,2023-06-10 03:10:04
2684,2685,3566,769,974,4,Very clean car.,2022-08-06 18:21:49
2685,2686,3567,769,759,3,Acceptable ride.,2022-04-23 10:55:43
2690,2691,3571,769,1975,4,"5 stars, highly recommend!",2022-01-21 21:36:03
2692,2693,3573,769,842,5,"Easy pickup, no problems.",2022-12-13 01:44:05
2693,2694,3575,1354,1397,4,"Quick and efficient, thanks!",2024-05-30 19:39:12
2696,2697,3578,319,1354,3,Very clean car.,2023-09-17 14:43:34
2697,2698,3580,765,1354,3,Super friendly and helpful.,2024-06-27 06:08:34
2699,2700,3582,1075,132,4,"Excellent service, will ride again.",2024-02-16 10:09:18
2702,2703,3585,1075,1991,4,"Great driver, very professional!",2022-06-19 12:44:40
2704,2705,3587,1075,1702,3,Fine driver.,2024-04-14 20:39:36
2705,2706,3587,1702,1075,3,Very clean car.,2024-04-14 19:53:36
2706,2707,3588,1075,919,4,Super friendly and helpful.,2023-09-30 03:04:33
2707,2708,3588,919,1075,4,"Great driver, very professional!",2023-09-30 03:56:33
2708,2709,3591,1075,995,3,Average experience.,2022-02-13 14:03:35
2709,2710,3591,995,1075,2,"Great driver, very professional!",2022-02-13 14:23:35
2710,2711,3592,1075,825,5,Car was spotless.,2022-09-28 20:08:09
2711,2712,3592,825,1075,3,"Smooth ride, on time.",2022-09-28 20:08:09
2713,2714,3593,271,1075,3,Very clean car.,2023-04-14 01:40:49
2714,2715,3594,202,1075,3,"Excellent service, will ride again.",2022-01-27 08:02:30
2716,2717,3596,1075,1562,4,"Easy pickup, no problems.",2022-03-31 08:38:21
2717,2718,3597,1075,766,3,Average experience.,2022-04-09 18:35:45
2719,2720,3602,1981,1075,4,"Excellent service, will ride again.",2024-02-19 11:09:14
2720,2721,3603,1075,542,4,Fast and safe driver.,2024-04-21 03:12:43
2722,2723,3604,1890,1075,4,"Great driver, very professional!",2022-07-25 11:18:19
2723,2724,3605,1075,1825,4,"Excellent service, will ride again.",2023-09-17 07:57:48
2724,2725,3605,1825,1075,4,"Excellent service, will ride again.",2023-09-17 06:58:48
2726,2727,3607,1075,1764,3,Trip was okay.,2023-09-08 04:13:14
2728,2729,3609,1653,1075,3,"Smooth ride, on time.",2023-01-06 18:42:24
2730,2731,3613,339,1075,3,"Excellent service, will ride again.",2024-06-10 21:19:44
2732,2733,3614,394,1075,4,Super friendly and helpful.,2024-02-05 13:33:09
2734,2735,3617,1075,1108,4,"Easy pickup, no problems.",2022-05-15 04:00:49
2735,2736,3617,1108,1075,4,"Excellent service, will ride again.",2022-05-15 04:19:49
2736,2737,3618,1075,908,2,Took too long.,2023-06-18 14:18:24
2739,2740,3622,1075,1105,4,Very courteous driver.,2024-02-07 15:36:54
2740,2741,3623,1075,1999,4,"Smooth ride, on time.",2023-12-02 14:24:52
2741,2742,3623,1999,1075,4,"Smooth ride, on time.",2023-12-02 15:59:52
2742,2743,3625,1075,1394,3,Average experience.,2023-02-15 04:41:29
2743,2744,3625,1394,1075,5,Super friendly and helpful.,2023-02-15 06:07:29
2744,2745,3628,1075,1105,5,Very courteous driver.,2023-03-30 03:45:56
2745,2746,3629,1075,14,4,Car was spotless.,2023-07-25 10:45:16
2746,2747,3629,14,1075,4,"Smooth ride, on time.",2023-07-25 09:44:16
2748,2749,3632,1075,1400,3,Trip was okay.,2024-06-07 08:44:44
2750,2751,3636,1075,1495,4,Loved the music selection!,2023-06-13 10:57:07
2751,2752,3637,1776,1075,3,"Smooth ride, on time.",2023-10-14 04:00:01
2752,2753,3638,125,1075,4,Very clean car.,2023-03-07 20:02:09
2753,2754,3639,318,1075,4,"Excellent service, will ride again.",2023-02-17 12:06:47
2754,2755,3642,1075,1471,4,Very clean car.,2023-05-06 08:55:49
2755,2756,3643,818,1075,3,"Great driver, very professional!",2022-04-11 12:30:36
2756,2757,3644,1699,1075,4,Super friendly and helpful.,2022-11-05 05:27:31
2757,2758,3645,1075,1386,4,"Smooth ride, on time.",2024-06-10 09:39:54
2759,2760,3646,833,1075,4,Super friendly and helpful.,2023-11-05 20:02:14
2760,2761,3648,1075,779,3,Nothing to complain about.,2022-09-05 07:37:45
2762,2763,3650,1427,1075,3,"Great driver, very professional!",2022-07-22 04:21:39
2763,2764,3651,1075,1301,4,"Quick and efficient, thanks!",2023-04-16 20:55:46
2764,2765,3651,1301,1075,4,"Excellent service, will ride again.",2023-04-16 19:33:46
2765,2766,3652,1075,450,3,Acceptable ride.,2022-02-07 04:54:55
2766,2767,3652,450,1075,3,"Smooth ride, on time.",2022-02-07 05:59:55
2767,2768,3654,1075,393,4,"Excellent service, will ride again.",2022-09-18 14:56:57
2770,2771,3658,1075,14,5,"Quick and efficient, thanks!",2023-11-16 04:15:52
2772,2773,3660,1075,1947,5,"5 stars, highly recommend!",2022-05-25 12:33:50
2773,2774,3661,1075,1087,5,"Smooth ride, on time.",2024-04-28 23:51:11
2775,2776,3663,1075,705,4,"Smooth ride, on time.",2024-06-12 10:21:27
2776,2777,3664,1075,187,5,"Excellent service, will ride again.",2024-01-27 21:09:25
2777,2778,3665,1075,1139,4,Very comfortable ride.,2022-03-27 14:08:39
2779,2780,3667,1728,1310,3,Acceptable ride.,2023-11-25 02:56:38
2780,2781,3670,1110,1658,4,"Excellent service, will ride again.",2022-08-08 19:55:53
2782,2783,3673,1110,1035,4,"5 stars, highly recommend!",2023-04-07 10:44:32
2783,2784,3675,1110,485,4,"Smooth ride, on time.",2023-04-21 17:13:30
2784,2785,3675,485,1110,4,Super friendly and helpful.,2023-04-21 18:23:30
2785,2786,3677,1110,1547,5,"5 stars, highly recommend!",2022-09-03 18:34:52
2787,2788,3681,1110,1509,5,Very clean car.,2022-09-11 23:26:28
2789,2790,3682,728,1110,3,"Smooth ride, on time.",2022-04-04 13:30:42
2792,2793,3687,1110,969,4,"Smooth ride, on time.",2023-06-03 01:48:23
2793,2794,3687,969,1110,3,Super friendly and helpful.,2023-06-03 02:53:23
2796,2797,3690,1110,1400,3,Trip was okay.,2024-01-06 13:06:56
2797,2798,3690,1400,1110,4,"Excellent service, will ride again.",2024-01-06 13:34:56
2798,2799,3691,1110,778,4,"Perfect trip, no issues.",2022-04-10 15:26:07
2799,2800,3691,778,1110,4,"Excellent service, will ride again.",2022-04-10 15:22:07
2800,2801,3693,1110,1956,4,Loved the music selection!,2024-02-03 04:35:29
2801,2802,3694,1293,1110,2,Very clean car.,2023-11-14 05:45:53
2803,2804,3698,1110,759,4,Super friendly and helpful.,2023-09-19 13:45:52
2805,2806,3703,1110,293,4,"Perfect trip, no issues.",2022-04-29 21:04:00
2807,2808,3707,1110,1371,4,Super friendly and helpful.,2022-04-28 20:19:56
2808,2809,3707,1371,1110,1,"Excellent service, will ride again.",2022-04-28 21:05:56
2810,2811,3709,1110,1108,4,Car was spotless.,2023-03-18 16:09:42
2813,2814,3712,436,1110,4,Very clean car.,2023-06-06 14:08:33
2814,2815,3715,1110,1993,3,Trip was okay.,2023-05-29 15:30:13
2815,2816,3715,1993,1110,3,Very clean car.,2023-05-29 15:57:13
2816,2817,3716,1110,1830,3,Average experience.,2024-01-04 20:42:53
2819,2820,3719,1110,1955,5,"Easy pickup, no problems.",2023-08-20 19:46:13
2820,2821,3719,1955,1110,4,Super friendly and helpful.,2023-08-20 20:08:13
2821,2822,3721,1110,1574,3,Average experience.,2023-03-13 04:50:30
2822,2823,3721,1574,1110,4,"Smooth ride, on time.",2023-03-13 03:15:30
2823,2824,3722,1507,122,3,"Excellent service, will ride again.",2024-03-22 10:54:53
2824,2825,3723,1739,122,2,"Smooth ride, on time.",2023-06-08 20:49:03
2825,2826,3727,122,776,3,Trip was okay.,2024-05-10 23:09:16
2826,2827,3727,776,122,4,"Great driver, very professional!",2024-05-10 23:37:16
2828,2829,3729,122,645,5,Fast and safe driver.,2024-02-25 09:06:53
2831,2832,3737,122,1702,3,Average experience.,2024-06-08 11:19:51
2832,2833,3738,122,765,5,"Perfect trip, no issues.",2023-07-25 18:58:16
2833,2834,3739,1099,122,3,Super friendly and helpful.,2022-08-19 00:40:20
2835,2836,3740,1400,122,3,"Great driver, very professional!",2022-11-04 14:25:12
2837,2838,3742,690,122,4,"Smooth ride, on time.",2023-10-16 22:53:32
2840,2841,3752,1794,122,3,"Great driver, very professional!",2023-10-11 15:07:02
2842,2843,3753,327,1891,3,Very clean car.,2023-11-19 13:29:57
2843,2844,3754,1011,772,4,"Great driver, very professional!",2022-05-03 09:28:07
2844,2845,3755,772,1653,3,Fine driver.,2022-07-08 07:34:23
2845,2846,3756,772,860,5,Very clean car.,2023-01-11 13:41:43
2848,2849,3758,772,494,5,"Quick and efficient, thanks!",2023-10-04 04:58:33
2849,2850,3762,1977,1795,3,Average experience.,2023-02-27 02:45:42
2850,2851,3763,1977,1509,4,"5 stars, highly recommend!",2022-09-18 09:05:48
2852,2853,3765,1977,515,3,Decent experience.,2023-02-24 09:53:49
2854,2855,3766,1427,1977,1,Very clean car.,2024-06-01 04:57:05
2856,2857,3768,1977,833,3,Trip was okay.,2024-03-21 18:52:10
2857,2858,3768,833,1977,2,"Great driver, very professional!",2024-03-21 18:06:10
2858,2859,3769,55,1977,4,Super friendly and helpful.,2022-11-30 17:38:58
2859,2860,3771,1977,898,4,Very comfortable ride.,2023-06-18 22:00:19
2860,2861,3774,1908,434,4,Very courteous driver.,2022-07-29 23:44:46
2863,2864,3779,515,1922,3,Super friendly and helpful.,2022-07-31 12:42:44
2864,2865,3780,1999,1922,4,Super friendly and helpful.,2023-12-11 01:30:22
2866,2867,3784,1922,1562,5,"Quick and efficient, thanks!",2023-06-28 00:57:17
2867,2868,3785,1922,1752,4,"Excellent service, will ride again.",2022-12-12 16:23:07
2868,2869,3785,1752,1922,4,"Excellent service, will ride again.",2022-12-12 15:56:07
2870,2871,3792,1955,1618,3,Super friendly and helpful.,2022-05-10 01:39:35
2873,2874,3795,1386,1642,2,"Great driver, very professional!",2023-05-01 22:40:29
2874,2875,3796,14,534,3,"Smooth ride, on time.",2022-07-20 01:41:59
2876,2877,3797,1653,534,3,"Excellent service, will ride again.",2022-08-16 13:38:37
2879,2880,3802,251,564,3,Acceptable ride.,2022-01-06 13:50:05
2880,2881,3802,564,251,3,"Smooth ride, on time.",2022-01-06 14:45:05
2881,2882,3803,1894,251,4,"Excellent service, will ride again.",2022-10-22 19:35:43
2882,2883,3804,584,202,5,Very comfortable ride.,2024-03-15 08:50:08
2884,2885,3806,696,271,5,Loved the music selection!,2022-11-18 07:40:38
2888,2889,3813,696,1812,3,"OK trip, nothing special.",2024-06-21 19:20:13
2889,2890,3813,1812,696,3,"Smooth ride, on time.",2024-06-21 20:55:13
2891,2892,3814,1343,696,2,Very clean car.,2022-02-18 04:50:49
2893,2894,3821,696,1975,5,Loved the music selection!,2024-05-31 00:06:45
2895,2896,3826,159,1764,3,Acceptable ride.,2023-05-31 22:42:05
2896,2897,3826,1764,159,4,"Smooth ride, on time.",2023-05-31 21:25:05
2897,2898,3827,159,542,4,Very comfortable ride.,2022-03-16 08:40:37
2898,2899,3828,159,647,4,Super friendly and helpful.,2022-12-31 09:28:17
2899,2900,3829,159,341,5,Super friendly and helpful.,2023-05-02 09:32:20
2900,2901,3830,159,742,2,Had trouble finding the pickup spot.,2024-05-05 10:55:36
2903,2904,3834,801,929,2,Not very clean.,2023-11-02 23:35:45
2904,2905,3834,929,801,2,"Great driver, very professional!",2023-11-03 00:50:45
2905,2906,3835,801,1413,2,Took a longer route.,2023-05-17 04:10:57
2906,2907,3839,801,1984,4,"Quick and efficient, thanks!",2022-03-14 14:01:26
2908,2909,3840,1026,801,3,"Great driver, very professional!",2022-02-19 21:33:13
2910,2911,3842,801,1955,4,Fast and safe driver.,2023-01-03 10:12:22
2912,2913,3844,801,728,4,"Easy pickup, no problems.",2023-06-07 12:35:31
2913,2914,3844,728,801,3,"Smooth ride, on time.",2023-06-07 13:47:31
2915,2916,3847,235,801,2,"Smooth ride, on time.",2022-09-26 03:30:39
2916,2917,3848,1023,801,2,"Smooth ride, on time.",2022-05-29 04:37:52
2919,2920,3852,142,801,3,Super friendly and helpful.,2024-06-27 01:04:34
2920,2921,3853,801,1197,4,Very courteous driver.,2022-06-25 20:25:16
2922,2923,3854,977,801,3,Super friendly and helpful.,2023-04-28 02:29:53
2923,2924,3855,801,919,4,"Excellent service, will ride again.",2023-06-01 03:48:23
2924,2925,3858,801,155,4,Very comfortable ride.,2023-03-04 05:10:05
2925,2926,3861,801,224,3,"OK trip, nothing special.",2022-05-22 02:25:30
2926,2927,3861,224,801,2,"Excellent service, will ride again.",2022-05-22 02:11:30
2928,2929,3862,229,801,3,"Excellent service, will ride again.",2023-06-09 12:32:59
2929,2930,3865,801,1394,4,Loved the music selection!,2022-05-02 11:25:29
2930,2931,3866,801,1111,4,"Excellent service, will ride again.",2022-09-17 08:58:27
2931,2932,3867,801,210,5,"Quick and efficient, thanks!",2023-12-13 15:44:08
2934,2935,3874,801,506,3,Average experience.,2022-04-17 18:09:07
2936,2937,3879,801,601,3,Trip was okay.,2024-01-09 06:43:29
2937,2938,3880,801,1507,5,Super friendly and helpful.,2023-05-30 20:00:16
2938,2939,3880,1507,801,4,Very clean car.,2023-05-30 19:59:16
2939,2940,3886,1088,801,2,"Excellent service, will ride again.",2023-07-14 08:10:07
2941,2942,3887,1371,801,4,Very clean car.,2022-06-26 10:54:20
2942,2943,3888,801,1336,4,"Great rider, very polite.",2023-11-21 07:36:16
2943,2944,3888,1336,801,3,"Great driver, very professional!",2023-11-21 09:15:16
2944,2945,3889,801,293,4,Loved the music selection!,2022-04-19 10:39:18
2945,2946,3889,293,801,3,"Smooth ride, on time.",2022-04-19 10:42:18
2948,2949,3894,801,31,5,"Perfect trip, no issues.",2023-01-26 17:20:45
2949,2950,3895,1999,801,4,"Excellent service, will ride again.",2022-09-24 20:38:09
2951,2952,3898,801,1403,4,"Perfect trip, no issues.",2023-04-25 11:25:05
2952,2953,3898,1403,801,3,Very clean car.,2023-04-25 11:33:05
2954,2955,3902,1509,801,5,"Excellent service, will ride again.",2022-11-21 17:05:39
2955,2956,3903,801,1397,2,Not very clean.,2022-04-24 22:27:56
2956,2957,3904,801,878,3,Average experience.,2023-01-28 23:55:28
2958,2959,3905,1702,801,3,Very clean car.,2023-07-22 11:00:31
2962,2963,3911,801,1227,4,"Smooth ride, on time.",2023-12-03 16:33:15
2963,2964,3911,1227,801,3,"Smooth ride, on time.",2023-12-03 16:26:15
2965,2966,3913,801,434,4,Loved the music selection!,2022-05-29 12:35:47
2966,2967,3915,801,825,3,Nothing to complain about.,2024-06-17 13:49:45
2967,2968,3915,825,801,4,Very clean car.,2024-06-17 15:13:45
2969,2970,3919,801,458,4,Very courteous driver.,2024-05-10 23:14:34
2971,2972,3924,801,44,4,"Perfect trip, no issues.",2023-08-31 04:39:42
2974,2975,3926,801,1991,3,Acceptable ride.,2023-10-17 22:51:01
2975,2976,3929,1727,856,2,"Smooth ride, on time.",2022-05-04 18:22:24
2976,2977,3931,856,1310,3,Decent experience.,2024-05-11 12:58:10
2979,2980,3938,44,856,4,Super friendly and helpful.,2023-12-07 03:43:03
2980,2981,3940,856,506,3,Got there safely.,2023-09-15 07:11:00
2982,2983,3944,433,856,3,"Great driver, very professional!",2023-08-16 16:12:09
2984,2985,3946,162,856,1,"Great driver, very professional!",2022-03-22 14:48:33
2985,2986,3947,856,1088,4,Super friendly and helpful.,2022-06-06 23:35:03
2986,2987,3950,856,1532,3,Acceptable ride.,2022-08-25 14:43:56
2988,2989,3951,1041,856,2,"Smooth ride, on time.",2022-05-20 17:47:27
2989,2990,3954,1019,97,3,Trip was okay.,2023-05-13 15:26:17
2991,2992,3959,1019,89,3,Decent experience.,2022-05-17 22:47:00
2993,2994,3960,1403,1019,2,Super friendly and helpful.,2022-05-23 04:39:39
2994,2995,3963,1019,1302,4,"5 stars, highly recommend!",2023-10-09 09:45:12
2995,2996,3965,1019,1736,4,Loved the music selection!,2023-08-08 07:02:10
2997,2998,3967,1019,1781,3,Average experience.,2023-09-30 09:24:41
2998,2999,3973,323,1144,3,Very clean car.,2022-10-14 01:44:15
2999,3000,3975,194,1144,3,"Excellent service, will ride again.",2023-06-21 11:20:00
3000,3001,3978,947,1144,2,Super friendly and helpful.,2022-09-01 15:09:16
3001,3002,3981,1986,549,4,Very courteous driver.,2023-08-12 13:00:25
3002,3003,3982,1986,1355,4,"5 stars, highly recommend!",2023-07-20 08:29:15
3003,3004,3984,1987,1986,3,"Excellent service, will ride again.",2023-11-04 23:27:02
3005,3006,3985,1084,1986,3,"Excellent service, will ride again.",2023-04-16 06:00:28
3006,3007,3987,1986,146,4,"5 stars, highly recommend!",2023-11-06 03:10:35
3008,3009,3990,1986,1104,4,"Easy pickup, no problems.",2023-04-10 19:12:59
3010,3011,3992,230,1986,4,"Smooth ride, on time.",2022-08-24 01:01:37
3013,3014,3995,1986,1564,5,Very courteous driver.,2024-06-06 21:55:00
3014,3015,3995,1564,1986,2,"Smooth ride, on time.",2024-06-06 21:28:00
3016,3017,3998,1700,1986,3,Super friendly and helpful.,2022-08-05 14:03:49
3017,3018,4002,1986,118,3,"OK trip, nothing special.",2022-05-01 01:39:59
3020,3021,4005,1430,1986,3,Super friendly and helpful.,2022-05-17 03:30:04
3023,3024,4010,1040,708,3,"Great driver, very professional!",2023-11-14 07:57:50
3024,3025,4011,393,708,4,"Great driver, very professional!",2022-08-09 00:41:17
3026,3027,4018,867,708,3,"Smooth ride, on time.",2022-02-12 20:12:48
3029,3030,4022,708,1608,3,Got there safely.,2023-01-10 22:06:36
3030,3031,4023,708,693,3,Decent experience.,2023-04-02 02:07:54
3034,3035,4025,1826,708,4,Super friendly and helpful.,2023-08-31 15:03:55
3035,3036,4026,708,136,3,Nothing to complain about.,2022-06-03 15:22:44
3036,3037,4026,136,708,3,"Excellent service, will ride again.",2022-06-03 16:14:44
3038,3039,4028,335,708,2,"Great driver, very professional!",2022-07-04 20:41:40
3041,3042,4032,1204,1104,3,"OK trip, nothing special.",2022-02-23 01:28:04
3043,3044,4034,118,1905,4,"Excellent service, will ride again.",2023-03-04 22:15:43
3045,3046,4040,776,340,4,Very clean car.,2023-07-19 04:22:33
3048,3049,4043,693,340,3,"Smooth ride, on time.",2022-04-10 23:53:12
3049,3050,4044,340,645,5,Super friendly and helpful.,2023-12-23 23:36:44
3050,3051,4044,645,340,3,"Smooth ride, on time.",2023-12-24 00:34:44
3052,3053,4046,340,726,5,"Easy pickup, no problems.",2022-08-16 19:11:58
3053,3054,4047,1054,748,5,Very comfortable ride.,2022-07-07 16:20:20
3055,3056,4048,485,1054,3,Super friendly and helpful.,2024-01-05 02:04:48
3058,3059,4051,1054,452,4,"Perfect trip, no issues.",2023-12-31 15:02:44
3059,3060,4051,452,1054,5,Super friendly and helpful.,2023-12-31 16:05:44
3062,3063,4058,1947,1054,5,Super friendly and helpful.,2024-01-09 20:16:58
3063,3064,4060,1054,327,4,Car was spotless.,2023-07-05 23:14:37
3066,3067,4063,593,1054,3,"Smooth ride, on time.",2022-03-14 22:33:06
3067,3068,4064,1054,1826,3,"OK trip, nothing special.",2024-06-14 06:44:07
3068,3069,4064,1826,1054,4,Super friendly and helpful.,2024-06-14 07:27:07
3071,3072,4070,5,1054,2,Very clean car.,2023-09-26 13:19:04
3072,3073,4071,1054,508,3,Got there safely.,2023-01-27 15:06:51
3073,3074,4072,1054,1684,3,Nothing to complain about.,2022-01-16 02:34:25
3074,3075,4072,1684,1054,4,"Smooth ride, on time.",2022-01-16 03:00:25
3075,3076,4074,1054,1894,2,Driver was late.,2022-02-27 00:41:45
3076,3077,4074,1894,1054,5,Very clean car.,2022-02-27 03:22:45
3077,3078,4076,1054,997,3,Nothing to complain about.,2022-07-27 16:39:02
3079,3080,4077,258,1054,2,"Smooth ride, on time.",2022-01-11 06:06:54
3080,3081,4081,1054,201,4,Fast and safe driver.,2023-06-12 13:04:04
3081,3082,4084,1054,908,3,Got there safely.,2022-06-19 01:08:05
3082,3083,4084,908,1054,5,"Great driver, very professional!",2022-06-19 01:32:05
3084,3085,4088,1965,1054,5,"Excellent service, will ride again.",2022-09-16 05:34:50
3085,3086,4089,1054,187,4,Fast and safe driver.,2022-07-01 14:13:38
3086,3087,4089,187,1054,3,Super friendly and helpful.,2022-07-01 14:28:38
3087,3088,4090,1054,1947,4,"Smooth ride, on time.",2024-01-04 16:21:43
3089,3090,4092,1030,1377,5,"Great driver, very professional!",2024-05-30 05:07:56
3090,3091,4093,1111,1377,3,Very clean car.,2022-12-11 21:56:39
3095,3096,4099,175,210,3,Got there safely.,2023-06-12 00:59:12
3097,3098,4102,175,891,5,"Excellent service, will ride again.",2022-12-09 17:53:08
3102,3103,4108,175,549,5,Very comfortable ride.,2023-04-08 08:50:48
3103,3104,4108,549,175,3,"Excellent service, will ride again.",2023-04-08 10:30:48
3104,3105,4109,286,175,2,Super friendly and helpful.,2023-06-15 15:18:54
3109,3110,4115,132,1266,3,Super friendly and helpful.,2023-06-01 04:40:01
3110,3111,4118,1266,748,4,"Great driver, very professional!",2022-12-09 16:42:22
3112,3113,4122,1266,1111,4,"5 stars, highly recommend!",2024-06-06 05:12:51
3114,3115,4128,643,1266,4,Super friendly and helpful.,2022-12-14 03:57:02
3115,3116,4132,1266,1474,3,Decent experience.,2022-04-17 17:50:58
3116,3117,4134,1266,1495,5,Fast and safe driver.,2024-01-31 07:52:21
3117,3118,4135,1266,1564,5,Fast and safe driver.,2022-01-18 14:13:06
3118,3119,4136,662,1397,3,Got there safely.,2022-06-01 13:31:42
3119,3120,4138,662,1117,3,Trip was okay.,2022-03-19 23:09:41
3121,3122,4140,662,1497,4,Very comfortable ride.,2023-03-15 02:22:26
3122,3123,4141,662,1450,3,Nothing to complain about.,2024-06-27 15:43:27
3124,3125,4143,549,662,4,"Great driver, very professional!",2024-05-06 10:55:58
3125,3126,4144,1713,662,2,"Excellent service, will ride again.",2023-06-10 20:23:28
3128,3129,4148,1605,662,4,"Great driver, very professional!",2022-12-27 08:39:01
3130,3131,4150,1104,662,4,"Great driver, very professional!",2023-01-28 10:54:59
3131,3132,4153,539,662,3,"Excellent service, will ride again.",2022-12-06 22:42:37
3132,3133,4155,662,1427,4,"5 stars, highly recommend!",2023-12-02 06:05:22
3133,3134,4156,662,199,5,Super friendly and helpful.,2023-08-21 21:55:18
3134,3135,4159,662,539,4,"Great driver, very professional!",2023-10-03 15:50:31
3137,3138,4162,662,118,4,Fast and safe driver.,2023-04-25 17:13:45
3138,3139,4163,662,1526,3,Trip was okay.,2022-08-06 00:44:57
3139,3140,4164,662,66,3,Got there safely.,2023-12-06 21:52:20
3140,3141,4165,662,929,3,Nothing to complain about.,2023-12-15 22:30:13
3141,3142,4168,662,969,3,Trip was okay.,2024-04-07 16:45:02
3144,3145,4171,662,293,5,"Great driver, very professional!",2022-11-02 04:17:32
3145,3146,4172,662,1311,4,"Easy pickup, no problems.",2023-09-17 01:02:24
3147,3148,4173,1739,662,4,Very clean car.,2023-12-30 09:02:23
3148,3149,4174,662,766,4,"Great driver, very professional!",2024-03-15 11:52:50
3149,3150,4175,662,919,4,"5 stars, highly recommend!",2023-04-18 12:44:06
3150,3151,4176,662,97,4,"Excellent service, will ride again.",2022-06-30 18:50:48
3151,3152,4177,662,608,3,"OK trip, nothing special.",2022-08-16 12:37:12
3152,3153,4177,608,662,4,Super friendly and helpful.,2022-08-16 11:56:12
3153,3154,4178,662,1569,2,Car smelled bad.,2024-04-07 21:36:57
3157,3158,4184,335,739,2,"Great driver, very professional!",2022-12-12 22:59:10
3158,3159,4186,739,867,5,"Great rider, very polite.",2023-10-22 20:23:41
3159,3160,4186,867,739,3,"Great driver, very professional!",2023-10-22 20:15:41
3163,3164,4192,1264,742,4,Very comfortable ride.,2022-01-26 01:14:16
3166,3167,4196,146,1163,4,"Excellent service, will ride again.",2024-06-12 19:23:58
3167,3168,4198,1163,1343,5,"Perfect trip, no issues.",2022-10-07 10:46:09
3168,3169,4198,1343,1163,3,"Smooth ride, on time.",2022-10-07 13:23:09
3169,3170,4199,1163,1011,3,Acceptable ride.,2022-11-05 08:30:16
3172,3173,4205,1163,645,5,"Smooth ride, on time.",2022-02-01 12:22:33
3173,3174,4206,1163,408,2,Car smelled bad.,2023-12-31 03:26:59
3177,3178,4212,825,1163,4,"Great driver, very professional!",2024-05-05 17:56:34
3178,3179,4213,1163,434,5,Fast and safe driver.,2023-06-27 18:09:46
3179,3180,4213,434,1163,4,Super friendly and helpful.,2023-06-27 18:06:46
3183,3184,4218,1437,1163,4,"Excellent service, will ride again.",2023-03-23 10:56:16
3184,3185,4220,1163,1984,4,"Quick and efficient, thanks!",2023-07-19 14:37:58
3185,3186,4220,1984,1163,3,"Great driver, very professional!",2023-07-19 13:13:58
3188,3189,4226,1163,630,1,Driver was late.,2024-01-10 01:15:23
3189,3190,4226,630,1163,3,"Excellent service, will ride again.",2024-01-10 02:01:23
3192,3193,4234,730,1170,4,"Excellent service, will ride again.",2023-01-23 18:51:50
3194,3195,4236,730,1794,4,Very comfortable ride.,2023-07-20 05:42:10
3195,3196,4238,1812,730,2,"Smooth ride, on time.",2023-09-23 06:52:20
3196,3197,4240,730,1302,4,Very clean car.,2023-03-08 19:58:54
3197,3198,4240,1302,730,2,"Great driver, very professional!",2023-03-08 21:30:54
3198,3199,4241,730,190,4,"Great driver, very professional!",2023-05-03 22:38:49
3200,3201,4245,1187,730,3,Very clean car.,2022-09-25 21:52:06
3201,3202,4246,730,1198,4,Car was spotless.,2023-10-08 11:35:44
3202,3203,4246,1198,730,4,"Smooth ride, on time.",2023-10-08 12:13:44
3204,3205,4249,730,1509,4,"Quick and efficient, thanks!",2022-03-31 04:38:37
3206,3207,4250,765,917,3,"Smooth ride, on time.",2023-08-04 19:02:34
3207,3208,4251,1910,1139,4,"Quick and efficient, thanks!",2024-01-21 06:40:39
3209,3210,4253,1910,1956,5,"5 stars, highly recommend!",2022-07-06 01:20:25
3210,3211,4253,1956,1910,2,"Excellent service, will ride again.",2022-07-06 03:09:25
3212,3213,4255,1910,1509,5,"Excellent service, will ride again.",2023-09-30 04:57:29
3213,3214,4255,1509,1910,4,Super friendly and helpful.,2023-09-30 07:11:29
3217,3218,4263,1910,728,4,"Great driver, very professional!",2022-07-03 12:59:43
3218,3219,4263,728,1910,2,"Great driver, very professional!",2022-07-03 13:48:43
3221,3222,4267,1590,1910,4,"Excellent service, will ride again.",2024-05-08 14:39:23
3223,3224,4268,248,1910,5,Super friendly and helpful.,2023-11-03 07:45:20
3224,3225,4271,162,1910,3,Very clean car.,2023-09-05 18:40:05
3225,3226,4273,1910,1355,5,Very courteous driver.,2023-08-07 19:50:33
3226,3227,4277,784,920,3,Fine driver.,2023-05-06 01:00:06
3227,3228,4279,784,1183,4,"5 stars, highly recommend!",2023-09-12 15:13:14
3228,3229,4280,258,784,4,Super friendly and helpful.,2022-11-26 03:16:38
3229,3230,4281,784,1507,5,"Great driver, very professional!",2023-12-12 09:47:21
3230,3231,4281,1507,784,4,"Great driver, very professional!",2023-12-12 11:35:21
3232,3233,4282,1091,784,4,Very clean car.,2023-08-14 11:49:52
3233,3234,4284,1248,784,3,Super friendly and helpful.,2023-10-15 11:03:10
3234,3235,4285,784,488,3,Average experience.,2022-08-17 13:36:53
3235,3236,4285,488,784,3,"Smooth ride, on time.",2022-08-17 14:58:53
3236,3237,4287,784,1380,5,"Perfect trip, no issues.",2023-06-20 18:59:20
3237,3238,4289,283,485,4,"Excellent service, will ride again.",2022-01-02 09:27:27
3238,3239,4289,485,283,4,Super friendly and helpful.,2022-01-02 09:57:27
3240,3241,4291,283,1131,4,Very courteous driver.,2022-03-23 12:57:05
3241,3242,4292,1574,283,4,"Great driver, very professional!",2022-10-31 11:48:09
3242,3243,4293,1403,283,3,Very clean car.,2024-04-12 22:07:38
3246,3247,4296,995,1513,4,Super friendly and helpful.,2022-07-06 08:46:06
3250,3251,4299,1105,609,3,"Smooth ride, on time.",2023-05-04 22:44:43
3253,3254,4303,609,811,3,Fine driver.,2022-02-15 06:43:17
3254,3255,4304,609,1091,5,Loved the music selection!,2023-09-14 06:45:32
3255,3256,4304,1091,609,3,"Great driver, very professional!",2023-09-14 07:06:32
3257,3258,4307,609,1948,4,Very clean car.,2024-03-30 04:38:00
3258,3259,4309,609,612,4,Fast and safe driver.,2022-02-19 14:26:45
3259,3260,4310,609,192,5,"Great rider, very polite.",2023-05-24 23:04:18
3260,3261,4315,1384,1331,5,"Great rider, very polite.",2023-04-09 03:51:04
3264,3265,4321,297,1183,5,"Great rider, very polite.",2023-01-01 02:18:21
3265,3266,4322,297,1752,4,Very comfortable ride.,2023-11-16 08:49:37
3266,3267,4323,297,570,4,Super friendly and helpful.,2024-03-15 02:16:14
3268,3269,4325,249,1993,2,Had trouble finding the pickup spot.,2023-07-01 20:35:01
3269,3270,4326,249,811,3,Nothing to complain about.,2023-11-18 06:10:31
3272,3273,4332,1629,1286,3,Nothing to complain about.,2023-10-15 02:29:18
3275,3276,4334,1629,697,5,Car was spotless.,2022-05-28 00:22:35
3276,3277,4335,1629,1477,3,Average experience.,2022-04-19 17:01:44
3278,3279,4336,201,1629,3,Very clean car.,2023-01-10 09:49:42
3279,3280,4339,1629,506,4,Super friendly and helpful.,2023-07-26 13:12:12
3281,3282,4342,1629,1724,5,"Quick and efficient, thanks!",2023-10-24 03:39:58
3283,3284,4344,1629,643,4,"Great rider, very polite.",2022-12-22 19:10:45
3284,3285,4345,200,1956,3,Decent experience.,2022-10-16 12:06:50
3285,3286,4346,498,200,4,"Great driver, very professional!",2022-12-19 01:28:30
3290,3291,4354,1571,230,3,Acceptable ride.,2022-12-15 06:44:31
3291,3292,4355,1571,1380,5,"Easy pickup, no problems.",2024-01-18 21:53:39
3292,3293,4356,1571,1328,4,"5 stars, highly recommend!",2023-12-10 03:46:49
3293,3294,4358,1571,866,3,Decent experience.,2023-09-01 17:22:34
3294,3295,4358,866,1571,3,Very clean car.,2023-09-01 17:58:34
3295,3296,4359,286,1571,4,Very clean car.,2023-05-16 02:37:14
3297,3298,4362,136,1571,4,Very clean car.,2022-07-17 06:44:32
3300,3301,4370,1571,1210,3,Average experience.,2022-05-21 15:44:41
3302,3303,4374,1571,142,5,Very clean car.,2024-01-30 18:34:10
3305,3306,4382,1571,1011,3,Decent experience.,2024-05-26 01:07:16
3306,3307,4384,1571,664,4,"Easy pickup, no problems.",2024-02-26 03:47:58
3308,3309,4385,1571,1947,4,Car was spotless.,2022-10-10 08:34:55
3312,3313,4388,996,1571,3,Super friendly and helpful.,2022-01-22 18:48:55
3314,3315,4390,1571,612,4,Very courteous driver.,2023-12-24 13:51:12
3316,3317,4394,1571,1040,4,"Perfect trip, no issues.",2023-11-14 13:22:01
3319,3320,4399,24,1571,4,Very clean car.,2022-11-05 00:02:56
3321,3322,4401,1117,1571,3,"Smooth ride, on time.",2023-10-27 06:37:25
3322,3323,4403,1571,553,3,Trip was okay.,2022-10-17 15:56:45
3323,3324,4403,553,1571,4,"Excellent service, will ride again.",2022-10-17 14:56:45
3324,3325,4404,1237,1571,3,"Great driver, very professional!",2022-10-12 10:05:58
3326,3327,4406,789,1571,4,Super friendly and helpful.,2022-12-15 02:28:38
3327,3328,4408,1571,779,2,Had trouble finding the pickup spot.,2023-06-12 06:21:08
3328,3329,4408,779,1571,2,Very clean car.,2023-06-12 04:53:08
3329,3330,4410,1571,319,4,"Quick and efficient, thanks!",2022-06-20 03:02:17
3332,3333,4412,104,1571,3,Very clean car.,2024-05-15 18:46:14
3333,3334,4414,1571,1011,3,Trip was okay.,2023-07-10 04:58:12
3334,3335,4416,1955,1571,4,"Great driver, very professional!",2022-12-26 20:10:48
3337,3338,4419,748,1571,3,Very clean car.,2023-08-15 03:44:55
3338,3339,4423,1571,467,3,Trip was okay.,2022-08-07 04:04:12
3339,3340,4424,1571,1413,4,Fast and safe driver.,2024-04-28 21:14:54
3341,3342,4425,118,1571,4,"Smooth ride, on time.",2023-03-12 21:08:37
3343,3344,4428,1571,630,4,"Excellent service, will ride again.",2023-01-31 18:45:45
3344,3345,4432,1571,1413,4,Very comfortable ride.,2022-04-03 10:31:33
3346,3347,4436,1571,131,4,Super friendly and helpful.,2023-05-12 11:19:38
3348,3349,4437,1590,1571,4,"Great driver, very professional!",2022-09-26 00:53:33
3349,3350,4439,1571,1397,3,Fine driver.,2023-09-13 13:24:26
3350,3351,4441,1571,1981,4,Very courteous driver.,2022-08-16 16:02:18
3352,3353,4445,1135,1792,4,Very clean car.,2023-11-06 23:51:36
3358,3359,4451,1792,97,4,Super friendly and helpful.,2023-02-23 11:55:59
3359,3360,4451,97,1792,4,"Great driver, very professional!",2023-02-23 12:19:59
3360,3361,4452,1792,1403,2,Took too long.,2022-02-25 08:37:35
3361,3362,4455,1792,351,4,"Great rider, very polite.",2022-01-12 23:01:02
3363,3364,4456,898,1792,3,Very clean car.,2022-09-01 07:49:12
3364,3365,4457,1792,693,3,Got there safely.,2022-05-12 07:27:56
3366,3367,4459,1792,147,3,"OK trip, nothing special.",2022-08-29 03:48:45
3371,3372,4467,155,204,3,"Smooth ride, on time.",2022-08-15 04:47:47
3372,3373,4468,204,1311,4,Loved the music selection!,2024-01-07 07:54:02
3375,3376,4470,132,204,3,"Great driver, very professional!",2022-05-26 06:59:00
3377,3378,4473,204,1956,5,Super friendly and helpful.,2022-08-26 21:04:23
3378,3379,4473,1956,204,4,"Excellent service, will ride again.",2022-08-26 21:23:23
3379,3380,4475,204,2,4,Very courteous driver.,2022-03-06 11:54:39
3380,3381,4476,204,1197,3,"OK trip, nothing special.",2024-02-11 06:05:43
3382,3383,4477,1141,204,2,Very clean car.,2022-01-06 21:44:02
3383,3384,4479,204,293,5,"Easy pickup, no problems.",2024-02-10 04:41:52
3384,3385,4479,293,204,4,"Excellent service, will ride again.",2024-02-10 05:19:52
3385,3386,4480,204,1087,4,"Perfect trip, no issues.",2024-05-03 13:21:57
3388,3389,4484,204,1658,3,Decent experience.,2022-05-03 04:22:16
3389,3390,4484,1658,204,2,Very clean car.,2022-05-03 06:12:16
3390,3391,4485,204,601,4,"Great driver, very professional!",2023-04-09 07:35:17
3391,3392,4485,601,204,2,"Smooth ride, on time.",2023-04-09 09:32:17
3392,3393,4486,204,920,3,Decent experience.,2022-01-03 01:39:02
3393,3394,4487,204,1084,2,Driver was rude.,2022-10-02 08:40:04
3394,3395,4488,204,1894,3,Fine driver.,2022-07-30 22:18:45
3395,3396,4489,204,969,4,Very courteous driver.,2024-02-27 05:52:37
3396,3397,4490,568,748,3,Average experience.,2023-10-04 09:46:55
3397,3398,4490,748,568,2,"Smooth ride, on time.",2023-10-04 10:07:55
3399,3400,4493,187,568,3,Super friendly and helpful.,2022-09-06 15:02:59
3400,3401,4494,568,690,4,"Quick and efficient, thanks!",2023-04-24 12:41:47
3401,3402,4496,568,1237,5,"Quick and efficient, thanks!",2022-01-11 12:56:19
3402,3403,4496,1237,568,3,"Excellent service, will ride again.",2022-01-11 12:47:19
3403,3404,4497,568,190,2,Not very clean.,2022-11-08 01:26:44
3404,3405,4499,448,568,4,"Smooth ride, on time.",2023-12-05 11:21:51
3406,3407,4502,1128,1963,3,Super friendly and helpful.,2022-05-25 23:20:58
3407,3408,4505,1963,1181,4,"Great rider, very polite.",2022-03-11 23:35:27
3408,3409,4506,1410,1963,2,Super friendly and helpful.,2022-11-02 11:10:01
3409,3410,4507,1963,1044,5,"5 stars, highly recommend!",2022-04-08 14:26:50
3411,3412,4512,1410,1963,4,"Great driver, very professional!",2022-12-25 15:13:40
3412,3413,4513,1963,136,4,Very clean car.,2023-11-20 16:53:38
3413,3414,4513,136,1963,3,"Excellent service, will ride again.",2023-11-20 16:05:38
3414,3415,4514,1963,225,4,"Quick and efficient, thanks!",2023-06-10 04:15:08
3417,3418,4517,89,1963,4,Super friendly and helpful.,2022-12-25 10:24:03
3418,3419,4518,1035,1963,4,Super friendly and helpful.,2022-08-24 16:26:16
3424,3425,4527,1963,1099,5,"Smooth ride, on time.",2022-04-19 21:27:45
3426,3427,4529,1963,1461,4,Loved the music selection!,2023-08-04 12:27:32
3427,3428,4529,1461,1963,4,Super friendly and helpful.,2023-08-04 12:06:32
3430,3431,4532,645,1963,3,"Smooth ride, on time.",2023-05-05 15:30:40
3431,3432,4533,1963,1968,5,"Quick and efficient, thanks!",2024-01-16 18:57:34
3432,3433,4533,1968,1963,2,Super friendly and helpful.,2024-01-16 18:41:34
3433,3434,4534,1963,1248,4,Super friendly and helpful.,2022-11-21 04:45:30
3434,3435,4534,1248,1963,4,Very clean car.,2022-11-21 06:15:30
3435,3436,4536,1963,446,4,"Great driver, very professional!",2022-12-14 19:49:56
3436,3437,4536,446,1963,3,"Great driver, very professional!",2022-12-14 22:01:56
3437,3438,4538,1890,1963,2,"Great driver, very professional!",2023-10-11 13:19:40
3439,3440,4540,1030,1963,3,Very clean car.,2022-11-02 19:55:36
3440,3441,4545,1963,14,4,"5 stars, highly recommend!",2023-06-13 03:11:22
3441,3442,4547,230,1963,3,Very clean car.,2024-03-14 15:37:01
3443,3444,4551,281,959,4,Very courteous driver.,2022-01-15 08:53:09
3444,3445,4551,959,281,1,"Smooth ride, on time.",2022-01-15 09:36:09
3447,3448,4556,1180,779,4,Car was spotless.,2023-10-25 11:48:30
3453,3454,4568,1180,2,3,"OK trip, nothing special.",2024-03-22 15:41:17
3454,3455,4568,2,1180,5,Very clean car.,2024-03-22 16:51:17
3455,3456,4570,1180,1084,4,"Easy pickup, no problems.",2022-02-27 12:11:43
3458,3459,4573,1180,1987,5,Very comfortable ride.,2024-01-22 15:15:24
3459,3460,4574,1180,248,3,Got there safely.,2023-03-29 13:33:43
3460,3461,4575,1180,1371,5,Very courteous driver.,2022-08-28 03:45:04
3461,3462,4575,1371,1180,3,Very clean car.,2022-08-28 05:43:04
3462,3463,4576,1180,1053,2,Car smelled bad.,2023-11-10 21:08:32
3464,3465,4577,1479,1180,2,"Great driver, very professional!",2023-11-26 02:11:55
3466,3467,4579,1180,327,4,"Quick and efficient, thanks!",2024-03-05 19:35:16
3467,3468,4579,327,1180,4,Super friendly and helpful.,2024-03-05 20:25:16
3468,3469,4582,341,1180,4,"Great driver, very professional!",2022-01-04 15:08:39
3469,3470,4584,646,248,5,Very courteous driver.,2022-01-07 18:08:49
3470,3471,4584,248,646,3,"Smooth ride, on time.",2022-01-07 18:28:49
3472,3473,4586,331,646,3,Super friendly and helpful.,2022-09-25 14:47:29
3473,3474,4587,818,880,4,"Excellent service, will ride again.",2024-01-28 20:21:43
3474,3475,4588,846,1371,5,"Excellent service, will ride again.",2023-08-14 06:40:47
3477,3478,4590,1724,846,3,Very clean car.,2023-06-15 10:38:47
3478,3479,4592,846,1026,4,Very courteous driver.,2022-05-05 10:51:39
3479,3480,4594,846,194,4,"5 stars, highly recommend!",2023-09-18 21:54:40
3482,3483,4600,846,199,5,Fast and safe driver.,2022-07-02 02:49:11
3484,3485,4603,846,602,4,"Quick and efficient, thanks!",2023-09-21 01:28:53
3486,3487,4604,736,846,4,"Great driver, very professional!",2022-07-21 03:25:19
3489,3490,4608,1653,846,4,"Smooth ride, on time.",2024-02-16 06:34:34
3490,3491,4609,846,789,3,Acceptable ride.,2022-02-01 20:35:18
3491,3492,4610,1450,846,3,"Great driver, very professional!",2023-08-27 15:01:01
3492,3493,4611,1477,846,4,Super friendly and helpful.,2023-10-22 04:54:31
3493,3494,4612,690,846,2,Very clean car.,2023-12-03 09:36:12
3495,3496,4614,119,671,3,"Smooth ride, on time.",2022-03-11 06:38:21
3497,3498,4616,190,671,2,Super friendly and helpful.,2023-05-19 07:28:55
3498,3499,4619,188,502,3,Got there safely.,2022-11-13 15:10:52
3500,3501,4620,1011,378,3,Very clean car.,2023-07-10 02:05:07
3502,3503,4622,351,378,4,Super friendly and helpful.,2022-04-10 23:04:22
3504,3505,4623,97,378,2,Very clean car.,2023-04-24 11:07:06
3506,3507,4625,815,866,3,Fine driver.,2023-05-10 16:40:16
3507,3508,4627,1375,1727,5,"Smooth ride, on time.",2023-10-27 18:46:24
3508,3509,4627,1727,1375,5,"Smooth ride, on time.",2023-10-27 19:44:24
3510,3511,4631,975,647,3,Got there safely.,2022-09-17 07:22:52
3511,3512,4631,647,975,3,"Great driver, very professional!",2022-09-17 07:05:52
3512,3513,4633,975,288,2,Driver was late.,2022-02-06 04:35:56
3513,3514,4634,975,331,5,Car was spotless.,2023-06-07 02:58:44
3514,3515,4634,331,975,3,"Smooth ride, on time.",2023-06-07 02:16:44
3518,3519,4637,1141,1464,4,"Smooth ride, on time.",2024-01-10 03:33:56
3519,3520,4638,1464,2,4,Super friendly and helpful.,2022-04-08 22:36:42
3520,3521,4639,891,1464,3,"Smooth ride, on time.",2023-11-06 01:11:32
3522,3523,4643,1464,1286,4,Loved the music selection!,2022-01-04 00:56:33
3523,3524,4643,1286,1464,2,"Excellent service, will ride again.",2022-01-04 01:54:33
3527,3528,4650,1464,1564,5,Loved the music selection!,2023-06-25 05:50:20
3529,3530,4651,1477,1464,3,"Smooth ride, on time.",2023-07-03 04:34:12
3530,3531,4653,1394,1464,2,Very clean car.,2022-05-01 11:22:03
3531,3532,4654,1464,1100,3,Decent experience.,2023-07-26 02:16:49
3533,3534,4655,394,1464,4,"Excellent service, will ride again.",2022-10-04 21:38:02
3535,3536,4658,1464,412,4,"Great rider, very polite.",2023-06-28 03:17:36
3540,3541,4664,842,1895,2,"Great driver, very professional!",2024-01-02 22:24:27
3541,3542,4667,1895,202,4,Car was spotless.,2023-10-15 14:29:08
3542,3543,4669,858,1651,4,"Great rider, very polite.",2022-03-07 19:35:56
3543,3544,4669,1651,858,2,"Smooth ride, on time.",2022-03-07 20:46:56
3545,3546,4672,858,544,4,"Quick and efficient, thanks!",2023-04-10 05:20:56
3546,3547,4674,858,376,3,Fine driver.,2024-06-22 06:36:06
3547,3548,4675,858,1108,5,"Excellent service, will ride again.",2024-02-27 22:01:57
3550,3551,4677,647,858,3,Super friendly and helpful.,2024-02-02 20:58:09
3551,3552,4678,65,858,5,Super friendly and helpful.,2024-04-06 21:32:18
3553,3554,4680,858,833,4,"Smooth ride, on time.",2022-02-01 14:38:17
3554,3555,4682,858,959,4,"Easy pickup, no problems.",2024-06-10 21:54:20
3556,3557,4683,1148,1948,4,"Easy pickup, no problems.",2023-01-31 18:49:55
3557,3558,4684,95,1881,4,Very comfortable ride.,2022-05-01 10:47:24
3558,3559,4685,508,95,4,Very clean car.,2022-11-09 22:21:08
3559,3560,4686,1108,95,1,Very clean car.,2023-10-07 00:09:43
3560,3561,4689,1757,766,3,Acceptable ride.,2022-05-31 03:59:51
3561,3562,4689,766,1757,4,"Great driver, very professional!",2022-05-31 03:55:51
3562,3563,4690,1494,1757,2,Very clean car.,2024-03-22 10:04:44
3565,3566,4692,1413,1734,5,"Smooth ride, on time.",2022-04-16 07:39:30
3567,3568,4696,814,1100,5,Loved the music selection!,2022-10-13 02:46:46
3569,3570,4699,253,508,5,Very clean car.,2022-11-27 01:27:19
3570,3571,4699,508,253,3,"Smooth ride, on time.",2022-11-27 01:15:19
3572,3573,4702,1065,341,4,Very comfortable ride.,2024-06-09 15:57:24
3573,3574,4703,1065,630,3,Fine driver.,2023-11-14 03:15:26
3574,3575,4703,630,1065,3,"Smooth ride, on time.",2023-11-14 04:44:26
3575,3576,4704,493,1651,4,Loved the music selection!,2023-12-05 15:48:08
3576,3577,4705,351,493,3,"Smooth ride, on time.",2022-11-20 21:17:18
3577,3578,4707,493,1394,5,"Great rider, very polite.",2022-09-17 05:29:10
3581,3582,4717,493,1794,5,Car was spotless.,2023-08-19 19:45:20
3584,3585,4721,1955,809,3,Very clean car.,2024-02-15 21:38:31
3586,3587,4725,260,256,5,Very courteous driver.,2022-03-24 13:13:03
3587,3588,4728,260,235,4,"Quick and efficient, thanks!",2024-03-02 03:15:53
3588,3589,4728,235,260,3,Very clean car.,2024-03-02 03:54:53
3589,3590,4729,260,1170,4,Car was spotless.,2024-02-18 21:41:48
3590,3591,4729,1170,260,3,"Smooth ride, on time.",2024-02-18 23:25:48
3593,3594,4733,1053,260,4,Very clean car.,2024-02-25 09:48:06
3596,3597,4737,1724,260,4,Very clean car.,2023-12-04 09:54:48
3599,3600,4740,260,187,3,Fine driver.,2022-10-28 21:57:43
3600,3601,4740,187,260,3,"Smooth ride, on time.",2022-10-28 23:22:43
3601,3602,4742,260,1100,4,Fast and safe driver.,2024-05-10 18:40:04
3602,3603,4746,260,15,5,Very courteous driver.,2022-01-01 06:39:35
3603,3604,4747,260,1477,4,Very courteous driver.,2022-01-07 05:25:16
3605,3606,4753,712,164,3,Acceptable ride.,2022-07-01 21:56:46
3606,3607,4755,712,1221,3,Got there safely.,2022-09-23 06:40:39
3608,3609,4760,1574,712,2,Super friendly and helpful.,2023-04-13 02:20:11
3609,3610,4761,192,712,3,"Excellent service, will ride again.",2024-05-03 07:52:36
3611,3612,4764,712,1776,3,Nothing to complain about.,2022-05-03 04:12:05
3613,3614,4766,712,351,5,Very clean car.,2024-05-28 07:27:06
3614,3615,4766,351,712,4,"Great driver, very professional!",2024-05-28 07:52:06
3618,3619,4770,1839,967,4,Very clean car.,2022-12-15 07:00:58
3619,3620,4775,967,986,5,Loved the music selection!,2022-07-20 06:26:23
3622,3623,4779,967,1205,3,Nothing to complain about.,2023-01-17 04:28:35
3627,3628,4784,967,995,4,Very comfortable ride.,2022-03-30 08:27:02
3628,3629,4788,967,1336,3,Decent experience.,2023-03-26 21:52:21
3629,3630,4788,1336,967,2,"Excellent service, will ride again.",2023-03-26 23:50:21
3630,3631,4790,1117,967,4,Very clean car.,2024-02-07 00:52:06
3632,3633,4793,469,967,3,"Smooth ride, on time.",2023-02-25 10:40:16
3634,3635,4795,967,1776,4,"Smooth ride, on time.",2023-05-11 11:30:00
3636,3637,4800,967,833,4,Very comfortable ride.,2023-11-04 13:35:25
3638,3639,4801,1243,967,4,Very clean car.,2023-07-21 15:23:39
3642,3643,4805,601,967,4,"Great driver, very professional!",2022-01-22 23:35:24
3643,3644,4807,967,467,3,Nothing to complain about.,2022-06-07 10:56:17
3644,3645,4808,967,860,3,Trip was okay.,2024-05-01 15:00:56
3646,3647,4809,224,967,3,"Smooth ride, on time.",2022-11-12 04:04:23
3647,3648,4810,932,967,5,"Excellent service, will ride again.",2022-01-12 01:38:21
3648,3649,4811,967,549,5,"5 stars, highly recommend!",2024-01-31 06:26:34
3649,3650,4812,967,705,3,Got there safely.,2022-10-04 12:32:25
3653,3654,4816,1651,967,3,Super friendly and helpful.,2023-09-11 06:39:22
3655,3656,4817,1301,967,2,Very clean car.,2023-04-28 10:02:04
3656,3657,4818,508,967,3,Very clean car.,2024-02-01 14:56:55
3657,3658,4819,267,1853,5,"Quick and efficient, thanks!",2024-01-24 06:24:08
3658,3659,4820,267,833,3,Trip was okay.,2024-06-06 04:59:20
3659,3660,4820,833,267,2,Very clean car.,2024-06-06 06:15:20
3662,3663,4822,932,267,3,"Excellent service, will ride again.",2023-08-14 09:39:23
3663,3664,4823,267,1765,3,Fine driver.,2023-02-06 02:20:57
3664,3665,4823,1765,267,3,Very clean car.,2023-02-06 01:49:57
3665,3666,4824,539,267,3,Super friendly and helpful.,2022-01-29 01:22:38
3667,3668,4829,1044,1010,3,"Smooth ride, on time.",2022-03-08 16:22:37
3668,3669,4830,1010,118,3,Decent experience.,2024-03-11 09:09:51
3670,3671,4832,1010,1087,5,"Perfect trip, no issues.",2023-04-21 20:14:52
3672,3673,4833,741,1010,3,Super friendly and helpful.,2024-04-28 12:52:54
3675,3676,4836,932,1010,4,"Smooth ride, on time.",2023-04-03 13:40:39
3677,3678,4848,1010,201,5,Car was spotless.,2024-03-19 23:28:43
3678,3679,4848,201,1010,4,"Excellent service, will ride again.",2024-03-20 00:05:43
3679,3680,4849,5,1010,3,"Excellent service, will ride again.",2023-09-15 05:23:06
3680,3681,4850,1010,1427,5,Car was spotless.,2023-03-14 07:14:48
3682,3683,4855,1010,1776,5,Super friendly and helpful.,2023-01-02 03:54:48
3683,3684,4857,1060,1010,4,"Smooth ride, on time.",2023-09-08 23:51:28
3684,3685,4861,1010,1373,4,Very clean car.,2023-11-17 14:01:34
3685,3686,4861,1373,1010,3,Super friendly and helpful.,2023-11-17 13:57:34
3686,3687,4862,1532,1010,2,Very clean car.,2023-05-05 01:47:04
3689,3690,4866,1227,1010,5,"Excellent service, will ride again.",2024-01-27 12:31:59
3690,3691,4869,1010,833,5,Fast and safe driver.,2023-01-25 10:46:48
3692,3693,4870,1010,1281,3,"OK trip, nothing special.",2023-02-21 21:00:14
3694,3695,4872,1010,1941,1,Rough driving.,2024-01-31 19:53:17
3695,3696,4875,1010,1044,5,Loved the music selection!,2023-04-18 18:26:44
3699,3700,4879,1010,1293,5,"5 stars, highly recommend!",2023-12-03 12:33:25
3700,3701,4879,1293,1010,4,Very clean car.,2023-12-03 12:01:25
3702,3703,4882,1010,1532,3,Decent experience.,2022-09-06 06:41:56
3704,3705,4887,1010,142,4,"Easy pickup, no problems.",2023-04-16 03:33:39
3705,3706,4895,1755,1751,3,Super friendly and helpful.,2024-06-12 16:35:30
3706,3707,4897,1751,1371,4,Super friendly and helpful.,2022-06-28 20:01:36
3707,3708,4897,1371,1751,3,"Smooth ride, on time.",2022-06-28 20:04:36
3708,3709,4898,1751,1041,3,Fine driver.,2022-11-06 09:30:49
3709,3710,4898,1041,1751,2,"Smooth ride, on time.",2022-11-06 09:35:49
3710,3711,4900,667,1207,4,"Great driver, very professional!",2024-05-10 05:35:23
3712,3713,4902,667,119,4,Loved the music selection!,2024-05-08 10:43:06
3714,3715,4903,1653,667,5,"Smooth ride, on time.",2023-04-22 18:11:48
3717,3718,4906,1881,667,3,Very clean car.,2023-12-01 06:13:29
3721,3722,4909,667,1041,4,Very clean car.,2022-06-28 01:41:18
3722,3723,4913,667,1968,5,"Perfect trip, no issues.",2022-04-30 18:03:36
3724,3725,4917,1170,133,3,"Excellent service, will ride again.",2023-02-03 05:09:37
3725,3726,4921,51,957,4,Very courteous driver.,2022-04-14 21:01:08
3726,3727,4923,1111,51,3,Super friendly and helpful.,2022-08-01 01:16:38
3728,3729,4925,1794,51,3,"Excellent service, will ride again.",2022-11-03 21:37:26
3729,3730,4926,51,1030,4,Very clean car.,2023-12-03 12:51:14
3730,3731,4929,51,318,3,Got there safely.,2022-03-02 00:16:26
3731,3732,4930,51,1727,4,Fast and safe driver.,2023-02-18 03:25:57
3732,3733,4930,1727,51,3,Very clean car.,2023-02-18 05:23:57
3733,3734,4931,51,433,4,"Great driver, very professional!",2023-04-24 09:42:22
3734,3735,4932,51,1889,3,Nothing to complain about.,2022-06-02 03:29:01
3737,3738,4935,1764,51,3,"Smooth ride, on time.",2023-07-06 21:56:33
3738,3739,4937,51,1605,4,Very comfortable ride.,2024-01-08 00:27:31
3740,3741,4940,51,1776,4,Fast and safe driver.,2022-08-14 07:27:18
3741,3742,4941,51,1955,4,"Perfect trip, no issues.",2022-04-26 05:35:29
3746,3747,4949,542,370,4,Super friendly and helpful.,2024-06-12 23:42:57
3747,3748,4951,714,1654,3,Got there safely.,2024-03-17 10:30:13
3748,3749,4955,714,766,3,Average experience.,2023-12-17 21:43:27
3750,3751,4956,647,714,3,Very clean car.,2024-06-21 11:58:21
3751,3752,4957,714,1343,3,Nothing to complain about.,2022-11-05 19:28:04
3752,3753,4959,286,714,3,"Excellent service, will ride again.",2023-03-20 02:03:10
3753,3754,4962,714,553,4,"Easy pickup, no problems.",2022-07-21 06:07:08
3754,3755,4963,714,510,3,Fine driver.,2022-08-09 03:39:32
3755,3756,4965,714,199,4,"Easy pickup, no problems.",2022-07-31 19:47:21
3757,3758,4969,714,1790,5,"Great rider, very polite.",2023-06-16 07:10:22
3758,3759,4969,1790,714,3,"Smooth ride, on time.",2023-06-16 08:56:22
3760,3761,4972,714,461,3,Average experience.,2024-02-04 08:44:02
3763,3764,4976,1956,714,2,"Excellent service, will ride again.",2022-02-25 07:31:57
3765,3766,4983,1948,2000,2,"Smooth ride, on time.",2023-09-29 04:25:53
3766,3767,4988,2000,1492,5,Super friendly and helpful.,2023-01-30 05:37:12
3767,3768,4988,1492,2000,4,Super friendly and helpful.,2023-01-30 06:32:12
3770,3771,4991,602,2000,2,"Great driver, very professional!",2022-03-21 12:35:59
3771,3772,4994,1600,736,3,"OK trip, nothing special.",2022-07-06 17:33:16
3772,3773,4995,1443,1807,3,"Excellent service, will ride again.",2022-06-19 12:19:23
3774,3775,4998,1453,1135,4,Very clean car.,2024-02-10 23:01:54
3775,3776,4998,1135,1453,4,Very clean car.,2024-02-11 00:35:54
3777,3778,4999,1999,1453,4,Very clean car.,2022-01-12 07:12:20
3778,3779,5003,256,1453,4,Very clean car.,2024-04-29 08:14:29
3783,3784,5011,1373,1453,3,Super friendly and helpful.,2024-06-08 03:14:24
3784,3785,5013,1453,1030,5,"Perfect trip, no issues.",2023-05-06 20:49:16
3786,3787,5014,1355,1453,3,Very clean car.,2023-03-12 13:35:47
3787,3788,5016,1437,1453,5,"Excellent service, will ride again.",2022-12-14 17:06:47
3788,3789,5017,288,1453,4,"Smooth ride, on time.",2022-03-16 14:49:49
3791,3792,5027,1453,1461,4,"Easy pickup, no problems.",2022-01-31 19:08:55
3793,3794,5030,1453,136,4,"Great rider, very polite.",2023-11-01 21:56:44
3794,3795,5033,1453,1709,3,Average experience.,2022-03-27 13:07:28
3800,3801,5048,1608,1453,3,Super friendly and helpful.,2022-02-08 05:44:18
3801,3802,5049,1814,1453,5,"Smooth ride, on time.",2023-02-26 14:17:14
3802,3803,5050,1453,202,4,"Quick and efficient, thanks!",2022-09-07 02:19:45
3804,3805,5052,1658,1453,2,Very clean car.,2024-01-24 08:31:15
3806,3807,5054,1453,44,4,Super friendly and helpful.,2022-08-18 22:54:09
3807,3808,5056,1453,1709,2,Car smelled bad.,2024-02-15 20:54:56
3809,3810,5058,1453,139,4,Very comfortable ride.,2022-12-03 17:31:17
3810,3811,5059,1453,515,4,"Easy pickup, no problems.",2024-05-01 09:18:34
3811,3812,5059,515,1453,4,Very clean car.,2024-05-01 08:32:34
3812,3813,5061,1453,690,4,"Excellent service, will ride again.",2022-05-22 13:50:35
3813,3814,5061,690,1453,4,"Excellent service, will ride again.",2022-05-22 14:05:35
3817,3818,5066,1453,986,3,Nothing to complain about.,2024-04-02 18:53:44
3822,3823,5073,139,1453,3,Super friendly and helpful.,2023-09-09 21:12:22
3823,3824,5074,1608,1453,2,"Smooth ride, on time.",2023-12-11 23:16:08
3825,3826,5075,139,1453,4,Very clean car.,2023-12-05 12:10:29
3827,3828,5077,1104,1453,4,"Great driver, very professional!",2023-08-24 03:29:10
3829,3830,5081,433,1453,4,"Excellent service, will ride again.",2024-06-07 05:34:53
3830,3831,5083,1453,1099,4,"Great rider, very polite.",2022-09-10 12:04:07
3831,3832,5085,1032,1765,3,Fine driver.,2022-03-12 02:55:10
3832,3833,5090,356,1755,4,"Great driver, very professional!",2023-08-07 02:24:22
3833,3834,5090,1755,356,3,Very clean car.,2023-08-07 02:58:22
3834,3835,5091,1492,356,3,"Excellent service, will ride again.",2022-10-26 08:01:43
3837,3838,5094,1520,121,4,"Perfect trip, no issues.",2023-02-17 17:24:33
3838,3839,5095,1647,446,5,Very comfortable ride.,2022-08-22 19:32:19
3840,3841,5096,1555,1647,4,"Great driver, very professional!",2024-06-16 00:05:40
3842,3843,5098,1776,1647,4,Very clean car.,2023-09-05 13:16:28
3844,3845,5100,1647,202,4,"Perfect trip, no issues.",2022-10-13 23:06:42
3846,3847,5101,446,1647,4,Super friendly and helpful.,2024-06-22 17:43:10
3848,3849,5104,1647,940,4,"Great driver, very professional!",2022-07-09 21:56:33
3849,3850,5104,940,1647,3,Very clean car.,2022-07-09 23:32:33
3850,3851,5106,1647,131,4,"Great driver, very professional!",2022-04-06 15:20:15
3851,3852,5106,131,1647,3,"Smooth ride, on time.",2022-04-06 15:43:15
3852,3853,5108,1647,235,3,Got there safely.,2022-08-12 22:42:24
3856,3857,5113,957,1647,4,Very clean car.,2023-07-19 18:31:57
3860,3861,5117,866,1647,3,Very clean car.,2023-03-05 05:19:07
3864,3865,5122,1584,1626,4,"Excellent service, will ride again.",2024-03-03 04:40:27
3866,3867,5124,327,1626,3,Super friendly and helpful.,2022-07-31 04:05:51
3867,3868,5127,1318,1869,3,Got there safely.,2022-01-14 12:14:28
3869,3870,5131,643,1318,2,"Excellent service, will ride again.",2024-04-23 09:26:32
3870,3871,5132,1318,1100,5,Car was spotless.,2024-02-26 14:37:12
3871,3872,5132,1100,1318,4,"Smooth ride, on time.",2024-02-26 14:45:12
3872,3873,5133,1108,1318,3,"Excellent service, will ride again.",2024-03-03 12:17:41
3873,3874,5134,1318,571,4,"5 stars, highly recommend!",2023-02-17 02:16:47
3874,3875,5134,571,1318,3,Very clean car.,2023-02-17 01:44:47
3877,3878,5137,1318,229,4,Very comfortable ride.,2022-01-24 21:14:12
3878,3879,5137,229,1318,2,"Excellent service, will ride again.",2022-01-24 21:01:12
3880,3881,5139,145,571,3,Decent experience.,2022-11-19 15:10:24
3881,3882,5141,1001,1503,2,"Great driver, very professional!",2022-01-27 08:51:46
3882,3883,5142,1503,1889,2,Driver was late.,2023-08-10 20:06:39
3883,3884,5143,1503,959,5,Car was spotless.,2024-05-28 11:11:12
3884,3885,5145,1503,230,3,Average experience.,2022-12-04 12:02:10
3885,3886,5148,1690,1206,5,"Excellent service, will ride again.",2023-11-02 23:28:38
3886,3887,5149,1690,412,4,"Smooth ride, on time.",2022-04-28 05:52:52
3888,3889,5152,608,1690,5,"Smooth ride, on time.",2022-02-02 03:57:29
3889,3890,5153,1690,1561,3,Nothing to complain about.,2023-05-11 13:36:19
3891,3892,5156,1690,1350,3,Fine driver.,2023-05-10 16:53:53
3892,3893,5156,1350,1690,4,Super friendly and helpful.,2023-05-10 16:34:53
3893,3894,5157,1690,1826,4,Very courteous driver.,2022-11-03 16:50:00
3895,3896,5158,1790,1690,3,"Excellent service, will ride again.",2023-06-10 18:34:04
3896,3897,5161,1690,1605,4,Very comfortable ride.,2022-06-07 14:34:31
3897,3898,5162,1465,1023,5,Super friendly and helpful.,2022-09-19 23:07:55
3898,3899,5162,1023,1465,4,Super friendly and helpful.,2022-09-20 00:52:55
3899,3900,5163,1465,136,3,Got there safely.,2023-01-23 02:08:10
3901,3902,5167,27,142,4,"Great rider, very polite.",2024-06-16 06:20:08
3902,3903,5168,27,162,5,Very comfortable ride.,2022-01-06 19:17:33
3905,3906,5170,27,833,4,"5 stars, highly recommend!",2023-10-26 00:50:50
3906,3907,5171,27,1438,3,Trip was okay.,2023-08-20 10:16:51
3908,3909,5177,1599,585,3,Decent experience.,2023-01-16 15:18:51
3912,3913,5184,1599,974,3,Fine driver.,2022-10-17 21:29:24
3914,3915,5185,1599,62,3,Average experience.,2023-02-18 00:57:39
3915,3916,5185,62,1599,4,"Great driver, very professional!",2023-02-17 23:44:39
3916,3917,5186,1599,1561,5,"Smooth ride, on time.",2022-11-23 14:33:34
3918,3919,5188,66,1599,3,"Great driver, very professional!",2023-12-08 05:04:25
3919,3920,5190,1599,224,3,Decent experience.,2023-07-26 00:43:54
3920,3921,5191,1599,1400,3,"OK trip, nothing special.",2023-03-04 06:34:22
3921,3922,5191,1400,1599,5,Very clean car.,2023-03-04 05:44:22
3924,3925,5194,1775,1599,4,Super friendly and helpful.,2024-06-15 01:03:02
3927,3928,5199,665,1599,4,"Excellent service, will ride again.",2023-11-10 22:52:53
3931,3932,5210,1599,822,4,Very courteous driver.,2022-07-04 23:46:37
3932,3933,5210,822,1599,4,"Great driver, very professional!",2022-07-05 01:43:37
3934,3935,5212,1599,1355,5,Fast and safe driver.,2022-03-27 08:47:34
3936,3937,5214,1599,833,4,Loved the music selection!,2023-04-23 15:29:33
3937,3938,5214,833,1599,2,"Smooth ride, on time.",2023-04-23 17:12:33
3938,3939,5215,1599,176,3,Decent experience.,2024-03-01 20:30:47
3939,3940,5215,176,1599,3,"Excellent service, will ride again.",2024-03-01 20:46:47
3940,3941,5217,1599,393,4,"Quick and efficient, thanks!",2024-02-09 08:34:15
3941,3942,5217,393,1599,4,Very clean car.,2024-02-09 08:03:15
3943,3944,5219,1684,1737,4,"Excellent service, will ride again.",2023-07-18 04:24:46
3944,3945,5220,210,1737,3,Super friendly and helpful.,2024-03-19 11:44:19
3947,3948,5225,1752,1737,4,"Excellent service, will ride again.",2022-10-18 06:54:37
3951,3952,5231,1737,1403,3,Decent experience.,2024-02-06 00:08:52
3952,3953,5233,286,1737,3,Super friendly and helpful.,2024-01-14 16:15:37
3954,3955,5235,553,1737,2,"Smooth ride, on time.",2023-01-21 03:44:28
3955,3956,5236,1293,1737,3,"Excellent service, will ride again.",2022-02-03 01:38:36
3960,3961,5244,1567,389,3,Decent experience.,2023-10-14 23:21:53
3961,3962,5244,389,1567,4,"Smooth ride, on time.",2023-10-14 23:18:53
3964,3965,5249,1567,323,4,Loved the music selection!,2022-07-02 14:02:31
3966,3967,5252,1567,868,3,Got there safely.,2022-07-02 01:32:06
3967,3968,5253,1567,1658,3,Average experience.,2023-03-08 16:40:57
3968,3969,5254,1567,1221,4,"Smooth ride, on time.",2022-07-07 00:03:36
3969,3970,5256,1567,164,3,Average experience.,2022-06-28 19:46:38
3970,3971,5256,164,1567,3,"Great driver, very professional!",2022-06-28 21:04:38
3972,3973,5257,1206,1567,4,"Excellent service, will ride again.",2022-04-09 05:31:25
3973,3974,5258,1053,1567,4,"Smooth ride, on time.",2022-03-15 17:11:46
3974,3975,5259,1567,677,3,Fine driver.,2023-10-08 19:49:15
3975,3976,5259,677,1567,3,"Great driver, very professional!",2023-10-08 20:27:15
3976,3977,5260,331,1567,3,"Great driver, very professional!",2023-02-23 14:39:45
3978,3979,5265,305,1562,3,Trip was okay.,2022-05-14 14:16:38
3979,3980,5272,305,202,5,"Great rider, very polite.",2024-06-22 22:52:20
3980,3981,5272,202,305,3,Very clean car.,2024-06-22 23:14:20
3983,3984,5274,305,436,4,Car was spotless.,2023-10-11 14:48:33
3984,3985,5275,305,1889,2,Not very clean.,2022-02-07 09:52:23
3988,3989,5281,305,1548,3,Decent experience.,2023-08-13 09:19:38
3989,3990,5282,778,305,2,Very clean car.,2023-03-19 05:32:55
3992,3993,5286,305,645,5,"5 stars, highly recommend!",2022-08-06 21:25:06
3993,3994,5288,305,494,4,Very courteous driver.,2022-10-10 12:52:21
3994,3995,5288,494,305,2,"Excellent service, will ride again.",2022-10-10 14:11:21
3998,3999,5292,47,779,1,Took a longer route.,2023-06-01 09:25:26
3999,4000,5295,1956,47,3,"Excellent service, will ride again.",2022-04-07 09:26:56
4000,4001,5296,47,1183,5,Fast and safe driver.,2022-12-11 08:56:35
4001,4002,5297,47,1991,2,Driver was late.,2023-03-24 03:46:06
4002,4003,5297,1991,47,4,"Smooth ride, on time.",2023-03-24 02:10:06
4003,4004,5301,47,1403,5,"Smooth ride, on time.",2023-08-10 07:22:50
4004,4005,5301,1403,47,3,Super friendly and helpful.,2023-08-10 08:47:50
4007,4008,5306,47,341,4,Fast and safe driver.,2022-05-25 19:50:30
4008,4009,5306,341,47,2,"Smooth ride, on time.",2022-05-25 20:00:30
4010,4011,5308,47,1693,3,Got there safely.,2024-05-14 11:57:52
4011,4012,5309,47,324,5,"Easy pickup, no problems.",2023-10-05 04:39:29
4013,4014,5311,47,132,3,Acceptable ride.,2023-11-03 00:27:32
4014,4015,5314,47,131,4,"5 stars, highly recommend!",2022-07-22 06:17:24
4015,4016,5316,47,1227,5,Loved the music selection!,2022-12-16 10:54:49
4019,4020,5320,532,1605,3,Got there safely.,2023-06-27 21:42:43
4020,4021,5322,1764,1498,4,"Smooth ride, on time.",2024-03-10 06:39:50
4021,4022,5323,1498,1427,4,Loved the music selection!,2023-04-23 03:45:09
4024,4025,5326,1842,142,3,"OK trip, nothing special.",2023-12-02 09:35:44
4025,4026,5326,142,1842,4,Very clean car.,2023-12-02 11:20:44
4026,4027,5328,1842,1108,3,Got there safely.,2022-12-09 19:17:08
4027,4028,5331,1755,1842,2,"Great driver, very professional!",2022-09-05 11:32:53
4028,4029,5334,947,1805,4,"Great driver, very professional!",2022-01-17 13:35:21
4031,4032,5341,1805,1183,4,"Great driver, very professional!",2022-05-05 07:46:56
4032,4033,5342,1805,430,4,Very comfortable ride.,2023-07-20 19:46:17
4033,4034,5346,1805,1825,4,Loved the music selection!,2024-06-07 17:36:03
4035,4036,5353,1805,1755,3,Trip was okay.,2023-06-15 18:46:27
4036,4037,5354,1805,351,5,"Easy pickup, no problems.",2024-06-26 04:02:45
4037,4038,5356,1805,97,4,Car was spotless.,2022-11-08 00:21:58
4039,4040,5363,1430,1454,3,Very clean car.,2023-03-29 09:54:58
4041,4042,5365,593,1454,1,Super friendly and helpful.,2023-05-10 04:32:13
4043,4044,5368,202,1769,3,"Smooth ride, on time.",2024-01-12 07:09:50
4045,4046,5370,1205,444,5,"Excellent service, will ride again.",2023-09-09 10:26:08
4046,4047,5371,444,229,4,Very clean car.,2024-03-27 00:30:28
4048,4049,5374,444,1196,5,"Smooth ride, on time.",2023-05-07 09:53:58
4049,4050,5374,1196,444,3,Super friendly and helpful.,2023-05-07 11:31:58
4050,4051,5376,645,444,5,"Excellent service, will ride again.",2023-07-02 00:29:31
4052,4053,5380,444,878,3,Decent experience.,2024-02-25 01:56:30
4053,4054,5381,318,444,4,Very clean car.,2022-05-16 10:57:42
4054,4055,5383,271,444,2,"Excellent service, will ride again.",2022-06-14 19:08:32
4055,4056,5384,444,258,4,Fast and safe driver.,2024-04-15 14:15:27
4056,4057,5384,258,444,3,Very clean car.,2024-04-15 14:03:27
4060,4061,5392,1221,1903,2,"Excellent service, will ride again.",2023-05-12 05:46:22
4062,4063,5395,477,1903,2,Super friendly and helpful.,2023-05-25 03:06:19
4064,4065,5397,1903,1968,5,"Easy pickup, no problems.",2023-05-25 06:33:48
4066,4067,5398,1139,1903,5,Very clean car.,2023-02-13 04:31:33
4067,4068,5399,553,1903,4,Very clean car.,2022-08-28 13:42:11
4070,4071,5403,1830,1903,2,Very clean car.,2022-08-16 12:07:54
4072,4073,5405,1903,601,3,Got there safely.,2022-08-08 10:37:42
4073,4074,5405,601,1903,2,"Smooth ride, on time.",2022-08-08 10:15:42
4077,4078,5416,1585,1400,4,"Easy pickup, no problems.",2023-08-07 21:23:26
4079,4080,5417,202,1585,2,"Excellent service, will ride again.",2023-10-15 01:08:08
4080,4081,5420,24,397,3,Super friendly and helpful.,2023-06-08 22:04:25
4081,4082,5421,571,1005,3,"Smooth ride, on time.",2024-01-17 00:50:51
4083,4084,5423,1005,271,5,Very courteous driver.,2022-08-02 20:34:34
4089,4090,5432,262,328,3,Acceptable ride.,2023-05-28 18:55:47
4090,4091,5434,1379,1482,3,Acceptable ride.,2024-02-03 16:59:54
4091,4092,5434,1482,1379,3,"Smooth ride, on time.",2024-02-03 19:07:54
4093,4094,5436,1379,1134,4,Very comfortable ride.,2023-10-12 08:18:46
4094,4095,5436,1134,1379,3,Super friendly and helpful.,2023-10-12 09:03:46
4095,4096,5438,1379,1547,5,Very clean car.,2023-06-24 17:49:40
4097,4098,5440,1379,1162,5,Fast and safe driver.,2023-11-10 19:38:30
4103,4104,5446,1379,1267,3,Acceptable ride.,2024-04-26 13:08:23
4104,4105,5449,1379,1987,4,"Great rider, very polite.",2022-01-14 01:39:33
4106,4107,5452,1379,1162,5,Very courteous driver.,2022-08-17 11:57:08
4107,4108,5452,1162,1379,3,Super friendly and helpful.,2022-08-17 11:30:08
4109,4110,5461,300,1081,4,"Great rider, very polite.",2023-01-11 21:02:48
4110,4111,5462,300,14,4,"Quick and efficient, thanks!",2022-03-16 18:02:52
4114,4115,5469,1202,477,4,"Quick and efficient, thanks!",2023-03-19 13:44:48
4115,4116,5470,1202,1995,3,Trip was okay.,2022-03-01 23:47:34
4116,4117,5470,1995,1202,4,"Excellent service, will ride again.",2022-03-02 00:10:34
4117,4118,5472,1202,319,4,"5 stars, highly recommend!",2023-11-28 02:46:48
4118,4119,5473,1202,1507,4,"Smooth ride, on time.",2024-01-01 22:26:03
4119,4120,5473,1507,1202,3,"Excellent service, will ride again.",2024-01-01 22:06:03
4121,4122,5474,1781,1202,2,Super friendly and helpful.,2022-02-09 04:44:08
4123,4124,5476,1194,932,4,"5 stars, highly recommend!",2023-11-22 00:50:02
4124,4125,5477,1194,1584,5,Super friendly and helpful.,2023-11-20 07:03:37
4126,4127,5480,545,1302,4,"Smooth ride, on time.",2023-01-22 05:35:10
4127,4128,5480,1302,545,3,"Excellent service, will ride again.",2023-01-22 05:45:10
4129,4130,5484,1564,154,3,Very clean car.,2022-12-15 00:24:06
4130,4131,5487,154,1869,5,Very clean car.,2023-06-11 01:10:19
4132,4133,5488,1131,385,3,"Smooth ride, on time.",2022-06-06 12:03:53
4135,4136,5492,608,385,4,"Smooth ride, on time.",2023-12-27 05:21:49
4138,4139,5494,385,469,4,Fast and safe driver.,2023-06-03 19:45:12
4139,4140,5496,1814,385,4,"Smooth ride, on time.",2024-03-07 22:26:41
4141,4142,5498,385,132,5,"Quick and efficient, thanks!",2022-07-24 11:38:54
4145,4146,5503,385,1526,4,Loved the music selection!,2022-11-08 21:16:38
4146,4147,5504,385,389,4,Car was spotless.,2023-11-21 12:20:42
4147,4148,5504,389,385,2,"Smooth ride, on time.",2023-11-21 11:43:42
4149,4150,5505,866,385,3,Very clean car.,2024-03-16 22:35:17
4150,4151,5506,1544,385,3,Very clean car.,2022-08-19 09:07:27
4152,4153,5508,833,1165,3,"Smooth ride, on time.",2024-03-03 20:50:18
4153,4154,5509,1352,1165,3,"Great driver, very professional!",2022-03-15 09:10:51
4158,4159,5521,412,1165,4,Super friendly and helpful.,2024-01-21 15:45:20
4159,4160,5525,1165,1243,3,Nothing to complain about.,2022-08-23 14:23:34
4161,4162,5527,1739,1165,3,"Smooth ride, on time.",2022-08-17 02:44:56
4165,4166,5530,570,1165,3,"Smooth ride, on time.",2023-01-08 09:32:26
4167,4168,5531,331,1165,3,"Smooth ride, on time.",2023-02-01 11:22:19
4170,4171,5534,271,1165,3,"Smooth ride, on time.",2023-12-13 19:10:50
4171,4172,5536,1165,1227,3,Trip was okay.,2022-08-27 04:42:46
4172,4173,5539,1165,1207,5,"Smooth ride, on time.",2022-08-24 12:53:14
4174,4175,5541,224,1165,2,Super friendly and helpful.,2024-02-14 11:50:17
4175,4176,5542,1165,1081,4,Super friendly and helpful.,2023-07-04 22:13:50
4182,4183,5552,957,1165,4,"Excellent service, will ride again.",2023-09-26 12:36:24
4183,4184,5553,1165,920,4,"Excellent service, will ride again.",2024-02-10 16:12:51
4184,4185,5557,1165,1343,4,"Great rider, very polite.",2022-01-13 03:00:33
4185,4186,5558,1165,1198,4,Fast and safe driver.,2022-04-30 04:17:41
4186,4187,5558,1198,1165,4,"Excellent service, will ride again.",2022-04-30 04:16:41
4189,4190,5564,833,466,3,Super friendly and helpful.,2023-03-15 15:03:46
4195,4196,5571,539,466,4,Super friendly and helpful.,2023-07-31 06:41:25
4196,4197,5573,466,1983,3,Decent experience.,2023-03-22 15:15:02
4197,4198,5574,434,466,3,Very clean car.,2022-10-15 19:03:46
4199,4200,5576,1881,466,3,"Great driver, very professional!",2022-05-31 21:55:41
4200,4201,5577,466,136,3,Acceptable ride.,2022-10-15 05:27:39
4201,4202,5578,466,318,4,"Great driver, very professional!",2024-02-03 08:49:22
4203,4204,5580,690,466,4,Very clean car.,2023-04-21 23:06:32
4204,4205,5584,867,466,4,"Great driver, very professional!",2024-03-25 20:16:50
4205,4206,5585,1948,1383,4,Very clean car.,2022-11-22 12:52:45
4207,4208,5589,1383,1221,4,"5 stars, highly recommend!",2022-08-14 13:04:59
4210,4211,5595,37,1026,4,Fast and safe driver.,2023-11-08 14:03:45
4213,4214,5602,37,995,3,Fine driver.,2023-08-26 22:03:49
4214,4215,5602,995,37,3,Super friendly and helpful.,2023-08-26 23:15:49
4216,4217,5606,37,1472,3,Average experience.,2023-03-17 01:15:22
4217,4218,5607,37,842,3,Fine driver.,2024-01-01 01:38:10
4220,4221,5612,1011,1904,3,Very clean car.,2022-05-18 07:23:17
4221,4222,5613,1479,1904,3,"Great driver, very professional!",2022-09-19 09:27:31
4222,4223,5617,334,1904,4,Very clean car.,2024-03-03 17:43:25
4225,4226,5624,1904,210,4,"Great driver, very professional!",2023-03-22 12:49:18
4226,4227,5624,210,1904,2,"Excellent service, will ride again.",2023-03-22 13:39:18
4227,4228,5627,1904,194,3,Acceptable ride.,2023-10-15 05:33:35
4228,4229,5627,194,1904,3,Very clean car.,2023-10-15 05:19:35
4231,4232,5632,1904,697,3,Decent experience.,2023-04-12 19:41:37
4235,4236,5638,128,1651,4,"Smooth ride, on time.",2023-09-18 21:07:42
4236,4237,5638,1651,128,5,"Great driver, very professional!",2023-09-18 23:24:42
4237,4238,5642,905,1965,4,"5 stars, highly recommend!",2022-10-17 11:29:06
4238,4239,5642,1965,905,3,Very clean car.,2022-10-17 10:39:06
4241,4242,5646,89,905,4,Very clean car.,2022-08-28 07:59:57
4243,4244,5650,990,1507,5,Car was spotless.,2024-04-03 05:22:06
4244,4245,5650,1507,990,4,Super friendly and helpful.,2024-04-03 05:11:06
4245,4246,5652,990,97,4,"Quick and efficient, thanks!",2022-03-16 05:10:13
4246,4247,5652,97,990,2,"Excellent service, will ride again.",2022-03-16 06:27:13
4247,4248,5654,1636,472,3,Fine driver.,2024-03-27 17:38:48
4250,4251,5657,132,1028,4,"Great driver, very professional!",2022-12-28 11:11:52
4251,4252,5660,645,1028,3,Very clean car.,2023-04-12 12:00:30
4252,4253,5663,1028,510,3,Got there safely.,2022-08-18 14:04:01
4253,4254,5663,510,1028,2,Super friendly and helpful.,2022-08-18 13:20:01
4254,4255,5664,256,1028,4,Very clean car.,2022-10-25 14:12:34
4256,4257,5669,1028,1890,3,Acceptable ride.,2023-02-06 12:32:31
4257,4258,5671,510,1028,1,"Excellent service, will ride again.",2022-11-06 05:03:38
4258,4259,5672,1028,1170,5,Very clean car.,2024-01-23 03:36:58
4262,4263,5677,1028,52,5,Super friendly and helpful.,2023-08-13 18:56:50
4263,4264,5680,1343,1028,4,Super friendly and helpful.,2023-08-15 11:48:19
4264,4265,5681,162,1028,4,"Smooth ride, on time.",2023-06-15 02:14:30
4265,4266,5685,1028,2,4,Super friendly and helpful.,2023-09-05 19:13:48
4266,4267,5687,187,1028,3,"Smooth ride, on time.",2022-05-27 20:43:14
4267,4268,5688,1028,508,5,"5 stars, highly recommend!",2023-02-04 22:59:10
4268,4269,5688,508,1028,4,Very clean car.,2023-02-05 00:15:10
4270,4271,5691,996,1028,4,"Great driver, very professional!",2023-11-02 16:09:31
4273,4274,5694,736,1028,2,Very clean car.,2023-03-30 23:02:07
4275,4276,5696,1028,1526,3,Decent experience.,2023-08-17 23:09:59
4276,4277,5697,1028,502,4,Super friendly and helpful.,2023-11-06 15:35:40
4277,4278,5699,1028,891,4,"Smooth ride, on time.",2022-01-28 18:15:00
4279,4280,5701,1028,44,3,Got there safely.,2023-05-14 01:02:46
4284,4285,5711,1028,1869,5,"Quick and efficient, thanks!",2022-10-10 01:05:21
4285,4286,5711,1869,1028,2,"Smooth ride, on time.",2022-10-10 03:07:21
4287,4288,5714,1028,1790,4,Very comfortable ride.,2023-12-04 06:07:22
4288,4289,5715,1028,728,4,"Great rider, very polite.",2022-06-20 18:44:14
4290,4291,5718,1028,1623,4,"Smooth ride, on time.",2023-06-01 00:01:04
4291,4292,5718,1623,1028,2,Super friendly and helpful.,2023-06-01 01:12:04
4295,4296,5721,147,1028,3,Very clean car.,2022-04-25 22:10:59
4296,4297,5723,1028,1763,3,Fine driver.,2022-02-24 09:19:43
4297,4298,5724,1028,1889,4,"Great driver, very professional!",2024-03-17 01:38:09
4298,4299,5726,1028,585,5,Super friendly and helpful.,2022-05-15 06:05:01
4300,4301,5728,225,1028,3,Very clean car.,2022-07-21 07:51:46
4301,4302,5729,1028,2,4,"Quick and efficient, thanks!",2022-07-16 05:39:31
4304,4305,5733,986,1028,3,Very clean car.,2022-08-30 17:39:16
4306,4307,5739,1028,647,3,"OK trip, nothing special.",2023-03-15 22:38:17
4307,4308,5739,647,1028,4,Very clean car.,2023-03-15 21:47:17
4308,4309,5740,1028,1205,3,Nothing to complain about.,2023-09-01 16:55:55
4309,4310,5741,1028,14,5,Loved the music selection!,2022-03-21 10:56:21
4311,4312,5744,1028,1955,4,"5 stars, highly recommend!",2022-03-11 19:42:14
4312,4313,5744,1955,1028,3,"Smooth ride, on time.",2022-03-11 19:48:14
4313,4314,5745,710,1495,3,Got there safely.,2022-01-18 01:38:32
4314,4315,5745,1495,710,3,Very clean car.,2022-01-18 02:01:32
4316,4317,5746,1590,710,3,Super friendly and helpful.,2023-11-22 16:10:07
4317,4318,5747,710,919,3,Acceptable ride.,2023-07-16 19:46:45
4321,4322,5749,710,472,3,Decent experience.,2022-10-14 22:48:46
4324,4325,5752,710,1497,4,Loved the music selection!,2022-07-27 06:32:56
4326,4327,5754,710,1548,3,"OK trip, nothing special.",2022-03-20 08:30:23
4327,4328,5754,1548,710,2,Very clean car.,2022-03-20 10:10:23
4333,4334,5761,1035,274,5,Super friendly and helpful.,2024-03-23 03:08:44
4334,4335,5765,274,467,2,Took a longer route.,2024-05-22 10:13:05
4336,4337,5767,274,155,4,"Quick and efficient, thanks!",2022-04-27 00:57:08
4337,4338,5768,274,323,4,Very comfortable ride.,2022-12-16 23:04:09
4338,4339,5769,274,728,4,"5 stars, highly recommend!",2023-05-23 15:58:54
4339,4340,5771,274,1983,4,"Great rider, very polite.",2023-09-07 18:23:11
4344,4345,5781,1841,783,4,"Excellent service, will ride again.",2022-12-16 03:29:19
4346,4347,5785,1218,104,5,"Smooth ride, on time.",2022-03-20 18:02:55
4347,4348,5785,104,1218,3,Very clean car.,2022-03-20 18:29:55
4351,4352,5792,1218,1026,5,"5 stars, highly recommend!",2023-04-22 12:59:39
4353,4354,5793,1218,458,4,"Easy pickup, no problems.",2023-02-11 22:30:45
4354,4355,5794,1218,1853,4,"Quick and efficient, thanks!",2022-12-31 06:38:41
4356,4357,5796,1218,891,4,"Easy pickup, no problems.",2022-01-15 15:36:40
4358,4359,5799,1218,162,5,Very comfortable ride.,2023-07-12 17:29:18
4359,4360,5799,162,1218,3,Very clean car.,2023-07-12 18:31:18
4360,4361,5800,1035,1218,3,"Excellent service, will ride again.",2024-01-15 07:23:49
4362,4363,5802,1218,1654,1,Not very clean.,2023-11-15 18:43:42
4363,4364,5805,629,1606,2,Rough driving.,2022-12-27 11:39:49
4364,4365,5807,869,833,5,"Smooth ride, on time.",2023-07-09 13:08:16
4365,4366,5807,833,869,2,"Great driver, very professional!",2023-07-09 13:18:16
4367,4368,5810,869,1131,5,Fast and safe driver.,2024-05-09 10:20:34
4369,4370,5811,869,1371,4,Very courteous driver.,2022-07-05 03:32:26
4370,4371,5813,782,939,3,"Excellent service, will ride again.",2022-10-07 14:13:40
4372,4373,5816,1586,293,3,Trip was okay.,2024-01-10 11:00:32
4373,4374,5816,293,1586,3,Super friendly and helpful.,2024-01-10 12:40:32
4374,4375,5818,1586,448,4,"5 stars, highly recommend!",2023-11-17 07:34:18
4377,4378,5825,909,539,3,Fine driver.,2023-09-15 10:57:59
4380,4381,5830,909,1544,4,"Great driver, very professional!",2024-02-12 09:41:35
4381,4382,5831,909,643,4,Loved the music selection!,2022-11-22 16:41:23
4382,4383,5833,909,959,4,Very courteous driver.,2022-10-19 11:23:39
4383,4384,5834,909,542,5,Very comfortable ride.,2023-05-15 18:31:27
4385,4386,5836,778,127,3,Super friendly and helpful.,2022-09-28 14:14:42
4387,4388,5838,1427,127,2,"Excellent service, will ride again.",2022-10-26 13:52:21
4388,4389,5839,127,1413,4,Very clean car.,2023-07-29 14:56:43
4389,4390,5843,127,1606,2,Rough driving.,2024-01-05 21:00:17
4390,4391,5843,1606,127,3,"Excellent service, will ride again.",2024-01-05 22:17:17
4391,4392,5844,127,947,4,"Great rider, very polite.",2022-10-08 13:48:50
4392,4393,5844,947,127,3,"Great driver, very professional!",2022-10-08 14:26:50
4394,4395,5847,164,127,3,Very clean car.,2022-04-17 02:51:25
4395,4396,5848,127,1608,3,Trip was okay.,2023-12-14 05:05:35
4396,4397,5852,127,1605,5,"Perfect trip, no issues.",2023-10-30 21:45:46
4397,4398,5853,628,957,3,Nothing to complain about.,2022-06-15 08:57:46
4398,4399,5853,957,628,3,Super friendly and helpful.,2022-06-15 08:35:46
4400,4401,5854,1181,628,5,"Smooth ride, on time.",2023-08-05 07:42:56
4402,4403,5857,271,628,3,"Great driver, very professional!",2023-12-01 15:22:28
4406,4407,5865,628,131,3,"OK trip, nothing special.",2023-06-16 03:24:42
4407,4408,5865,131,628,4,Super friendly and helpful.,2023-06-16 03:44:42
4408,4409,5867,628,1984,4,"Great driver, very professional!",2022-05-09 15:57:01
4409,4410,5868,628,1995,3,Trip was okay.,2022-01-09 12:43:24
4410,4411,5869,628,136,3,Acceptable ride.,2022-04-14 13:11:55
4412,4413,5871,628,571,5,Super friendly and helpful.,2023-04-03 11:27:01
4413,4414,5871,571,628,3,"Excellent service, will ride again.",2023-04-03 12:13:01
4414,4415,5872,628,891,5,Fast and safe driver.,2024-04-20 16:38:26
4416,4417,5874,31,628,2,"Excellent service, will ride again.",2022-11-18 22:42:47
4418,4419,5875,1267,628,4,"Smooth ride, on time.",2023-01-19 21:15:42
4420,4421,5878,1470,288,3,Got there safely.,2022-11-18 01:41:21
4421,4422,5879,1470,1030,2,Took a longer route.,2023-12-28 18:47:59
4422,4423,5880,1470,1196,4,"Excellent service, will ride again.",2022-02-17 11:36:55
4425,4426,5883,1470,1206,5,"Easy pickup, no problems.",2023-05-07 08:30:34
4426,4427,5883,1206,1470,4,"Smooth ride, on time.",2023-05-07 07:47:34
4427,4428,5884,1470,1755,2,Not very clean.,2023-04-04 10:23:46
4428,4429,5886,1403,1470,4,"Excellent service, will ride again.",2023-04-03 07:21:00
4429,4430,5887,1653,1470,3,"Great driver, very professional!",2023-06-17 05:19:36
4431,4432,5889,866,1470,4,"Excellent service, will ride again.",2023-03-14 13:39:15
4433,4434,5891,1470,1482,3,"OK trip, nothing special.",2024-05-17 19:37:35
4434,4435,5891,1482,1470,4,"Great driver, very professional!",2024-05-17 21:37:35
4436,4437,5893,997,1760,2,"Great driver, very professional!",2023-01-09 19:52:48
4437,4438,5894,5,67,5,"Excellent service, will ride again.",2022-05-22 22:13:24
4439,4440,5896,1091,67,4,"Excellent service, will ride again.",2023-01-20 08:14:28
4440,4441,5897,67,1794,3,Decent experience.,2023-11-01 13:47:17
4441,4442,5897,1794,67,4,"Great driver, very professional!",2023-11-01 14:08:17
4442,4443,5898,67,1471,3,Got there safely.,2022-12-30 23:17:44
4443,4444,5900,67,1776,4,"Great rider, very polite.",2023-06-09 18:53:22
4445,4446,5901,115,67,3,"Excellent service, will ride again.",2022-09-08 18:20:30
4447,4448,5902,1135,67,2,"Excellent service, will ride again.",2022-05-20 18:15:47
4449,4450,5904,488,67,3,"Excellent service, will ride again.",2022-04-20 23:48:54
4451,4452,5907,67,1812,2,Rough driving.,2024-02-05 16:19:59
4452,4453,5908,1494,1063,3,Super friendly and helpful.,2023-03-03 11:48:04
4454,4455,5912,1063,1331,4,"5 stars, highly recommend!",2022-11-18 11:06:38
4455,4456,5912,1331,1063,4,"Smooth ride, on time.",2022-11-18 10:05:38
4456,4457,5913,1063,136,5,Car was spotless.,2023-08-29 21:50:42
4457,4458,5913,136,1063,3,"Excellent service, will ride again.",2023-08-29 21:18:42
4458,4459,5914,1063,974,4,Very courteous driver.,2024-03-15 01:56:54
4459,4460,5915,866,1063,2,"Great driver, very professional!",2022-05-27 19:06:11
4462,4463,5919,1343,1063,3,"Excellent service, will ride again.",2023-12-05 18:28:52
4463,4464,5920,1063,608,4,Very clean car.,2024-06-08 20:05:42
4464,4465,5922,1063,1853,5,"Smooth ride, on time.",2024-03-05 13:47:20
4465,4466,5923,1063,1713,4,"Great driver, very professional!",2023-08-27 08:55:44
4467,4468,5927,1063,1653,4,Very courteous driver.,2023-03-31 00:23:26
4472,4473,5932,1063,271,4,Very courteous driver.,2022-11-01 17:48:17
4473,4474,5933,1063,1865,5,"Quick and efficient, thanks!",2024-03-02 09:33:47
4474,4475,5933,1865,1063,4,"Great driver, very professional!",2024-03-02 12:11:47
4475,4476,5934,1063,1564,4,"Easy pickup, no problems.",2023-06-16 17:02:30
4476,4477,5936,1063,119,4,Loved the music selection!,2023-08-04 04:32:27
4477,4478,5937,1063,66,4,"Great rider, very polite.",2023-04-01 05:54:06
4478,4479,5938,759,1063,3,"Great driver, very professional!",2024-05-08 03:56:47
4480,4481,5940,800,1063,4,Super friendly and helpful.,2024-01-08 03:55:46
4482,4483,5941,898,1063,4,"Smooth ride, on time.",2023-06-04 12:55:54
4484,4485,5944,748,1063,3,Super friendly and helpful.,2023-02-18 08:41:06
4485,4486,5946,543,1063,3,"Great driver, very professional!",2022-05-10 17:35:51
4487,4488,5948,1063,932,4,Loved the music selection!,2022-02-28 09:09:47
4488,4489,5950,439,1063,3,Super friendly and helpful.,2024-06-21 05:40:56
4489,4490,5953,1063,1035,5,Very clean car.,2022-03-26 07:13:52
4490,4491,5954,1063,142,3,"OK trip, nothing special.",2022-08-14 09:07:57
4493,4494,5962,494,1063,2,"Great driver, very professional!",2023-05-13 03:30:47
4494,4495,5963,1063,117,3,Acceptable ride.,2023-09-05 09:11:46
4495,4496,5964,1063,97,4,Fast and safe driver.,2022-06-18 06:40:52
4497,4498,5965,448,1063,4,Very clean car.,2024-02-02 08:38:06
4498,4499,5967,1293,1063,4,"Smooth ride, on time.",2022-04-06 02:38:33
4502,4503,5972,1063,986,3,"OK trip, nothing special.",2023-05-08 18:24:36
4505,4506,5980,1063,1700,4,Very clean car.,2023-05-25 04:50:00
4506,4507,5981,1063,1099,4,"5 stars, highly recommend!",2022-04-23 11:10:36
4508,4509,5984,1658,1063,4,"Smooth ride, on time.",2023-11-29 23:34:52
4511,4512,5987,5,1063,2,"Excellent service, will ride again.",2024-03-12 18:04:52
4514,4515,5989,1063,323,3,"OK trip, nothing special.",2022-04-28 13:15:26
4515,4516,5990,1063,1841,4,Fast and safe driver.,2024-02-06 09:36:26
4517,4518,5992,986,641,3,"Smooth ride, on time.",2022-12-22 12:44:10
4518,4519,5995,868,641,3,"Excellent service, will ride again.",2022-06-12 00:20:04
4519,4520,5996,641,690,3,Average experience.,2022-10-11 18:55:40
4520,4521,5998,648,647,4,"Great rider, very polite.",2022-12-16 10:53:22
4522,4523,6000,648,647,4,Loved the music selection!,2022-11-08 13:22:25
4523,4524,6001,1744,1309,4,"Excellent service, will ride again.",2024-06-20 02:37:35
4528,4529,6004,446,559,4,"Great driver, very professional!",2023-03-13 17:57:16
4529,4530,6005,559,940,3,Nothing to complain about.,2023-08-13 08:04:44
4530,4531,6005,940,559,4,"Great driver, very professional!",2023-08-13 07:01:44
4532,4533,6010,559,1881,5,"Quick and efficient, thanks!",2022-11-03 01:58:06
4533,4534,6011,559,1794,3,Decent experience.,2023-11-04 00:47:34
4536,4537,6015,1139,559,5,"Smooth ride, on time.",2023-04-10 14:54:20
4538,4539,6019,224,559,4,Very clean car.,2023-12-05 01:37:02
4540,4541,6020,89,559,3,Very clean car.,2022-11-30 12:50:17
4544,4545,6024,1081,559,2,Super friendly and helpful.,2023-12-29 14:17:02
4545,4546,6025,559,1713,3,Nothing to complain about.,2023-11-24 20:01:59
4548,4549,6030,1975,559,3,Super friendly and helpful.,2022-08-15 21:20:00
4550,4551,6031,1309,559,3,Very clean car.,2023-11-28 11:45:58
4551,4552,6033,559,139,5,"5 stars, highly recommend!",2024-02-04 05:30:54
4552,4553,6034,559,705,3,Fine driver.,2023-02-25 03:29:06
4553,4554,6035,559,1001,4,"5 stars, highly recommend!",2022-03-28 15:03:22
4554,4555,6036,559,1310,4,"Smooth ride, on time.",2022-10-12 02:04:14
4555,4556,6036,1310,559,4,"Smooth ride, on time.",2022-10-12 02:27:14
4558,4559,6042,1135,559,3,Super friendly and helpful.,2024-06-29 17:25:49
4561,4562,6045,559,776,3,"OK trip, nothing special.",2024-06-23 02:53:23
4564,4565,6051,559,1495,4,"Easy pickup, no problems.",2022-05-19 19:24:24
4566,4567,6054,559,485,5,"Quick and efficient, thanks!",2023-04-28 18:06:40
4567,4568,6056,559,508,4,"Smooth ride, on time.",2022-12-07 00:01:52
4571,4572,6059,925,559,4,Super friendly and helpful.,2022-05-20 02:51:00
4573,4574,6062,559,1776,4,"Smooth ride, on time.",2024-01-03 13:42:55
4574,4575,6062,1776,559,2,"Excellent service, will ride again.",2024-01-03 12:11:55
4577,4578,6066,1526,559,4,"Great driver, very professional!",2024-02-12 20:28:56
4581,4582,6075,1135,559,5,"Excellent service, will ride again.",2022-08-13 02:54:10
4582,4583,6076,559,433,5,"Great rider, very polite.",2023-03-26 23:34:21
4583,4584,6077,559,1558,4,Fast and safe driver.,2022-10-19 16:00:47
4585,4586,6079,559,1653,5,"5 stars, highly recommend!",2022-02-09 01:53:35
4588,4589,6082,322,643,4,Loved the music selection!,2022-01-16 02:18:22
4589,4590,6083,436,322,4,Super friendly and helpful.,2022-06-21 14:42:42
4590,4591,6085,322,1196,4,"Excellent service, will ride again.",2022-05-11 11:22:02
4591,4592,6086,845,1141,4,"Great driver, very professional!",2023-11-06 18:07:19
4593,4594,6087,1229,15,4,Fast and safe driver.,2024-05-15 19:54:28
4594,4595,6088,81,1443,4,"Excellent service, will ride again.",2022-06-03 07:50:24
4595,4596,6091,1735,1477,3,"OK trip, nothing special.",2024-06-08 15:42:42
4596,4597,6094,1735,1181,5,"5 stars, highly recommend!",2023-03-17 11:54:02
4598,4599,6096,996,1387,5,Super friendly and helpful.,2023-09-06 17:36:55
4602,4603,6100,570,1387,3,Very clean car.,2023-04-23 00:39:24
4603,4604,6102,1387,608,5,"Easy pickup, no problems.",2023-12-27 02:42:14
4607,4608,6105,1355,1250,3,"Smooth ride, on time.",2023-10-24 08:43:10
4611,4612,6109,1286,874,3,"Excellent service, will ride again.",2024-04-03 12:36:29
4612,4613,6112,1365,765,2,Not very clean.,2023-05-12 05:13:13
4615,4616,6115,1263,1700,4,"Great rider, very polite.",2023-07-14 18:44:58
4616,4617,6115,1700,1263,2,"Smooth ride, on time.",2023-07-14 19:11:58
4618,4619,6118,1355,1263,3,"Great driver, very professional!",2023-01-16 23:01:06
4619,4620,6119,1263,117,3,Decent experience.,2024-04-05 03:57:48
4620,4621,6121,1263,571,5,"Great driver, very professional!",2024-04-20 08:59:34
4621,4622,6122,1263,1410,4,Fast and safe driver.,2023-04-04 13:55:57
4623,4624,6124,1263,726,3,Average experience.,2022-10-02 00:11:10
4626,4627,6128,1263,1111,5,Very courteous driver.,2023-10-28 04:03:54
4627,4628,6128,1111,1263,2,"Smooth ride, on time.",2023-10-28 02:44:54
4628,4629,6129,1263,1699,3,Decent experience.,2023-07-27 16:15:01
4629,4630,6129,1699,1263,3,Very clean car.,2023-07-27 17:21:01
4636,4637,6142,553,760,3,"Excellent service, will ride again.",2022-12-30 10:41:48
4638,4639,6147,1243,635,2,"Excellent service, will ride again.",2022-07-16 11:22:50
4639,4640,6148,635,256,5,"5 stars, highly recommend!",2023-12-16 03:18:34
4641,4642,6149,736,635,2,Super friendly and helpful.,2022-09-13 07:47:04
4643,4644,6151,15,137,3,Super friendly and helpful.,2022-07-11 18:09:50
4644,4645,6153,137,1981,3,Trip was okay.,2022-02-01 15:30:14
4645,4646,6153,1981,137,3,Very clean car.,2022-02-01 16:44:14
4646,4647,6154,137,1044,4,Very clean car.,2022-01-20 16:10:35
4647,4648,6154,1044,137,2,Super friendly and helpful.,2022-01-20 17:54:35
4649,4650,6157,1030,410,2,Super friendly and helpful.,2024-03-08 19:48:31
4653,4654,6161,1026,410,5,"Excellent service, will ride again.",2022-01-19 09:32:37
4655,4656,6166,410,1509,4,Very clean car.,2023-04-27 12:19:10
4656,4657,6166,1509,410,2,"Smooth ride, on time.",2023-04-27 11:02:10
4657,4658,6167,748,25,5,"Excellent service, will ride again.",2022-03-19 20:49:34
4658,4659,6169,25,472,3,Decent experience.,2024-06-24 14:36:06
4659,4660,6169,472,25,3,"Excellent service, will ride again.",2024-06-24 14:57:06
4661,4662,6171,1064,1569,3,Nothing to complain about.,2023-01-10 18:00:13
4665,4666,6174,1064,258,4,Very comfortable ride.,2022-01-11 23:39:33
4666,4667,6175,1064,477,5,Car was spotless.,2024-04-22 09:03:38
4668,4669,6181,1492,1064,3,"Smooth ride, on time.",2023-09-18 17:15:59
4669,4670,6186,1064,544,4,"5 stars, highly recommend!",2022-04-21 01:18:16
4671,4672,6190,1064,210,4,Fast and safe driver.,2023-01-23 21:14:58
4672,4673,6191,1064,1509,4,"Easy pickup, no problems.",2024-01-30 13:24:20
4673,4674,6193,1064,1764,4,"Great rider, very polite.",2022-02-01 17:03:27
4675,4676,6194,2,1064,4,"Great driver, very professional!",2022-02-25 15:04:33
4677,4678,6196,1064,593,2,Took too long.,2023-09-18 23:21:41
4679,4680,6201,1091,1064,4,Very clean car.,2023-08-21 10:36:15
4680,4681,6203,1064,508,5,Loved the music selection!,2022-09-12 05:53:02
4683,4684,6206,1064,1443,4,"Great driver, very professional!",2024-01-10 01:09:45
4685,4686,6207,1890,1064,3,"Smooth ride, on time.",2024-06-08 16:46:16
4687,4688,6209,439,1064,3,"Great driver, very professional!",2022-10-16 21:51:31
4690,4691,6213,1064,883,4,Very comfortable ride.,2023-03-30 14:17:24
4692,4693,6214,1064,1026,4,"Perfect trip, no issues.",2023-04-18 10:57:56
4693,4694,6214,1026,1064,4,Very clean car.,2023-04-18 10:18:56
4695,4696,6217,1064,1564,4,Fast and safe driver.,2023-08-16 21:15:52
4697,4698,6218,690,1064,3,"Great driver, very professional!",2022-08-07 00:18:53
4698,4699,6219,1064,52,5,"Perfect trip, no issues.",2022-05-07 14:28:50
4701,4702,6220,248,1064,3,"Great driver, very professional!",2023-04-29 11:20:45
4702,4703,6223,1064,1713,3,"OK trip, nothing special.",2022-09-28 13:27:17
4703,4704,6223,1713,1064,4,"Smooth ride, on time.",2022-09-28 13:14:17
4704,4705,6224,1064,645,5,Very courteous driver.,2024-02-26 10:30:10
4707,4708,6227,1255,1117,4,"Smooth ride, on time.",2023-11-29 21:50:02
4708,4709,6227,1117,1255,3,Super friendly and helpful.,2023-11-30 00:28:02
4710,4711,6232,1255,932,5,Loved the music selection!,2024-06-01 20:46:28
4711,4712,6235,434,1255,3,"Excellent service, will ride again.",2023-03-14 06:29:27
4712,4713,6236,1255,1286,4,Fast and safe driver.,2024-04-18 09:33:23
4713,4714,6238,1255,986,4,Very clean car.,2022-02-17 17:19:16
4714,4715,6239,1255,1709,3,"OK trip, nothing special.",2024-06-16 22:00:48
4715,4716,6240,1255,485,5,"Quick and efficient, thanks!",2024-03-21 22:45:18
4716,4717,6241,647,1255,2,"Great driver, very professional!",2023-01-18 09:43:55
4717,4718,6243,1255,1584,3,Trip was okay.,2023-05-26 14:15:03
4720,4721,6249,1255,1495,4,"Perfect trip, no issues.",2022-08-12 21:19:01
4722,4723,6253,1255,1814,3,Nothing to complain about.,2023-03-06 07:57:16
4723,4724,6254,1715,1170,4,"Excellent service, will ride again.",2023-12-11 11:51:11
4727,4728,6257,1776,1715,3,"Excellent service, will ride again.",2023-05-04 04:54:28
4729,4730,6259,697,1715,3,"Great driver, very professional!",2023-08-22 05:10:30
4734,4735,6265,1715,1794,4,"Quick and efficient, thanks!",2023-07-24 21:09:41
4737,4738,6269,1715,919,4,"Easy pickup, no problems.",2022-04-07 17:44:56
4738,4739,6270,1715,324,5,Loved the music selection!,2022-10-31 03:00:44
4739,4740,6270,324,1715,4,Super friendly and helpful.,2022-10-31 03:31:44
4740,4741,6273,1067,601,3,Decent experience.,2024-05-06 04:40:27
4741,4742,6276,1067,891,4,Car was spotless.,2024-06-09 11:15:14
4742,4743,6276,891,1067,3,Super friendly and helpful.,2024-06-09 12:28:14
4743,4744,6277,2,1067,4,"Excellent service, will ride again.",2022-06-09 12:10:50
4744,4745,6278,1117,1067,4,"Great driver, very professional!",2024-04-04 21:35:42
4746,4747,6281,1067,1187,3,Acceptable ride.,2022-10-08 19:02:42
4748,4749,6283,485,1067,3,Super friendly and helpful.,2022-05-24 19:19:17
4749,4750,6284,1764,1067,3,"Smooth ride, on time.",2023-12-06 01:24:46
4750,4751,6285,1067,759,4,"Quick and efficient, thanks!",2023-08-29 00:34:47
4752,4753,6287,1108,1067,4,Very clean car.,2022-03-06 09:39:33
4753,4754,6289,1067,842,3,Fine driver.,2024-06-05 01:21:07
4756,4757,6296,690,1067,4,"Excellent service, will ride again.",2024-05-10 15:57:39
4758,4759,6299,1067,741,3,Acceptable ride.,2023-08-12 01:11:20
4761,4762,6306,1941,1067,3,"Smooth ride, on time.",2023-07-04 14:53:57
4762,4763,6307,1067,1301,4,Car was spotless.,2023-11-23 12:43:14
4763,4764,6308,1067,1183,4,"Quick and efficient, thanks!",2023-02-07 03:41:50
4766,4767,6312,1684,1067,4,Very clean car.,2022-10-21 14:29:28
4769,4770,6314,1373,1067,2,"Excellent service, will ride again.",2023-07-23 14:50:02
4770,4771,6315,1590,1067,3,Very clean car.,2023-08-30 11:30:12
4771,4772,6316,1067,394,4,"Quick and efficient, thanks!",2023-04-01 01:03:00
4772,4773,6316,394,1067,3,Very clean car.,2023-04-01 00:18:00
4775,4776,6321,125,1067,2,Very clean car.,2022-04-20 10:41:43
4779,4780,6323,883,1067,4,"Excellent service, will ride again.",2022-04-11 09:24:44
4781,4782,6324,434,1067,2,"Great driver, very professional!",2022-08-08 17:16:16
4782,4783,6325,1067,1131,4,Loved the music selection!,2022-11-24 10:19:37
4783,4784,6326,1067,1430,5,"Easy pickup, no problems.",2023-08-10 21:17:14
4784,4785,6327,393,1067,4,"Great driver, very professional!",2023-03-13 10:45:36
4785,4786,6328,1067,146,3,Decent experience.,2022-08-19 14:28:52
4786,4787,6330,472,1067,4,"Smooth ride, on time.",2023-02-28 04:53:00
4787,4788,6331,1067,1509,3,Acceptable ride.,2024-04-15 19:44:07
4789,4790,6333,1067,883,4,Loved the music selection!,2024-06-12 20:09:13
4790,4791,6333,883,1067,3,"Excellent service, will ride again.",2024-06-12 21:42:13
4791,4792,6334,1894,1067,3,Very clean car.,2022-04-06 13:23:59
4795,4796,6342,1950,434,4,"Great driver, very professional!",2022-12-08 00:06:58
4796,4797,6343,1950,40,4,Very comfortable ride.,2023-09-21 12:38:06
4797,4798,6344,1950,121,4,"Great rider, very polite.",2022-04-28 05:30:37
4798,4799,6345,878,1950,3,Very clean car.,2024-03-06 18:53:30
4799,4800,6346,726,1950,3,Very clean car.,2022-01-13 17:38:02
4800,4801,6349,1100,1950,3,Very clean car.,2023-01-31 01:16:59
4802,4803,6352,452,1950,3,Very clean car.,2023-01-11 18:25:05
4803,4804,6353,318,1950,4,Super friendly and helpful.,2022-10-17 00:01:24
4806,4807,6358,1006,1965,3,Nothing to complain about.,2023-01-02 12:29:33
4808,4809,6361,1006,1207,3,Trip was okay.,2022-09-08 06:09:38
4809,4810,6363,1006,645,5,"Perfect trip, no issues.",2024-01-04 05:36:07
4810,4811,6364,1006,1139,3,"OK trip, nothing special.",2023-05-11 08:00:43
4811,4812,6365,1605,1006,4,"Smooth ride, on time.",2022-11-17 03:19:05
4813,4814,6367,1427,1006,4,Super friendly and helpful.,2023-02-09 11:04:19
4814,4815,6368,1006,957,3,Decent experience.,2024-05-16 14:36:20
4815,4816,6368,957,1006,4,"Great driver, very professional!",2024-05-16 14:15:20
4816,4817,6369,919,1006,3,"Excellent service, will ride again.",2022-01-10 02:05:18
4819,4820,6372,1293,1006,4,Very clean car.,2023-10-07 10:16:27
4820,4821,6374,1006,458,3,Trip was okay.,2022-10-26 02:34:47
4821,4822,6375,1006,1984,4,"Great driver, very professional!",2022-03-03 23:31:34
4825,4826,6381,1006,1841,2,Driver was late.,2023-10-17 20:33:10
4827,4828,6383,1141,1006,3,"Smooth ride, on time.",2022-12-19 13:05:17
4828,4829,6384,1099,1006,4,Very clean car.,2022-01-30 03:13:06
4829,4830,6386,1006,1397,3,Fine driver.,2022-08-05 12:29:16
4835,4836,6393,1006,24,4,"Great rider, very polite.",2024-02-12 09:49:38
4837,4838,6394,570,1006,3,Super friendly and helpful.,2024-03-19 22:46:23
4841,4842,6398,1790,1006,3,Super friendly and helpful.,2023-03-19 23:44:23
4842,4843,6402,1006,1965,2,Had trouble finding the pickup spot.,2023-10-19 03:13:40
4843,4844,6403,1006,1286,4,"Quick and efficient, thanks!",2023-06-04 06:19:33
4846,4847,6406,1006,612,3,Average experience.,2022-11-22 18:41:44
4847,4848,6406,612,1006,4,"Great driver, very professional!",2022-11-22 18:20:44
4848,4849,6408,1006,1413,5,Car was spotless.,2023-02-09 19:35:02
4849,4850,6408,1413,1006,4,"Smooth ride, on time.",2023-02-09 20:41:02
4850,4851,6409,1006,1812,4,"Quick and efficient, thanks!",2023-10-08 18:46:17
4851,4852,6409,1812,1006,3,"Great driver, very professional!",2023-10-08 19:59:17
4852,4853,6411,1006,543,5,"Smooth ride, on time.",2022-06-15 00:58:50
4853,4854,6411,543,1006,4,Very clean car.,2022-06-15 01:38:50
4857,4858,6417,1471,148,4,Super friendly and helpful.,2022-12-23 00:51:55
4862,4863,6423,1359,1386,4,Very clean car.,2023-03-02 14:30:05
4863,4864,6424,1869,1359,4,"Excellent service, will ride again.",2024-06-19 03:07:23
4864,4865,6426,1359,1355,4,Very clean car.,2022-02-08 16:52:29
4865,4866,6428,1359,389,3,Acceptable ride.,2022-12-28 06:29:12
4867,4868,6431,1359,508,4,"Great driver, very professional!",2022-10-16 15:53:36
4868,4869,6431,508,1359,4,"Great driver, very professional!",2022-10-16 17:54:36
4869,4870,6433,1608,1359,3,Super friendly and helpful.,2024-03-29 21:29:32
4870,4871,6435,1777,1889,2,Took a longer route.,2023-10-11 00:03:47
4871,4872,6435,1889,1777,4,"Great driver, very professional!",2023-10-11 00:59:47
4872,4873,6438,1183,1777,3,Super friendly and helpful.,2022-04-28 11:29:17
4874,4875,6443,1965,984,4,Super friendly and helpful.,2022-11-17 21:17:05
4875,4876,6444,984,1830,3,Got there safely.,2022-08-14 03:27:27
4877,4878,6447,1768,323,4,"Easy pickup, no problems.",2023-12-02 13:05:36
4879,4880,6451,469,208,4,"Excellent service, will ride again.",2022-01-15 06:55:45
4883,4884,6457,1076,376,4,"5 stars, highly recommend!",2023-09-12 06:37:49
4886,4887,6459,1755,1076,3,Very clean car.,2022-11-04 22:29:59
4887,4888,6460,1076,199,5,"5 stars, highly recommend!",2022-06-08 01:06:44
4888,4889,6460,199,1076,4,Very clean car.,2022-06-08 01:39:44
4889,4890,6461,1076,65,3,Acceptable ride.,2023-08-16 13:55:44
4890,4891,6461,65,1076,3,Super friendly and helpful.,2023-08-16 16:12:44
4891,4892,6462,1076,1640,3,Decent experience.,2022-10-25 19:48:25
4893,4894,6463,1724,1076,4,"Smooth ride, on time.",2022-01-22 10:18:20
4895,4896,6465,1076,1991,3,Average experience.,2024-06-11 16:28:24
4897,4898,6468,351,1076,4,"Smooth ride, on time.",2022-12-22 06:58:50
4900,4901,6470,1076,1302,4,Loved the music selection!,2023-03-17 19:44:02
4901,4902,6471,1076,564,5,Super friendly and helpful.,2024-02-05 06:17:55
4902,4903,6473,1076,194,2,Car smelled bad.,2023-05-10 15:59:44
4903,4904,6473,194,1076,2,Super friendly and helpful.,2023-05-10 15:11:44
4904,4905,6474,162,1076,3,Super friendly and helpful.,2024-01-23 07:54:36
4906,4907,6475,1403,1076,1,"Smooth ride, on time.",2023-09-06 04:08:30
4907,4908,6477,1076,539,4,Very clean car.,2022-08-12 11:03:00
4910,4911,6480,1494,1076,3,"Great driver, very professional!",2022-01-20 11:40:00
4911,4912,6481,1076,1509,5,Very courteous driver.,2022-03-03 09:49:12
4912,4913,6482,969,1076,2,"Great driver, very professional!",2022-02-22 00:49:11
4915,4916,6488,323,1076,3,Super friendly and helpful.,2022-09-11 05:43:08
4918,4919,6491,1105,1934,3,"Great driver, very professional!",2022-02-27 23:16:07
4920,4921,6492,1889,1934,4,"Great driver, very professional!",2023-05-03 10:40:12
4922,4923,6496,1111,169,4,Super friendly and helpful.,2024-03-15 01:12:37
4923,4924,6497,169,286,5,"Excellent service, will ride again.",2022-12-14 11:47:22
4926,4927,6503,169,544,5,"Quick and efficient, thanks!",2023-09-13 06:46:52
4928,4929,6505,169,472,4,"Perfect trip, no issues.",2022-12-23 11:01:45
4929,4930,6506,986,169,3,"Smooth ride, on time.",2022-05-16 10:06:18
4930,4931,6507,190,169,4,"Great driver, very professional!",2022-07-14 05:27:20
4931,4932,6509,169,1108,4,Car was spotless.,2024-06-15 03:06:36
4933,4934,6512,169,1781,3,Got there safely.,2024-01-09 11:52:39
4934,4935,6512,1781,169,4,"Smooth ride, on time.",2024-01-09 13:18:39
4937,4938,6517,169,553,3,Acceptable ride.,2023-06-10 16:05:46
4938,4939,6519,194,169,4,"Great driver, very professional!",2024-06-23 12:29:32
4940,4941,6521,553,169,3,Very clean car.,2022-05-02 19:28:44
4941,4942,6522,169,55,4,Very clean car.,2022-03-27 02:36:29
4942,4943,6523,169,498,4,Fast and safe driver.,2023-04-20 08:10:33
4943,4944,6523,498,169,3,Super friendly and helpful.,2023-04-20 07:41:33
4946,4947,6532,169,510,3,Trip was okay.,2023-03-31 00:21:44
4947,4948,6534,1785,1196,3,Trip was okay.,2023-03-29 22:15:06
4948,4949,6535,1260,235,4,Car was spotless.,2023-12-01 07:47:08
4949,4950,6536,1413,1260,4,"Excellent service, will ride again.",2022-08-12 20:58:51
4951,4952,6540,553,1193,3,Super friendly and helpful.,2023-09-12 00:36:43
4954,4955,6544,1674,1041,4,"Perfect trip, no issues.",2022-02-11 08:08:01
4958,4959,6549,146,1674,4,"Great driver, very professional!",2022-11-05 06:17:29
4959,4960,6551,1674,1187,2,Car smelled bad.,2022-06-11 22:27:21
4961,4962,6553,1674,1197,4,"Great driver, very professional!",2022-11-13 06:50:56
4964,4965,6558,502,1674,4,"Excellent service, will ride again.",2022-12-19 13:00:46
4966,4967,6559,1162,1674,3,"Smooth ride, on time.",2022-03-21 12:00:36
4967,4968,6562,216,436,4,"Great driver, very professional!",2023-04-18 22:06:28
4968,4969,6564,1872,1170,4,"Smooth ride, on time.",2023-03-01 19:56:13
4971,4972,6565,1162,1882,5,Very clean car.,2024-01-10 18:11:09
4972,4973,6566,1296,286,3,"OK trip, nothing special.",2023-04-08 16:52:08
4973,4974,6566,286,1296,4,Super friendly and helpful.,2023-04-08 19:21:08
4974,4975,6567,1296,1324,4,"Smooth ride, on time.",2022-06-18 07:42:11
4975,4976,6568,1296,570,3,Average experience.,2023-05-17 16:05:56
4977,4978,6569,1984,1296,4,Super friendly and helpful.,2022-11-22 00:20:37
4978,4979,6573,1296,433,3,Decent experience.,2022-01-18 05:08:49
4979,4980,6574,1296,323,4,"Excellent service, will ride again.",2024-04-04 01:08:38
4980,4981,6577,1296,1081,4,"Quick and efficient, thanks!",2023-08-16 07:57:38
4982,4983,6578,142,1296,4,"Smooth ride, on time.",2022-02-01 13:50:37
4985,4986,6581,1653,1296,1,Super friendly and helpful.,2023-10-16 22:25:03
4987,4988,6585,1296,120,3,Trip was okay.,2023-02-01 04:40:24
4989,4990,6589,1296,665,3,Decent experience.,2022-07-14 15:05:18
4990,4991,6591,1296,1755,3,Fine driver.,2023-10-01 08:02:58
4995,4996,6595,925,1296,3,"Smooth ride, on time.",2022-12-25 06:58:41
4996,4997,6596,1296,1427,4,Very courteous driver.,2023-01-18 07:11:30
4999,5000,6599,1296,570,4,Fast and safe driver.,2022-05-17 12:51:13
5001,5002,6600,1975,1296,3,"Excellent service, will ride again.",2022-09-20 08:39:03
5003,5004,6606,1296,136,3,Got there safely.,2024-05-25 05:55:43
5004,5005,6609,1296,1606,3,Fine driver.,2023-12-23 04:42:52
5005,5006,6609,1606,1296,3,"Smooth ride, on time.",2023-12-23 04:55:52
5006,5007,6611,1296,1956,4,Very comfortable ride.,2024-02-07 00:12:45
5007,5008,6614,1296,1243,4,"Quick and efficient, thanks!",2023-04-25 00:44:41
5013,5014,6620,1296,1108,4,Car was spotless.,2022-01-29 09:47:54
5014,5015,6622,1296,139,5,"5 stars, highly recommend!",2023-07-23 15:40:11
5016,5017,6625,1296,647,4,Super friendly and helpful.,2022-10-14 11:51:41
5019,5020,6632,1296,1131,4,Very courteous driver.,2023-09-20 23:45:03
5021,5022,6634,1296,256,4,"Quick and efficient, thanks!",2022-05-13 06:35:41
5022,5023,6640,1976,1371,5,Super friendly and helpful.,2022-08-28 18:00:07
5023,5024,6643,1976,1088,5,"Excellent service, will ride again.",2024-03-17 23:45:28
5024,5025,6643,1088,1976,4,Very clean car.,2024-03-18 00:38:28
5025,5026,6644,1976,1302,4,Very courteous driver.,2023-08-29 16:25:05
5028,5029,6648,1976,995,5,Fast and safe driver.,2024-06-22 06:23:47
5029,5030,6649,1828,1976,3,"Excellent service, will ride again.",2023-11-03 13:08:49
5033,5034,6657,1976,932,4,"Easy pickup, no problems.",2022-08-17 12:00:56
5034,5035,6657,932,1976,4,"Smooth ride, on time.",2022-08-17 12:07:56
5035,5036,6658,1976,1474,3,"OK trip, nothing special.",2022-07-01 15:10:12
5038,5039,6661,1141,1976,2,Super friendly and helpful.,2022-05-27 11:58:17
5039,5040,6662,1976,1336,4,Car was spotless.,2023-02-11 00:49:10
5043,5044,6666,1331,1976,3,"Smooth ride, on time.",2023-03-29 16:04:30
5045,5046,6670,1976,207,3,Nothing to complain about.,2022-01-19 18:48:01
5047,5048,6676,705,1976,3,Very clean car.,2024-05-08 03:05:47
5049,5050,6679,1976,338,4,Car was spotless.,2022-04-25 04:06:31
5053,5054,6682,1507,1976,4,"Excellent service, will ride again.",2022-05-12 12:13:59
5055,5056,6683,498,1976,3,"Excellent service, will ride again.",2022-02-25 23:48:50
5056,5057,6684,1976,40,2,Driver was rude.,2022-10-12 16:44:24
5057,5058,6685,1976,1243,5,Super friendly and helpful.,2023-11-16 06:02:42
5058,5059,6685,1243,1976,2,Very clean car.,2023-11-16 04:50:42
5059,5060,6686,1976,1755,4,Car was spotless.,2022-01-18 22:57:35
5060,5061,6687,1352,1976,3,"Smooth ride, on time.",2024-03-19 08:15:23
5062,5063,6688,136,1976,3,Super friendly and helpful.,2022-07-04 12:29:35
5063,5064,6689,630,1976,3,"Excellent service, will ride again.",2023-11-26 20:43:53
5064,5065,6691,1128,1976,3,"Great driver, very professional!",2022-05-14 11:10:23
5066,5067,6695,1400,1976,3,"Great driver, very professional!",2022-01-18 05:16:43
5068,5069,6697,1976,1288,4,"Quick and efficient, thanks!",2024-05-25 23:35:14
5070,5071,6702,1976,1286,4,"Smooth ride, on time.",2022-04-05 23:47:32
5071,5072,6702,1286,1976,3,Very clean car.,2022-04-06 01:37:32
5072,5073,6704,1976,341,4,"Quick and efficient, thanks!",2022-05-02 21:58:53
5073,5074,6707,1182,1243,4,"Perfect trip, no issues.",2023-04-04 01:55:58
5075,5076,6709,31,1182,2,"Smooth ride, on time.",2022-09-25 21:48:26
5076,5077,6710,1182,664,4,Loved the music selection!,2023-08-23 20:14:22
5077,5078,6710,664,1182,3,"Smooth ride, on time.",2023-08-23 20:17:22
5078,5079,6712,335,1182,3,"Excellent service, will ride again.",2023-10-24 20:14:06
5080,5081,6714,439,1182,3,Very clean car.,2023-08-07 05:35:11
5082,5083,6715,986,1182,5,Super friendly and helpful.,2022-10-20 08:23:47
5083,5084,6716,201,1182,4,"Great driver, very professional!",2024-04-01 08:38:59
5084,5085,6718,403,199,3,Fine driver.,2023-09-13 19:10:43
5085,5086,6718,199,403,3,"Smooth ride, on time.",2023-09-13 19:12:43
5086,5087,6720,1447,1141,4,Very courteous driver.,2022-07-15 14:48:16
5087,5088,6723,338,1447,5,"Excellent service, will ride again.",2024-05-20 22:28:10
5089,5090,6724,1724,1447,4,"Smooth ride, on time.",2023-12-23 00:25:52
5090,5091,6725,1035,1447,4,"Smooth ride, on time.",2024-06-26 13:35:44
5091,5092,6726,1447,1035,4,"Smooth ride, on time.",2022-03-18 01:53:27
5092,5093,6727,1447,1386,3,Average experience.,2023-01-04 14:00:07
5093,5094,6729,1447,1497,3,Nothing to complain about.,2023-07-21 19:06:00
5095,5096,6731,1447,119,5,"Excellent service, will ride again.",2024-04-07 12:41:23
5096,5097,6731,119,1447,3,Super friendly and helpful.,2024-04-07 13:08:23
5097,5098,6732,1447,1105,4,Car was spotless.,2023-07-20 11:24:11
5098,5099,6732,1105,1447,4,"Smooth ride, on time.",2023-07-20 11:05:11
5099,5100,6737,235,1936,4,Super friendly and helpful.,2023-02-25 19:26:49
5100,5101,6738,1936,452,3,Decent experience.,2022-12-23 10:04:18
5101,5102,6739,1936,1658,3,"OK trip, nothing special.",2023-03-11 15:01:32
5102,5103,6739,1658,1936,4,Super friendly and helpful.,2023-03-11 16:21:32
5103,5104,6740,1053,1936,3,"Great driver, very professional!",2022-04-03 01:39:22
5106,5107,6745,1936,834,5,"Great rider, very polite.",2023-05-23 11:24:37
5109,5110,6749,601,1936,3,Very clean car.,2022-10-26 09:09:36
5110,5111,6750,1936,1413,3,"OK trip, nothing special.",2023-12-31 10:10:23
5113,5114,6752,1011,1936,4,"Great driver, very professional!",2023-09-07 19:46:57
5115,5116,6753,834,1936,4,"Great driver, very professional!",2022-09-12 13:18:09
5117,5118,6755,1936,394,5,"Great driver, very professional!",2023-11-04 20:04:25
5119,5120,6756,553,1936,5,"Excellent service, will ride again.",2023-05-28 12:00:20
5120,5121,6758,1936,293,5,Car was spotless.,2022-07-04 10:53:57
5122,5123,6761,1936,1477,3,Decent experience.,2024-04-09 05:04:14
5123,5124,6762,1936,1987,4,"Excellent service, will ride again.",2024-02-18 14:22:59
5127,5128,6766,1936,1781,5,Fast and safe driver.,2023-04-17 20:04:36
5129,5130,6767,1087,1936,4,Super friendly and helpful.,2022-09-03 12:16:10
5131,5132,6771,564,1936,2,Super friendly and helpful.,2023-03-04 04:01:53
5132,5133,6772,1936,1984,4,Very comfortable ride.,2022-08-03 02:25:58
5133,5134,6773,1344,1248,3,Acceptable ride.,2024-04-02 04:19:43
5134,5135,6773,1248,1344,3,"Excellent service, will ride again.",2024-04-02 03:50:43
5135,5136,6774,624,929,4,"Great rider, very polite.",2024-04-13 05:03:43
5143,5144,6783,1494,83,2,"Smooth ride, on time.",2022-05-22 18:26:00
5145,5146,6787,83,1547,5,"Great driver, very professional!",2022-09-18 14:06:12
5147,5148,6789,608,998,3,Super friendly and helpful.,2022-03-17 18:43:22
5148,5149,6790,688,1040,4,"Great driver, very professional!",2024-01-14 13:42:11
5149,5150,6792,1531,1040,5,Very comfortable ride.,2024-01-08 20:27:02
5150,5151,6793,549,1038,3,"Smooth ride, on time.",2023-11-03 02:24:43
5151,5152,6794,1038,986,5,"5 stars, highly recommend!",2023-05-04 15:15:15
5152,5153,6796,1328,1038,4,"Smooth ride, on time.",2023-02-15 00:04:17
5154,5155,6797,1288,1038,3,"Great driver, very professional!",2022-06-08 04:38:10
5156,5157,6798,765,1038,4,"Great driver, very professional!",2023-05-10 17:50:05
5160,5161,6801,508,1038,3,"Great driver, very professional!",2023-05-05 00:47:32
5162,5163,6803,1038,647,4,"Quick and efficient, thanks!",2022-07-19 15:45:10
5164,5165,6806,1038,351,5,Loved the music selection!,2022-10-29 20:40:20
5165,5166,6806,351,1038,4,"Smooth ride, on time.",2022-10-29 21:28:20
5166,5167,6807,1038,1881,4,Car was spotless.,2023-01-02 15:58:52
5168,5169,6811,1061,24,5,"Perfect trip, no issues.",2023-01-13 01:46:27
5169,5170,6811,24,1061,4,Very clean car.,2023-01-13 01:43:27
5170,5171,6813,1243,1061,2,Super friendly and helpful.,2022-11-18 17:58:20
5171,5172,6814,910,52,4,"Great driver, very professional!",2023-02-04 13:12:45
5172,5173,6816,910,44,3,Acceptable ride.,2023-09-18 20:10:52
5173,5174,6816,44,910,5,Very clean car.,2023-09-18 21:47:52
5175,5176,6817,207,910,3,Very clean car.,2023-03-22 19:04:03
5180,5181,6824,1293,910,3,Super friendly and helpful.,2024-02-20 07:56:35
5185,5186,6831,910,593,5,Very courteous driver.,2023-04-06 11:47:57
5186,5187,6831,593,910,2,"Smooth ride, on time.",2023-04-06 13:28:57
5187,5188,6832,910,1237,4,Very comfortable ride.,2023-09-19 17:35:40
5189,5190,6834,669,766,3,Trip was okay.,2023-11-19 18:32:23
5190,5191,6836,500,1170,3,Acceptable ride.,2022-01-07 20:51:42
5193,5194,6840,946,608,4,Very comfortable ride.,2023-04-01 09:57:50
5195,5196,6844,1646,800,3,Average experience.,2023-03-25 14:21:08
5196,5197,6844,800,1646,3,Super friendly and helpful.,2023-03-25 14:18:08
5197,5198,6845,1646,1471,3,Average experience.,2023-02-08 16:25:37
5200,5201,6851,788,883,5,Very courteous driver.,2023-10-12 15:34:51
5201,5202,6852,1000,1410,3,Average experience.,2022-09-12 14:48:37
5202,5203,6852,1410,1000,3,"Smooth ride, on time.",2022-09-12 14:11:37
5203,5204,6853,341,1000,3,Very clean car.,2023-05-03 10:14:56
5204,5205,6855,1117,1000,4,"Excellent service, will ride again.",2023-12-10 19:27:07
5206,5207,6860,1000,1775,5,"Perfect trip, no issues.",2024-02-09 12:43:12
5207,5208,6861,1000,1968,4,Super friendly and helpful.,2023-07-21 01:14:43
5210,5211,6863,488,1000,3,"Great driver, very professional!",2022-05-28 00:14:00
5211,5212,6864,1775,1000,3,"Smooth ride, on time.",2022-08-30 05:59:25
5213,5214,6868,997,1000,3,Very clean car.,2024-02-19 14:45:11
5214,5215,6871,101,1286,5,Super friendly and helpful.,2022-05-12 18:09:35
5215,5216,6875,101,1324,3,Nothing to complain about.,2023-09-06 09:43:44
5216,5217,6875,1324,101,4,"Smooth ride, on time.",2023-09-06 11:20:44
5217,5218,6876,101,1134,3,Got there safely.,2023-11-12 10:27:52
5218,5219,6876,1134,101,2,"Great driver, very professional!",2023-11-12 09:25:52
5219,5220,6878,101,1649,3,Trip was okay.,2024-03-02 19:40:36
5221,5222,6879,101,1170,2,Driver was rude.,2022-01-09 03:45:00
5223,5224,6881,1841,101,2,Super friendly and helpful.,2022-04-27 23:03:17
5225,5226,6884,101,1181,5,Very courteous driver.,2023-04-03 09:11:39
5227,5228,6888,101,1764,3,"OK trip, nothing special.",2023-01-30 17:01:54
5228,5229,6889,101,1507,5,Very courteous driver.,2022-11-28 10:57:31
5229,5230,6890,101,1575,3,Average experience.,2023-12-26 11:00:30
5230,5231,6897,101,1438,2,Took too long.,2023-03-16 03:15:47
5235,5236,6902,101,1736,4,"Easy pickup, no problems.",2022-06-28 21:22:51
5236,5237,6902,1736,101,3,"Great driver, very professional!",2022-06-28 21:39:51
5237,5238,6905,101,1937,5,Car was spotless.,2023-07-23 12:36:14
5238,5239,6906,101,1331,5,"5 stars, highly recommend!",2024-05-31 12:49:34
5241,5242,6909,1170,101,3,Very clean car.,2024-02-21 08:49:34
5242,5243,6912,101,2,4,"Excellent service, will ride again.",2022-04-10 16:02:25
5243,5244,6913,256,101,3,"Smooth ride, on time.",2023-10-23 16:29:00
5244,5245,6916,101,393,4,"Perfect trip, no issues.",2024-01-18 05:59:51
5245,5246,6919,1390,104,4,"Perfect trip, no issues.",2023-01-05 19:41:12
5246,5247,6919,104,1390,3,Super friendly and helpful.,2023-01-05 20:45:12
5248,5249,6920,1812,1390,4,"Smooth ride, on time.",2023-03-19 01:36:35
5251,5252,6925,750,318,4,"Smooth ride, on time.",2024-01-14 10:56:57
5252,5253,6928,192,750,3,"Smooth ride, on time.",2024-01-07 12:58:03
5253,5254,6929,539,750,4,"Excellent service, will ride again.",2022-12-27 11:26:24
5254,5255,6930,750,1134,2,Rough driving.,2024-05-01 04:25:31
5255,5256,6931,750,697,5,"Perfect trip, no issues.",2022-02-06 05:46:37
5257,5258,6933,1001,750,3,Super friendly and helpful.,2022-05-02 11:02:30
5259,5260,6935,750,974,4,Loved the music selection!,2024-02-18 02:06:05
5260,5261,6937,750,1099,5,"Smooth ride, on time.",2023-04-09 13:45:24
5261,5262,6941,1896,139,4,"Great driver, very professional!",2023-02-07 16:06:11
5262,5263,6942,1896,97,4,Very comfortable ride.,2022-08-30 04:50:31
5264,5265,6943,1088,1896,4,"Smooth ride, on time.",2022-03-26 23:19:39
5266,5267,6944,1956,1896,2,"Great driver, very professional!",2022-05-12 22:39:40
5268,5269,6945,919,1896,4,Super friendly and helpful.,2023-10-26 17:43:33
5270,5271,6949,1341,162,4,"Excellent service, will ride again.",2023-04-10 16:14:14
5272,5273,6950,705,1341,3,"Smooth ride, on time.",2023-02-16 11:09:31
5273,5274,6951,664,1341,3,Very clean car.,2022-02-19 11:36:21
5274,5275,6952,1341,1569,3,Average experience.,2022-05-09 23:06:23
5275,5276,6952,1569,1341,4,"Excellent service, will ride again.",2022-05-09 22:47:23
5276,5277,6954,1733,327,5,"5 stars, highly recommend!",2022-05-29 13:21:51
5280,5281,6957,1041,1733,2,"Great driver, very professional!",2023-06-17 10:48:42
5282,5283,6959,1975,1733,3,Super friendly and helpful.,2022-01-24 05:30:20
5285,5286,6965,1733,1526,4,Super friendly and helpful.,2022-10-12 10:13:41
5286,5287,6967,1733,452,5,"Perfect trip, no issues.",2022-01-14 21:45:04
5290,5291,6970,277,335,4,"Great rider, very polite.",2024-04-21 03:54:36
5292,5293,6973,1700,574,4,"Smooth ride, on time.",2023-04-20 18:40:20
5293,5294,6975,574,393,3,Got there safely.,2023-11-30 02:25:26
5294,5295,6975,393,574,3,"Smooth ride, on time.",2023-11-30 01:34:26
5297,5298,6981,293,574,3,"Smooth ride, on time.",2023-02-18 09:09:38
5300,5301,6986,1213,1547,5,"Smooth ride, on time.",2022-11-18 16:39:49
5301,5302,6987,1213,1947,5,"Quick and efficient, thanks!",2024-06-07 20:44:10
5302,5303,6988,1213,318,3,Got there safely.,2022-10-23 11:30:07
5303,5304,6989,1213,1830,4,"Quick and efficient, thanks!",2024-04-28 12:48:05
5304,5305,6989,1830,1213,3,Very clean car.,2024-04-28 14:24:05
5307,5308,6993,1213,1544,4,"Excellent service, will ride again.",2023-08-20 02:34:39
5308,5309,6993,1544,1213,2,Very clean car.,2023-08-20 02:48:39
5309,5310,6994,1213,1427,4,Very courteous driver.,2023-10-18 04:34:43
5310,5311,6994,1427,1213,3,"Excellent service, will ride again.",2023-10-18 05:07:43
5314,5315,6999,1221,1213,3,Super friendly and helpful.,2022-11-15 19:23:37
5315,5316,7005,150,1023,5,Loved the music selection!,2023-10-10 14:34:03
5317,5318,7010,569,1135,3,"OK trip, nothing special.",2023-09-22 22:58:18
5318,5319,7011,569,146,4,Very courteous driver.,2023-02-19 07:34:02
5320,5321,7013,569,1941,3,Fine driver.,2024-02-24 08:15:33
5323,5324,7017,1060,1911,5,Very clean car.,2024-06-01 17:08:54
5324,5325,7018,1105,1039,3,"Excellent service, will ride again.",2022-03-11 18:48:24
5326,5327,7022,1071,319,3,Got there safely.,2023-12-21 15:23:21
5328,5329,7026,1828,1071,3,"Smooth ride, on time.",2024-06-25 11:22:47
5329,5330,7027,1071,142,3,"OK trip, nothing special.",2022-03-23 13:19:17
5330,5331,7028,1071,1983,3,"OK trip, nothing special.",2023-12-01 22:29:33
5331,5332,7028,1983,1071,2,"Smooth ride, on time.",2023-12-01 22:45:33
5333,5334,7029,920,1071,4,Super friendly and helpful.,2024-02-05 01:18:15
5334,5335,7030,1071,868,4,Very clean car.,2024-01-19 05:21:23
5336,5337,7033,1564,1071,4,Very clean car.,2024-06-23 15:12:17
5340,5341,7042,1243,1680,3,"Excellent service, will ride again.",2022-05-26 05:39:35
5342,5343,7043,434,634,2,"Smooth ride, on time.",2024-04-08 15:26:24
5343,5344,7044,634,1356,4,"Great driver, very professional!",2022-10-15 18:36:58
5344,5345,7045,634,1605,4,Very clean car.,2023-09-17 10:38:52
5345,5346,7045,1605,634,4,Very clean car.,2023-09-17 11:43:52
5346,5347,7047,166,258,5,"Quick and efficient, thanks!",2023-10-04 21:46:41
5347,5348,7050,319,678,4,"Excellent service, will ride again.",2022-03-25 11:58:36
5349,5350,7051,1812,678,4,Super friendly and helpful.,2022-04-06 02:32:15
5351,5352,7053,612,460,3,"Excellent service, will ride again.",2024-03-10 19:07:14
5353,5354,7057,705,1712,3,Very clean car.,2024-05-11 02:27:18
5354,5355,7058,1712,825,4,Car was spotless.,2023-05-03 07:23:36
5355,5356,7059,1712,194,3,Got there safely.,2022-08-09 11:34:16
5356,5357,7060,1712,224,4,Fast and safe driver.,2022-02-19 02:38:32
5357,5358,7060,224,1712,2,"Smooth ride, on time.",2022-02-19 02:30:32
5359,5360,7063,566,539,3,Nothing to complain about.,2023-09-19 10:20:28
5360,5361,7064,566,1623,4,Very courteous driver.,2024-06-28 19:22:43
5361,5362,7064,1623,566,2,"Smooth ride, on time.",2024-06-28 19:13:43
5362,5363,7066,250,1053,4,"Great driver, very professional!",2023-06-17 03:14:33
5363,5364,7066,1053,250,4,Very clean car.,2023-06-17 05:10:33
5366,5367,7072,1526,250,4,Super friendly and helpful.,2022-10-26 14:57:54
5367,5368,7074,250,645,5,Fast and safe driver.,2023-06-24 01:59:19
5368,5369,7074,645,250,2,"Smooth ride, on time.",2023-06-24 02:41:19
5373,5374,7083,250,1790,4,Fast and safe driver.,2023-09-30 06:06:52
5374,5375,7084,250,932,4,Fast and safe driver.,2023-03-12 05:35:18
5377,5378,7088,1684,250,4,"Great driver, very professional!",2022-10-27 03:23:53
5378,5379,7090,250,959,3,Decent experience.,2024-05-09 10:19:53
5379,5380,7094,250,1606,4,Super friendly and helpful.,2023-06-03 16:01:02
5381,5382,7096,288,250,3,Super friendly and helpful.,2024-03-25 01:28:30
5382,5383,7098,250,1948,5,Very clean car.,2024-01-01 10:39:35
5383,5384,7100,250,1403,3,Fine driver.,2023-12-30 16:35:30
5384,5385,7100,1403,250,3,"Excellent service, will ride again.",2023-12-30 16:10:30
5385,5386,7101,250,728,4,"Smooth ride, on time.",2022-07-15 12:31:59
5386,5387,7101,728,250,4,"Great driver, very professional!",2022-07-15 11:49:59
5387,5388,7103,250,1532,2,Driver was late.,2023-10-18 00:26:11
5389,5390,7105,250,919,4,Very courteous driver.,2022-11-08 08:17:36
5390,5391,7107,1400,250,2,"Great driver, very professional!",2023-04-27 12:50:15
5394,5395,7115,250,1575,5,"5 stars, highly recommend!",2023-11-19 07:00:43
5395,5396,7116,250,1839,4,"Easy pickup, no problems.",2023-12-29 16:37:20
5396,5397,7117,250,1196,5,"Smooth ride, on time.",2023-07-15 16:16:39
5397,5398,7117,1196,250,3,"Excellent service, will ride again.",2023-07-15 16:27:39
5399,5400,7123,1765,250,3,Very clean car.,2022-10-23 17:29:38
5400,5401,7125,250,439,3,"OK trip, nothing special.",2023-06-08 15:41:22
5401,5402,7125,439,250,3,Very clean car.,2023-06-08 17:17:22
5402,5403,7129,250,1999,4,"Great rider, very polite.",2023-03-02 21:21:59
5403,5404,7130,146,250,4,"Excellent service, will ride again.",2024-03-17 18:38:37
5405,5406,7131,258,250,2,"Excellent service, will ride again.",2023-04-11 17:53:16
5406,5407,7133,250,5,3,"OK trip, nothing special.",2022-01-02 07:47:34
5408,5409,7134,1310,250,3,"Great driver, very professional!",2024-04-28 18:13:26
5409,5410,7135,250,1649,3,Got there safely.,2022-12-11 13:37:51
5415,5416,7141,1410,250,2,Very clean car.,2023-06-19 21:57:26
5417,5418,7145,250,1623,4,"5 stars, highly recommend!",2022-10-11 23:20:11
5419,5420,7147,146,250,4,Super friendly and helpful.,2022-04-13 21:55:46
5420,5421,7148,1350,250,4,"Great driver, very professional!",2024-04-10 15:34:18
5421,5422,7149,250,1310,3,"OK trip, nothing special.",2023-01-04 12:40:09
5424,5425,7155,250,117,3,"OK trip, nothing special.",2024-04-17 06:08:35
5427,5428,7161,250,1654,3,Got there safely.,2022-03-06 09:02:41
5428,5429,7161,1654,250,4,"Smooth ride, on time.",2022-03-06 11:11:41
5429,5430,7162,250,1104,5,"Excellent service, will ride again.",2023-05-14 05:11:41
5430,5431,7163,250,235,4,"Excellent service, will ride again.",2024-02-20 07:04:18
5434,5435,7169,1203,1555,3,Decent experience.,2022-06-10 00:03:39
5436,5437,7171,1203,1301,4,"5 stars, highly recommend!",2022-08-22 19:39:20
5437,5438,7171,1301,1203,3,Super friendly and helpful.,2022-08-22 21:42:20
5438,5439,7172,1355,1203,4,"Great driver, very professional!",2023-06-13 16:56:09
5440,5441,7179,1170,1203,3,"Great driver, very professional!",2023-02-27 21:22:15
5441,5442,7180,1203,394,4,Very clean car.,2024-02-02 07:38:09
5443,5444,7181,1700,1203,3,Very clean car.,2023-06-15 10:15:16
5445,5446,7183,296,1956,3,"OK trip, nothing special.",2022-09-28 04:53:09
5446,5447,7184,1338,1495,4,"Great driver, very professional!",2023-03-29 03:44:20
5447,5448,7184,1495,1338,3,"Excellent service, will ride again.",2023-03-29 04:11:20
5451,5452,7189,328,1338,3,Very clean car.,2022-01-06 02:33:37
5452,5453,7190,1338,89,4,"5 stars, highly recommend!",2024-01-04 19:06:48
5454,5455,7192,1338,1336,3,Nothing to complain about.,2022-01-04 02:47:50
5455,5456,7192,1336,1338,4,"Great driver, very professional!",2022-01-04 05:13:50
5456,5457,7194,818,1338,2,Super friendly and helpful.,2023-02-14 03:45:10
5457,5458,7195,1338,338,4,"Great rider, very polite.",2024-05-20 03:43:04
5458,5459,7195,338,1338,4,"Smooth ride, on time.",2024-05-20 03:22:04
5460,5461,7199,1011,1338,4,Super friendly and helpful.,2023-11-21 23:30:49
5461,5462,7200,1437,1338,4,"Smooth ride, on time.",2023-09-11 20:57:29
5462,5463,7203,1338,52,4,"Great rider, very polite.",2023-06-29 20:44:28
5464,5465,7206,5,1338,3,"Excellent service, will ride again.",2023-04-01 17:00:54
5465,5466,7207,1338,1309,3,Got there safely.,2022-11-16 03:14:13
5467,5468,7209,1338,1995,5,Loved the music selection!,2023-03-10 00:35:22
5468,5469,7209,1995,1338,3,"Smooth ride, on time.",2023-03-10 00:26:22
5470,5471,7213,1187,1338,2,"Excellent service, will ride again.",2024-05-12 13:57:50
5471,5472,7214,1338,777,5,Fast and safe driver.,2024-01-03 22:24:50
5472,5473,7214,777,1338,4,"Excellent service, will ride again.",2024-01-03 21:11:50
5473,5474,7215,1338,190,3,Acceptable ride.,2022-06-14 12:47:41
5474,5475,7217,1338,1828,5,"Quick and efficient, thanks!",2023-02-10 02:41:06
5475,5476,7220,1494,1338,3,"Smooth ride, on time.",2022-09-24 02:34:50
5477,5478,7223,1608,1338,3,Super friendly and helpful.,2023-05-10 14:38:07
5479,5480,7227,1338,202,5,"Excellent service, will ride again.",2024-04-22 19:32:19
5480,5481,7227,202,1338,3,"Excellent service, will ride again.",2024-04-22 20:07:19
5481,5482,7229,1338,1210,5,Fast and safe driver.,2023-02-01 10:48:40
5482,5483,7230,1338,389,4,Loved the music selection!,2022-09-04 14:18:12
5484,5485,7232,1338,549,4,Very clean car.,2022-05-25 04:45:22
5486,5487,7233,1035,1338,3,"Smooth ride, on time.",2022-03-20 04:51:15
5488,5489,7236,1338,1331,4,"Perfect trip, no issues.",2024-06-03 10:30:48
5489,5490,7236,1331,1338,3,Super friendly and helpful.,2024-06-03 11:34:48
5490,5491,7240,1338,323,4,Very courteous driver.,2023-05-04 06:51:32
5494,5495,7243,1338,833,4,"Great rider, very polite.",2022-09-29 19:25:05
5495,5496,7244,1338,1386,5,Very clean car.,2023-03-21 10:40:58
5502,5503,7260,1338,119,4,Very comfortable ride.,2024-03-07 07:02:41
5504,5505,7268,318,1338,3,"Excellent service, will ride again.",2024-06-24 10:58:39
5505,5506,7269,1338,1352,3,Acceptable ride.,2022-08-10 10:52:12
5507,5508,7270,1338,187,5,"Great driver, very professional!",2023-11-01 06:26:55
5509,5510,7275,1338,448,5,"5 stars, highly recommend!",2023-08-26 23:11:52
5510,5511,7284,1338,1569,4,Fast and safe driver.,2024-04-20 18:37:58
5511,5512,7285,1338,630,3,Acceptable ride.,2024-02-21 02:40:42
5512,5513,7287,1001,1338,4,"Smooth ride, on time.",2022-04-27 13:56:43
5514,5515,7292,114,510,3,Trip was okay.,2024-03-26 20:29:52
5515,5516,7294,323,153,4,Super friendly and helpful.,2023-09-01 14:14:41
5516,5517,7296,153,1371,4,Very comfortable ride.,2022-12-20 09:32:38
5517,5518,7301,1311,153,4,"Excellent service, will ride again.",2023-05-26 06:19:46
5518,5519,7303,153,553,5,"Quick and efficient, thanks!",2023-09-27 07:57:44
5521,5522,7306,543,1418,4,"Great driver, very professional!",2023-01-13 10:02:39
5522,5523,7307,1869,3,3,Super friendly and helpful.,2022-04-14 23:56:37
5527,5528,7322,3,131,5,Super friendly and helpful.,2023-03-12 11:29:08
5531,5532,7329,3,1684,2,Had trouble finding the pickup spot.,2023-09-01 10:10:40
5532,5533,7330,3,1293,4,Car was spotless.,2024-01-24 11:27:36
5533,5534,7331,3,477,3,Got there safely.,2023-10-27 17:53:33
5534,5535,7331,477,3,2,"Great driver, very professional!",2023-10-27 16:32:33
5536,5537,7337,3,1562,4,"Great rider, very polite.",2023-07-24 06:44:49
5537,5538,7337,1562,3,3,"Great driver, very professional!",2023-07-24 06:37:49
5538,5539,7340,3,1053,3,Nothing to complain about.,2023-03-09 11:44:01
5540,5541,7344,982,132,4,Very clean car.,2022-01-15 22:27:42
5542,5543,7346,974,982,4,Very clean car.,2024-03-02 08:04:35
5544,5545,7348,982,1288,4,"Smooth ride, on time.",2023-07-01 17:12:30
5545,5546,7350,1795,982,4,Super friendly and helpful.,2024-05-06 04:07:29
5549,5550,7358,24,1878,3,Very clean car.,2023-04-18 05:14:33
5550,5551,7359,1878,508,4,"Quick and efficient, thanks!",2022-12-04 19:42:20
5552,5553,7362,1022,1699,4,Very courteous driver.,2022-08-11 18:26:15
5553,5554,7362,1699,1022,3,Super friendly and helpful.,2022-08-11 18:30:15
5555,5556,7366,1129,601,3,Got there safely.,2024-04-25 09:22:01
5557,5558,7371,863,996,3,Nothing to complain about.,2024-06-14 21:47:03
5563,5564,7379,863,1267,2,Car smelled bad.,2022-01-24 12:34:55
5565,5566,7381,919,863,4,Very clean car.,2024-03-06 09:08:26
5566,5567,7384,863,1948,5,Super friendly and helpful.,2024-06-09 12:58:18
5567,5568,7385,1237,863,3,Very clean car.,2022-04-08 11:26:29
5571,5572,7393,446,863,3,Super friendly and helpful.,2024-03-30 11:07:25
5572,5573,7395,1584,863,3,Very clean car.,2023-10-02 04:20:42
5574,5575,7396,146,863,4,"Smooth ride, on time.",2022-11-05 12:13:13
5576,5577,7400,647,863,4,Very clean car.,2022-01-07 16:29:12
5577,5578,7401,825,863,3,Super friendly and helpful.,2022-07-06 13:35:00
5578,5579,7403,863,1128,3,Nothing to complain about.,2024-04-16 02:45:24
5580,5581,7405,1544,863,4,"Excellent service, will ride again.",2023-08-14 09:31:12
5582,5583,7407,863,1752,5,Very courteous driver.,2022-05-14 04:53:39
5586,5587,7414,7,96,4,"Great driver, very professional!",2023-12-27 01:13:50
5587,5588,7415,1479,96,3,Very clean car.,2022-05-03 22:23:23
5588,5589,7416,515,96,5,Very clean car.,2022-09-28 21:54:55
5590,5591,7418,96,229,3,Average experience.,2023-07-01 17:57:03
5591,5592,7419,1544,96,3,"Great driver, very professional!",2023-06-04 07:19:34
5593,5594,7423,1271,1794,4,Fast and safe driver.,2024-02-12 11:29:21
5594,5595,7424,1271,1651,4,"5 stars, highly recommend!",2023-07-31 09:34:17
5597,5598,7428,1474,1271,4,Super friendly and helpful.,2022-05-27 19:42:59
5600,5601,7433,327,673,3,Super friendly and helpful.,2024-02-04 12:17:50
5602,5603,7435,1108,673,4,"Great driver, very professional!",2023-01-06 10:40:12
5605,5606,7439,1795,673,3,"Great driver, very professional!",2024-01-14 15:49:17
5607,5608,7441,673,1135,3,Nothing to complain about.,2023-06-05 06:31:58
5608,5609,7442,1532,673,4,"Excellent service, will ride again.",2024-02-25 11:51:03
5609,5610,7443,673,1472,4,Fast and safe driver.,2023-07-26 22:04:56
5612,5613,7448,673,822,3,Trip was okay.,2022-03-21 01:10:29
5613,5614,7449,673,446,4,Super friendly and helpful.,2022-06-13 20:10:06
5615,5616,7452,673,1755,2,Took too long.,2022-02-17 21:15:16
5617,5618,7455,1457,1794,4,"Easy pickup, no problems.",2023-07-20 02:13:15
5618,5619,7456,1457,1091,4,Super friendly and helpful.,2022-01-23 02:30:42
5620,5621,7461,1998,1023,3,Acceptable ride.,2023-08-11 03:40:22
5621,5622,7463,1998,969,4,"Excellent service, will ride again.",2024-04-05 10:31:37
5622,5623,7464,1998,969,3,Fine driver.,2023-03-16 12:45:52
5627,5628,7470,1998,89,3,Nothing to complain about.,2022-09-27 07:57:56
5629,5630,7472,1998,1328,5,"5 stars, highly recommend!",2022-10-28 01:31:45
5630,5631,7473,1998,1984,5,Fast and safe driver.,2023-10-07 08:10:55
5631,5632,7475,1998,14,3,Trip was okay.,2023-11-08 07:35:53
5633,5634,7476,1198,1998,2,Super friendly and helpful.,2024-01-19 11:39:53
5636,5637,7479,1889,1998,3,"Great driver, very professional!",2023-07-02 19:29:13
5641,5642,7483,1998,940,4,"Perfect trip, no issues.",2023-01-30 14:08:16
5643,5644,7486,1998,1826,4,"Great driver, very professional!",2022-05-05 15:25:24
5647,5648,7491,1998,351,4,Car was spotless.,2022-05-09 19:30:56
5648,5649,7491,351,1998,2,"Excellent service, will ride again.",2022-05-09 19:35:56
5650,5651,7492,1765,1998,3,"Smooth ride, on time.",2023-09-27 02:05:41
5651,5652,7493,1998,1001,5,Very courteous driver.,2022-09-19 16:34:53
5652,5653,7494,1474,1998,3,Super friendly and helpful.,2023-01-17 16:54:53
5653,5654,7495,1998,693,4,Loved the music selection!,2023-10-29 22:55:33
5654,5655,7496,1998,1355,4,Very courteous driver.,2022-04-19 16:19:22
5655,5656,7496,1355,1998,4,Super friendly and helpful.,2022-04-19 15:42:22
5657,5658,7498,1998,1081,4,"Perfect trip, no issues.",2022-02-12 13:46:43
5658,5659,7499,1998,341,4,Very clean car.,2023-08-25 05:16:15
5659,5660,7501,1998,119,3,Decent experience.,2023-01-07 21:02:15
5663,5664,7504,1998,1841,3,Got there safely.,2023-10-05 22:22:38
5664,5665,7505,1998,351,3,Acceptable ride.,2022-04-16 03:26:57
5665,5666,7506,1998,1088,3,Acceptable ride.,2023-03-05 07:33:12
5666,5667,7507,1998,2,3,Decent experience.,2024-04-21 16:08:08
5667,5668,7508,1998,1776,3,Fine driver.,2024-02-05 18:40:53
5668,5669,7509,1998,1134,3,Got there safely.,2023-07-09 04:37:26
5670,5671,7510,225,1998,3,Very clean car.,2023-07-25 10:20:06
5671,5672,7511,941,1998,3,Very clean car.,2022-02-06 19:17:37
5672,5673,7512,324,1280,3,"Great driver, very professional!",2023-11-03 04:10:48
5673,5674,7515,1739,1537,4,Very clean car.,2023-03-08 21:03:23
5674,5675,7517,1537,1081,5,"Great rider, very polite.",2024-01-10 11:51:28
5675,5676,7517,1081,1537,4,"Great driver, very professional!",2024-01-10 11:53:28
5676,5677,7521,1537,201,5,Very clean car.,2023-07-04 23:41:47
5678,5679,7522,1537,1181,4,"Quick and efficient, thanks!",2022-01-02 03:54:08
5679,5680,7523,1537,1654,3,Average experience.,2024-05-30 04:07:52
5683,5684,7526,1105,1537,4,"Smooth ride, on time.",2023-11-04 21:38:56
5684,5685,7527,1537,469,3,Acceptable ride.,2022-03-26 15:14:24
5685,5686,7527,469,1537,5,"Great driver, very professional!",2022-03-26 15:53:24
5686,5687,7529,1742,1764,4,"5 stars, highly recommend!",2022-04-05 18:13:31
5687,5688,7530,1742,1569,3,Fine driver.,2022-12-31 06:54:17
5688,5689,7531,552,1380,4,Car was spotless.,2023-02-28 00:52:12
5689,5690,7531,1380,552,4,"Excellent service, will ride again.",2023-02-28 01:27:12
5690,5691,7532,552,553,4,Very comfortable ride.,2022-02-14 12:14:17
5693,5694,7535,932,552,3,"Great driver, very professional!",2024-04-30 00:02:34
5695,5696,7542,552,55,4,Very courteous driver.,2022-08-09 21:38:51
5696,5697,7543,552,1968,4,Very courteous driver.,2023-10-28 20:38:53
5697,5698,7543,1968,552,4,"Smooth ride, on time.",2023-10-28 22:04:53
5698,5699,7544,552,450,3,"OK trip, nothing special.",2022-03-17 15:42:51
5699,5700,7544,450,552,3,"Great driver, very professional!",2022-03-17 15:50:51
5700,5701,7545,1400,552,3,"Excellent service, will ride again.",2022-07-06 17:39:24
5701,5702,7546,552,1410,3,Average experience.,2022-12-19 04:58:32
5703,5704,7549,552,977,2,Had trouble finding the pickup spot.,2024-02-15 07:39:46
5704,5705,7549,977,552,3,"Great driver, very professional!",2024-02-15 09:19:46
5705,5706,7551,552,190,3,Trip was okay.,2023-07-29 14:02:51
5706,5707,7551,190,552,3,"Great driver, very professional!",2023-07-29 15:56:51
5709,5710,7555,66,552,3,Super friendly and helpful.,2023-05-29 19:32:22
5711,5712,7556,1955,552,3,Super friendly and helpful.,2024-06-12 19:38:41
5713,5714,7557,1331,552,3,"Great driver, very professional!",2022-10-03 13:22:54
5715,5716,7560,552,179,4,Fast and safe driver.,2023-11-24 03:22:02
5716,5717,7560,179,552,3,"Smooth ride, on time.",2023-11-24 03:33:02
5718,5719,7563,549,552,3,Very clean car.,2023-05-19 10:31:22
5719,5720,7566,552,461,3,Average experience.,2023-04-01 22:11:20
5720,5721,7568,552,825,3,Average experience.,2023-09-29 12:31:51
5721,5722,7569,1410,552,3,"Excellent service, will ride again.",2023-09-02 23:39:08
5722,5723,7571,552,1693,3,Average experience.,2023-08-01 23:16:38
5723,5724,7571,1693,552,2,Very clean car.,2023-08-01 23:31:38
5724,5725,7574,552,498,3,Fine driver.,2022-05-19 00:46:16
5725,5726,7574,498,552,3,"Excellent service, will ride again.",2022-05-19 00:04:16
5727,5728,7577,1558,552,3,Very clean car.,2022-07-22 08:14:53
5729,5730,7578,162,552,5,"Smooth ride, on time.",2023-05-13 14:32:00
5730,5731,7581,552,450,5,Very comfortable ride.,2023-08-18 12:26:05
5732,5733,7583,1310,552,2,"Smooth ride, on time.",2023-07-17 15:08:33
5734,5735,7584,1413,552,4,Super friendly and helpful.,2022-12-22 08:48:08
5738,5739,7587,552,1590,4,"Quick and efficient, thanks!",2022-02-15 17:32:28
5739,5740,7589,932,552,3,Super friendly and helpful.,2023-01-31 22:05:44
5740,5741,7590,552,643,5,Super friendly and helpful.,2023-08-07 22:10:47
5742,5743,7591,1826,311,2,Super friendly and helpful.,2022-04-27 08:57:21
5743,5744,7592,1912,1494,5,Fast and safe driver.,2022-01-06 10:01:48
5744,5745,7593,1912,224,4,"Perfect trip, no issues.",2022-12-24 16:01:20
5745,5746,7594,1912,1135,3,Trip was okay.,2022-10-27 00:43:56
5746,5747,7594,1135,1912,4,"Smooth ride, on time.",2022-10-27 01:54:56
5747,5748,7596,1912,1044,3,Acceptable ride.,2022-07-28 13:41:41
5749,5750,7597,553,1912,3,"Excellent service, will ride again.",2024-06-06 13:11:04
5750,5751,7599,1912,1134,3,Got there safely.,2024-05-17 04:08:43
5751,5752,7599,1134,1912,3,"Excellent service, will ride again.",2024-05-17 05:27:43
5753,5754,7601,179,1912,3,"Excellent service, will ride again.",2022-02-19 20:35:58
5754,5755,7602,1912,147,3,"OK trip, nothing special.",2023-06-26 14:31:04
5755,5756,7602,147,1912,2,Super friendly and helpful.,2023-06-26 16:02:04
5756,5757,7603,1912,1814,3,Fine driver.,2022-10-20 14:00:25
5757,5758,7603,1814,1912,2,"Smooth ride, on time.",2022-10-20 13:15:25
5761,5762,7610,1912,1736,3,Average experience.,2022-05-23 00:51:47
5766,5767,7620,1915,1937,5,Very comfortable ride.,2024-02-02 21:24:14
5767,5768,7621,1915,1461,5,Very clean car.,2024-06-21 11:21:19
5768,5769,7621,1461,1915,3,Very clean car.,2024-06-21 12:31:19
5772,5773,7627,1915,929,3,Trip was okay.,2022-02-02 09:19:37
5775,5776,7635,1659,1248,4,Super friendly and helpful.,2023-10-10 00:31:43
5776,5777,7636,1659,549,4,"Easy pickup, no problems.",2023-02-07 18:04:01
5777,5778,7636,549,1659,4,Super friendly and helpful.,2023-02-07 20:01:01
5778,5779,7637,1659,1975,5,Very clean car.,2023-09-12 06:14:53
5779,5780,7639,404,256,5,"Great driver, very professional!",2023-08-21 21:49:58
5781,5782,7640,1544,404,4,"Great driver, very professional!",2023-03-28 01:52:16
5782,5783,7641,1575,404,4,Very clean car.,2023-02-21 06:35:24
5784,5785,7644,404,1380,4,"Excellent service, will ride again.",2023-08-12 07:35:40
5785,5786,7645,557,293,4,"Quick and efficient, thanks!",2022-05-20 04:32:09
5787,5788,7649,1639,1350,3,Nothing to complain about.,2023-06-25 00:52:31
5789,5790,7650,199,1639,3,"Great driver, very professional!",2024-05-03 01:30:44
5790,5791,7652,1639,52,5,"Quick and efficient, thanks!",2023-01-04 02:24:30
5793,5794,7654,1427,1639,2,Very clean car.,2022-07-06 09:08:55
5795,5796,7656,1639,1825,5,"Excellent service, will ride again.",2023-04-09 16:42:16
5796,5797,7656,1825,1639,4,"Excellent service, will ride again.",2023-04-09 16:47:16
5797,5798,7657,1639,940,5,Loved the music selection!,2023-08-19 15:10:51
5800,5801,7660,1484,947,4,"Smooth ride, on time.",2022-09-20 19:52:51
5801,5802,7662,121,1484,2,Super friendly and helpful.,2023-01-23 14:15:42
5802,5803,7663,331,1484,3,Super friendly and helpful.,2022-01-09 19:33:15
5803,5804,7664,118,228,4,"Great driver, very professional!",2022-05-13 11:31:37
5807,5808,7668,1327,1135,3,Average experience.,2022-07-02 19:42:18
5808,5809,7668,1135,1327,4,Super friendly and helpful.,2022-07-02 21:01:18
5809,5810,7672,1327,544,2,Driver was late.,2024-02-04 02:51:28
5811,5812,7673,1128,1327,3,"Excellent service, will ride again.",2022-10-08 15:51:23
5813,5814,7676,1327,1881,4,"Great rider, very polite.",2022-08-12 13:54:07
5816,5817,7681,1826,1327,4,"Great driver, very professional!",2022-09-20 20:07:28
5818,5819,7684,1327,1889,2,Driver was late.,2024-04-18 10:17:37
5819,5820,7684,1889,1327,5,Super friendly and helpful.,2024-04-18 09:52:37
5820,5821,7686,1650,434,3,Trip was okay.,2022-01-17 07:48:48
5821,5822,7686,434,1650,4,"Great driver, very professional!",2022-01-17 08:22:48
5822,5823,7687,201,1070,3,"Excellent service, will ride again.",2022-06-05 17:45:59
5823,5824,7688,1227,418,3,"Excellent service, will ride again.",2024-02-27 21:07:38
5824,5825,7689,959,418,4,"Great driver, very professional!",2023-05-02 15:06:11
5825,5826,7691,418,506,4,Very clean car.,2022-02-28 02:42:51
5835,5836,7705,589,1243,5,Very comfortable ride.,2022-08-27 07:24:19
5837,5838,7710,1237,701,3,"Great driver, very professional!",2024-03-27 04:32:17
5838,5839,7711,1739,701,3,"Excellent service, will ride again.",2024-02-09 09:15:00
5839,5840,7712,701,1968,5,Super friendly and helpful.,2023-02-15 21:33:24
5841,5842,7715,701,1765,4,Very comfortable ride.,2023-06-20 07:14:10
5843,5844,7716,1281,701,4,Super friendly and helpful.,2023-07-18 12:43:52
5844,5845,7717,701,1087,3,Acceptable ride.,2023-11-03 11:29:28
5845,5846,7717,1087,701,4,Very clean car.,2023-11-03 13:04:28
5846,5847,7719,701,1727,4,"Great driver, very professional!",2022-05-24 09:52:52
5847,5848,7719,1727,701,3,Super friendly and helpful.,2022-05-24 11:38:52
5848,5849,7721,323,701,3,Super friendly and helpful.,2023-08-14 03:03:50
5849,5850,7723,701,31,5,"Great driver, very professional!",2023-10-31 05:24:21
5851,5852,7725,701,202,4,"Easy pickup, no problems.",2022-02-08 16:44:51
5852,5853,7727,701,89,3,"OK trip, nothing special.",2023-05-20 10:40:22
5854,5855,7728,701,40,3,Acceptable ride.,2023-01-18 23:38:20
5855,5856,7731,701,1237,4,"5 stars, highly recommend!",2022-08-22 03:36:56
5856,5857,7733,997,701,4,"Smooth ride, on time.",2023-05-18 11:57:16
5857,5858,7734,701,1765,3,Acceptable ride.,2023-12-22 00:14:21
5858,5859,7736,701,199,4,Very clean car.,2022-01-21 06:34:24
5859,5860,7737,701,1108,5,Super friendly and helpful.,2022-02-07 14:02:49
5869,5870,7748,131,701,3,Super friendly and helpful.,2023-12-03 09:23:18
5872,5873,7752,701,1763,2,Had trouble finding the pickup spot.,2022-09-23 08:15:03
5873,5874,7752,1763,701,3,"Great driver, very professional!",2022-09-23 09:07:03
5874,5875,7753,24,701,5,Very clean car.,2023-04-06 09:00:54
5876,5877,7754,825,701,3,Very clean car.,2022-05-27 09:19:31
5878,5879,7755,1198,701,4,"Smooth ride, on time.",2024-04-28 10:18:01
5879,5880,7756,701,494,5,"Smooth ride, on time.",2022-03-26 07:48:54
5882,5883,7758,1288,701,3,"Smooth ride, on time.",2022-08-29 04:37:43
5884,5885,7760,701,31,5,"5 stars, highly recommend!",2024-06-04 22:09:07
5885,5886,7760,31,701,4,"Smooth ride, on time.",2024-06-04 22:23:07
5887,5888,7763,1479,701,2,"Smooth ride, on time.",2023-12-20 16:17:55
5889,5890,7765,1141,701,2,"Excellent service, will ride again.",2024-04-15 01:00:42
5890,5891,7766,1221,701,4,Very clean car.,2024-02-26 18:31:02
5891,5892,7767,701,1828,5,Car was spotless.,2022-02-08 20:08:17
5893,5894,7770,701,1890,3,"OK trip, nothing special.",2023-10-04 11:37:59
5894,5895,7773,701,957,4,Loved the music selection!,2022-01-07 02:31:43
5895,5896,7773,957,701,3,"Smooth ride, on time.",2022-01-07 04:51:43
5896,5897,7775,701,697,4,"Quick and efficient, thanks!",2023-08-17 08:25:02
5897,5898,7777,1044,701,3,Very clean car.,2023-10-29 10:11:50
5898,5899,7779,823,995,4,Fast and safe driver.,2022-11-21 02:27:51
5900,5901,7781,823,132,5,Very clean car.,2024-06-28 08:16:36
5901,5902,7782,823,328,4,Loved the music selection!,2023-12-02 19:05:22
5902,5903,7782,328,823,4,"Excellent service, will ride again.",2023-12-02 19:39:22
5904,5905,7785,823,131,5,"Great rider, very polite.",2022-09-20 22:28:28
5906,5907,7787,1243,823,2,"Smooth ride, on time.",2022-01-17 14:44:19
5907,5908,7788,823,825,4,Fast and safe driver.,2022-01-20 23:40:25
5909,5910,7789,1134,823,4,Super friendly and helpful.,2023-08-18 08:42:56
5911,5912,7790,1403,823,3,"Smooth ride, on time.",2023-05-16 11:32:45
5912,5913,7792,823,1227,5,"Smooth ride, on time.",2022-11-02 13:34:18
5913,5914,7793,823,515,3,Decent experience.,2022-07-21 16:40:56
5914,5915,7793,515,823,2,"Excellent service, will ride again.",2022-07-21 18:18:56
5915,5916,7794,823,1001,4,Very clean car.,2023-10-14 22:41:59
5916,5917,7795,1649,823,3,Very clean car.,2022-08-03 08:03:16
5917,5918,7796,823,1400,5,Very courteous driver.,2022-05-19 14:47:48
5918,5919,7798,823,1755,2,Had trouble finding the pickup spot.,2022-07-12 02:08:15
5919,5920,7801,823,919,5,"Great rider, very polite.",2023-03-12 09:37:50
5920,5921,7802,823,412,3,Got there safely.,2022-09-12 00:33:19
5922,5923,7807,823,1654,3,Decent experience.,2023-05-09 21:14:41
5924,5925,7809,1991,823,4,"Great driver, very professional!",2022-10-17 11:08:32
5927,5928,7814,1477,823,3,"Great driver, very professional!",2023-11-30 17:24:52
5928,5929,7815,823,1207,4,Fast and safe driver.,2024-02-24 19:11:28
5929,5930,7816,823,1494,3,Acceptable ride.,2023-05-12 00:20:21
5931,5932,7823,136,823,4,"Excellent service, will ride again.",2023-03-08 00:17:30
5933,5934,7825,1739,823,4,Very clean car.,2022-06-16 08:48:11
5935,5936,7827,1105,823,4,"Great driver, very professional!",2023-12-18 08:03:12
5941,5942,7834,823,433,4,"Excellent service, will ride again.",2024-02-13 17:44:20
5942,5943,7836,823,1606,4,Car was spotless.,2022-11-02 20:31:25
5943,5944,7838,823,1403,3,Average experience.,2022-02-04 00:00:10
5944,5945,7839,823,1947,4,"5 stars, highly recommend!",2022-01-02 13:47:34
5945,5946,7840,823,1495,3,Nothing to complain about.,2022-04-04 15:16:03
5949,5950,7844,65,823,4,"Excellent service, will ride again.",2024-06-20 19:27:47
5951,5952,7845,1437,722,3,"Smooth ride, on time.",2024-03-17 12:03:48
5954,5955,7848,596,436,4,"Smooth ride, on time.",2023-05-10 20:41:12
5955,5956,7849,596,1087,3,Fine driver.,2022-11-02 02:14:54
5956,5957,7849,1087,596,3,"Smooth ride, on time.",2022-11-02 02:30:54
5957,5958,7851,596,1606,3,Average experience.,2024-04-05 12:15:18
5958,5959,7853,1298,779,4,"Quick and efficient, thanks!",2023-08-26 02:05:18
5959,5960,7853,779,1298,5,Super friendly and helpful.,2023-08-26 04:00:18
5960,5961,7855,1298,452,3,Fine driver.,2023-06-17 15:40:45
5963,5964,7860,1298,1741,3,Got there safely.,2023-12-13 03:34:35
5967,5968,7864,1328,1298,3,"Smooth ride, on time.",2022-11-10 06:55:13
5970,5971,7869,778,1298,4,"Excellent service, will ride again.",2022-02-21 02:40:08
5971,5972,7872,1237,1298,4,"Great driver, very professional!",2023-01-14 20:52:23
5972,5973,7873,1298,506,4,Very comfortable ride.,2024-05-12 15:00:16
5974,5975,7875,1298,1981,5,Car was spotless.,2023-12-27 12:36:15
5975,5976,7875,1981,1298,3,"Excellent service, will ride again.",2023-12-27 12:38:15
5976,5977,7877,1298,789,3,Nothing to complain about.,2022-09-16 15:56:14
5977,5978,7878,1298,1091,5,Car was spotless.,2022-03-06 17:45:06
5978,5979,7879,759,1298,3,Super friendly and helpful.,2023-06-27 21:11:15
5980,5981,7884,1298,331,5,"Perfect trip, no issues.",2024-01-06 05:51:01
5981,5982,7885,1298,1324,2,Had trouble finding the pickup spot.,2022-06-16 20:21:00
5982,5983,7886,1649,1298,4,Very clean car.,2023-12-19 03:10:18
5983,5984,7887,1298,553,4,"Smooth ride, on time.",2023-01-01 22:10:21
5985,5986,7890,1298,1472,3,Average experience.,2022-05-30 06:58:36
5986,5987,7890,1472,1298,4,Super friendly and helpful.,2022-05-30 08:01:36
5987,5988,7892,1298,1302,4,Loved the music selection!,2023-05-06 20:23:17
5988,5989,7893,1298,1532,3,Average experience.,2024-01-03 09:21:49
5989,5990,7894,1298,800,5,"Quick and efficient, thanks!",2023-10-24 20:05:41
5990,5991,7897,1298,1099,5,"Excellent service, will ride again.",2023-11-25 22:50:02
5991,5992,7897,1099,1298,3,"Excellent service, will ride again.",2023-11-25 23:00:02
5992,5993,7900,1298,1450,3,Acceptable ride.,2022-07-16 16:10:00
5993,5994,7901,1298,1400,5,Car was spotless.,2023-04-27 18:29:19
5994,5995,7901,1400,1298,2,"Excellent service, will ride again.",2023-04-27 19:04:19
5997,5998,7906,1131,1298,2,"Great driver, very professional!",2023-04-17 06:25:06
5999,6000,7907,1995,1305,3,Very clean car.,2022-08-17 12:06:20
6001,6002,7908,1575,1305,3,"Great driver, very professional!",2024-03-12 01:44:58
6002,6003,7909,1305,1479,4,Very clean car.,2022-12-17 05:05:15
6003,6004,7911,1305,225,3,Nothing to complain about.,2022-09-16 06:33:10
6004,6005,7912,10,136,3,Got there safely.,2023-10-07 15:21:26
6005,6006,7912,136,10,3,"Great driver, very professional!",2023-10-07 16:48:26
6007,6008,7916,1947,180,4,Super friendly and helpful.,2022-12-03 02:55:54
6009,6010,7920,180,1111,4,Car was spotless.,2022-01-02 12:01:37
6010,6011,7921,180,1562,5,"5 stars, highly recommend!",2022-08-12 21:38:03
6012,6013,7923,331,180,4,Super friendly and helpful.,2023-10-01 15:24:13
6015,6016,7926,180,2,5,Very comfortable ride.,2023-10-20 07:13:07
6016,6017,7929,690,180,3,Very clean car.,2022-12-22 17:12:27
6020,6021,7934,289,974,5,Very courteous driver.,2023-03-16 11:41:17
6021,6022,7936,1548,289,4,"Excellent service, will ride again.",2022-03-17 07:33:17
6023,6024,7940,1933,289,5,"Smooth ride, on time.",2023-02-12 07:59:40
6026,6027,7947,289,508,5,"Easy pickup, no problems.",2023-01-29 11:42:16
6027,6028,7948,289,1700,4,"Great driver, very professional!",2022-12-14 19:29:59
6032,6033,7963,1035,289,5,"Great driver, very professional!",2022-01-06 16:51:30
6033,6034,7964,389,289,3,"Smooth ride, on time.",2023-10-22 07:34:44
6034,6035,7965,289,1684,4,"Easy pickup, no problems.",2022-07-07 02:26:59
6035,6036,7966,289,293,4,"5 stars, highly recommend!",2023-07-31 06:55:26
6036,6037,7967,289,1790,4,"Smooth ride, on time.",2023-09-28 18:52:54
6038,6039,7969,1741,289,3,Super friendly and helpful.,2022-08-24 21:48:43
6039,6040,7971,289,190,4,"5 stars, highly recommend!",2024-02-09 11:27:41
6044,6045,7976,289,1162,5,Loved the music selection!,2022-12-06 06:31:10
6047,6048,7978,1727,289,3,"Great driver, very professional!",2022-08-04 18:55:30
6049,6050,7983,289,199,4,"Easy pickup, no problems.",2023-03-06 14:29:43
6053,6054,7986,66,289,4,Super friendly and helpful.,2022-07-23 18:58:52
6054,6055,7988,289,1575,4,"Excellent service, will ride again.",2022-10-21 11:40:07
6056,6057,7991,1131,289,3,"Smooth ride, on time.",2023-12-25 19:02:27
6057,6058,7992,289,1099,4,Very courteous driver.,2023-09-11 11:48:15
6058,6059,7993,289,977,3,Nothing to complain about.,2023-12-26 15:52:30
6061,6062,7996,289,818,2,Driver was rude.,2023-07-09 23:24:01
6062,6063,7996,818,289,3,"Great driver, very professional!",2023-07-10 00:58:01
6063,6064,8001,289,121,5,"Great driver, very professional!",2024-01-19 04:36:36
6064,6065,8005,62,289,3,Super friendly and helpful.,2022-10-23 14:50:21
6066,6067,8009,289,1741,4,Loved the music selection!,2024-03-08 09:19:40
6067,6068,8010,289,393,5,Very clean car.,2023-11-19 15:05:20
6068,6069,8011,55,289,4,Super friendly and helpful.,2023-08-19 15:37:31
6069,6070,8012,289,1371,4,"Perfect trip, no issues.",2023-07-21 16:51:49
6072,6073,8020,289,1288,4,Very courteous driver.,2022-03-05 10:34:35
6073,6074,8020,1288,289,3,Very clean car.,2022-03-05 11:06:35
6074,6075,8021,289,1794,5,"Easy pickup, no problems.",2022-12-23 21:54:00
6075,6076,8021,1794,289,4,"Excellent service, will ride again.",2022-12-23 22:41:00
6077,6078,8024,331,289,3,"Excellent service, will ride again.",2024-03-29 00:37:11
6080,6081,8027,1336,289,3,"Excellent service, will ride again.",2023-04-04 20:55:53
6081,6082,8028,289,759,4,Very courteous driver.,2024-01-24 22:45:32
6082,6083,8030,289,1060,2,Driver was late.,2022-08-03 20:46:42
6083,6084,8030,1060,289,2,"Great driver, very professional!",2022-08-03 21:25:42
6085,6086,8032,230,289,3,Super friendly and helpful.,2022-03-07 01:30:56
6086,6087,8033,1461,289,4,Super friendly and helpful.,2022-11-07 10:12:03
6089,6090,8035,1477,289,3,Very clean car.,2024-05-03 23:26:44
6090,6091,8036,1178,508,3,Trip was okay.,2022-03-30 06:29:00
6091,6092,8036,508,1178,4,Super friendly and helpful.,2022-03-30 05:53:00
6092,6093,8039,1060,887,2,"Smooth ride, on time.",2023-09-25 00:35:25
6095,6096,8041,866,887,2,"Great driver, very professional!",2023-08-16 19:24:53
6096,6097,8042,1865,887,2,"Smooth ride, on time.",2024-02-23 20:38:21
6097,6098,8043,887,1775,3,Fine driver.,2023-06-02 08:46:46
6099,6100,8045,1356,504,4,"Excellent service, will ride again.",2022-08-24 05:12:22
6101,6102,8049,110,194,3,Nothing to complain about.,2022-02-21 19:58:43
6102,6103,8049,194,110,3,"Excellent service, will ride again.",2022-02-21 21:01:43
6103,6104,8051,15,110,4,"Excellent service, will ride again.",2022-03-28 06:10:32
6104,6105,8053,1001,110,5,Super friendly and helpful.,2023-11-29 05:44:18
6105,6106,8054,110,104,3,Fine driver.,2024-06-01 11:37:49
6106,6107,8054,104,110,3,"Smooth ride, on time.",2024-06-01 12:16:49
6107,6108,8055,110,502,3,Decent experience.,2023-08-14 05:30:34
6108,6109,8058,412,110,3,Super friendly and helpful.,2022-02-24 00:55:47
6109,6110,8059,110,1790,4,"Smooth ride, on time.",2022-04-24 02:11:21
6116,6117,8070,564,110,2,"Great driver, very professional!",2023-10-31 00:55:28
6117,6118,8071,1243,110,3,Super friendly and helpful.,2022-07-08 06:40:13
6118,6119,8073,110,1355,5,Loved the music selection!,2022-09-27 09:00:35
6123,6124,8081,110,1790,5,"Great driver, very professional!",2022-12-24 21:49:35
6124,6125,8081,1790,110,3,Very clean car.,2022-12-24 22:47:35
6129,6130,8090,110,412,2,Took too long.,2022-03-29 16:23:41
6131,6132,8092,7,110,3,"Smooth ride, on time.",2024-02-21 03:45:38
6132,6133,8093,110,1281,4,"Perfect trip, no issues.",2022-07-30 01:14:48
6133,6134,8094,110,705,4,Loved the music selection!,2024-01-10 19:30:46
6137,6138,8097,110,1044,5,Very clean car.,2022-02-04 09:36:30
6138,6139,8097,1044,110,4,"Smooth ride, on time.",2022-02-04 11:38:30
6140,6141,8103,110,1309,3,Decent experience.,2023-12-11 12:16:51
6141,6142,8104,110,15,3,"OK trip, nothing special.",2023-10-29 07:46:49
6142,6143,8104,15,110,3,"Excellent service, will ride again.",2023-10-29 07:59:49
6145,6146,8110,608,110,2,Super friendly and helpful.,2024-06-18 09:14:00
6146,6147,8115,199,110,4,Super friendly and helpful.,2023-05-12 16:24:10
6147,6148,8116,110,1739,4,"Easy pickup, no problems.",2023-05-31 13:10:47
6148,6149,8120,110,328,3,Fine driver.,2023-11-17 10:02:13
6149,6150,8121,110,742,4,Loved the music selection!,2023-12-16 03:06:48
6150,6151,8122,110,549,4,Very clean car.,2022-11-15 08:56:24
6151,6152,8123,110,1386,4,Very courteous driver.,2022-05-25 13:08:24
6152,6153,8124,1494,110,3,"Excellent service, will ride again.",2023-10-11 17:48:18
6154,6155,8125,759,110,4,"Excellent service, will ride again.",2023-12-01 07:16:17
6155,6156,8128,110,741,1,Took too long.,2024-01-06 12:04:38
6156,6157,8128,741,110,4,"Smooth ride, on time.",2024-01-06 11:30:38
6157,6158,8132,1787,1040,4,Car was spotless.,2022-10-14 22:40:32
6159,6160,8134,20,1386,5,Very comfortable ride.,2023-03-03 00:39:25
6162,6163,8143,20,1427,4,"Great driver, very professional!",2022-10-14 23:58:27
6163,6164,8145,194,1689,4,Super friendly and helpful.,2024-01-26 01:14:11
6165,6166,8150,1984,1612,3,"Excellent service, will ride again.",2024-05-11 17:02:19
6167,6168,8152,1612,866,2,Driver was late.,2023-11-02 18:17:41
6168,6169,8152,866,1612,4,"Excellent service, will ride again.",2023-11-02 19:36:41
6170,6171,8154,1739,1612,3,"Great driver, very professional!",2022-10-30 12:39:03
6171,6172,8156,1612,1727,5,Car was spotless.,2022-01-30 05:06:46
6172,6173,8156,1727,1612,4,"Smooth ride, on time.",2022-01-30 04:40:46
6173,6174,8160,1612,1099,4,"Quick and efficient, thanks!",2022-11-13 09:23:36
6175,6176,8164,1612,412,3,Acceptable ride.,2023-06-01 20:14:26
6176,6177,8167,132,1612,3,Super friendly and helpful.,2022-10-14 06:46:27
6179,6180,8169,1371,1612,3,"Excellent service, will ride again.",2022-11-24 00:57:13
6181,6182,8172,458,1612,5,"Smooth ride, on time.",2024-02-03 00:37:00
6184,6185,8174,132,1612,4,"Excellent service, will ride again.",2024-02-23 06:11:09
6186,6187,8176,458,1612,2,Super friendly and helpful.,2022-04-22 07:20:47
6187,6188,8180,585,1612,4,Super friendly and helpful.,2022-07-14 12:11:39
6188,6189,8183,1868,450,3,Acceptable ride.,2022-04-07 04:41:23
6190,6191,8186,1965,1868,3,"Excellent service, will ride again.",2022-05-06 08:13:39
6192,6193,8187,271,541,3,"Great driver, very professional!",2022-12-20 07:33:20
6193,6194,8195,541,1293,5,"Great rider, very polite.",2024-04-05 20:23:02
6194,6195,8196,258,541,3,Very clean car.,2023-10-29 15:32:32
6195,6196,8197,541,202,5,Super friendly and helpful.,2022-09-26 03:42:32
6196,6197,8199,541,1355,4,"5 stars, highly recommend!",2023-11-02 10:05:42
6197,6198,8201,541,741,3,Trip was okay.,2023-05-25 21:40:59
6200,6201,8204,1035,541,4,"Smooth ride, on time.",2023-08-31 23:21:51
6201,6202,8206,541,433,5,"5 stars, highly recommend!",2023-02-04 08:44:50
6203,6204,8207,1099,541,2,Super friendly and helpful.,2023-06-20 14:23:46
6204,6205,8209,132,541,3,"Great driver, very professional!",2024-04-22 11:51:46
6208,6209,8214,1948,541,5,"Smooth ride, on time.",2024-03-02 14:45:27
6209,6210,8215,452,541,4,"Great driver, very professional!",2024-05-10 05:25:29
6210,6211,8216,541,199,4,"Great rider, very polite.",2024-01-11 15:26:15
6211,6212,8218,541,1526,4,Very clean car.,2023-05-12 12:41:26
6213,6214,8221,541,957,2,Rough driving.,2024-03-06 07:27:59
6214,6215,8223,541,469,3,"OK trip, nothing special.",2022-07-23 14:33:54
6216,6217,8227,957,541,3,Super friendly and helpful.,2022-03-03 11:54:33
6217,6218,8228,541,539,3,Fine driver.,2024-02-18 07:09:03
6218,6219,8228,539,541,3,"Great driver, very professional!",2024-02-18 07:26:03
6219,6220,8230,541,697,5,Very comfortable ride.,2022-11-04 19:00:16
6221,6222,8232,1649,541,3,"Great driver, very professional!",2022-05-05 05:48:39
6223,6224,8237,541,647,3,Nothing to complain about.,2024-03-01 08:59:12
6224,6225,8238,541,1763,3,Acceptable ride.,2022-12-05 12:28:54
6225,6226,8238,1763,541,3,Very clean car.,2022-12-05 14:19:54
6226,6227,8239,1248,541,3,Super friendly and helpful.,2023-11-25 07:14:36
6227,6228,8241,541,1494,4,"Quick and efficient, thanks!",2024-03-15 05:09:26
6228,6229,8242,541,2,4,Loved the music selection!,2022-04-13 03:56:45
6230,6231,8249,541,207,3,Nothing to complain about.,2023-04-30 03:43:41
6233,6234,8254,541,1139,3,"OK trip, nothing special.",2022-10-13 04:00:34
6235,6236,8256,541,446,3,Acceptable ride.,2022-10-02 06:03:52
6236,6237,8257,541,766,4,"5 stars, highly recommend!",2022-10-14 22:18:59
6237,6238,8257,766,541,5,Very clean car.,2022-10-15 00:45:59
6239,6240,8259,179,541,2,Very clean car.,2024-05-26 17:57:18
6240,6241,8260,1991,541,5,"Great driver, very professional!",2023-02-07 17:38:07
6243,6244,8263,929,541,3,Very clean car.,2023-11-14 15:36:27
6245,6246,8266,541,834,3,Fine driver.,2022-07-19 19:16:42
6246,6247,8267,541,187,4,Super friendly and helpful.,2022-05-23 18:42:49
6247,6248,8268,541,1371,5,"Great driver, very professional!",2022-06-20 22:14:22
6248,6249,8269,541,1302,4,Car was spotless.,2023-02-16 00:34:29
6251,6252,8273,541,331,3,Average experience.,2024-03-03 23:08:17
6254,6255,8279,541,55,3,Nothing to complain about.,2023-08-24 11:49:12
6255,6256,8279,55,541,4,"Great driver, very professional!",2023-08-24 10:14:12
6259,6260,8282,132,541,3,"Great driver, very professional!",2023-10-03 21:07:03
6260,6261,8283,541,1724,5,Super friendly and helpful.,2024-03-06 18:56:24
6264,6265,8287,715,571,4,Loved the music selection!,2023-04-04 05:42:39
6265,6266,8288,1472,1907,3,"Excellent service, will ride again.",2022-04-02 12:05:15
6266,6267,8292,1907,1197,2,Driver was rude.,2022-01-30 10:19:40
6268,6269,8296,1907,690,4,"Perfect trip, no issues.",2023-04-14 05:07:35
6273,6274,8308,1907,408,3,Got there safely.,2023-07-05 14:00:35
6274,6275,8310,1907,446,5,Fast and safe driver.,2022-01-19 08:39:30
6275,6276,8310,446,1907,4,Very clean car.,2022-01-19 09:59:30
6276,6277,8311,1907,782,3,Decent experience.,2023-12-27 18:34:27
6277,6278,8311,782,1907,3,Very clean car.,2023-12-27 20:37:27
6281,6282,8320,1907,1105,3,Nothing to complain about.,2024-03-10 09:53:06
6282,6283,8323,1907,201,5,"Great driver, very professional!",2023-09-12 18:08:44
6283,6284,8323,201,1907,4,Very clean car.,2023-09-12 19:01:44
6285,6286,8324,1881,1907,3,"Great driver, very professional!",2024-06-29 14:08:31
6287,6288,8325,1410,1907,3,"Great driver, very professional!",2022-10-05 03:18:22
6292,6293,8331,1907,957,3,Acceptable ride.,2024-01-16 10:55:19
6293,6294,8331,957,1907,2,Very clean car.,2024-01-16 11:34:19
6295,6296,8334,125,1907,4,Very clean car.,2024-06-16 04:57:29
6296,6297,8335,1907,334,3,Nothing to complain about.,2022-05-15 13:16:05
6297,6298,8338,1907,1889,4,Very comfortable ride.,2023-11-23 23:44:05
6298,6299,8340,436,1907,4,"Smooth ride, on time.",2023-09-27 13:36:24
6301,6302,8344,1494,816,3,Super friendly and helpful.,2023-10-10 03:29:17
6302,6303,8345,1645,1461,4,"Easy pickup, no problems.",2024-04-24 07:43:42
6303,6304,8345,1461,1645,2,"Excellent service, will ride again.",2024-04-24 10:04:42
6304,6305,8346,1645,825,5,Very courteous driver.,2024-06-16 12:12:29
6305,6306,8347,1210,1645,3,Very clean car.,2024-06-06 10:07:36
6306,6307,8348,1645,1561,4,Very courteous driver.,2023-03-11 13:26:59
6307,6308,8349,316,1492,4,"Easy pickup, no problems.",2023-03-06 09:28:05
6308,6309,8351,1139,316,4,"Smooth ride, on time.",2023-02-21 21:53:05
6309,6310,8352,316,1198,4,"5 stars, highly recommend!",2022-08-03 16:00:24
6311,6312,8357,1347,1605,4,Very clean car.,2022-08-28 00:39:51
6313,6314,8359,1347,919,5,"Great rider, very polite.",2022-02-11 12:43:47
6314,6315,8361,1347,1948,4,"Quick and efficient, thanks!",2023-03-22 00:51:50
6315,6316,8362,1347,5,3,Acceptable ride.,2023-03-28 21:56:40
6320,6321,8368,1510,225,3,Average experience.,2024-01-27 03:08:47
6321,6322,8369,1510,207,5,Fast and safe driver.,2023-11-30 00:56:53
6322,6323,8371,555,24,5,Car was spotless.,2024-04-20 06:58:53
6324,6325,8377,555,1286,3,Acceptable ride.,2022-09-26 12:43:07
6325,6326,8378,1205,555,4,"Excellent service, will ride again.",2022-09-29 08:45:11
6326,6327,8380,555,1141,5,Fast and safe driver.,2022-12-28 22:47:29
6327,6328,8380,1141,555,4,Very clean car.,2022-12-28 22:43:29
6328,6329,8381,555,201,4,"Easy pickup, no problems.",2024-05-07 16:47:06
6329,6330,8382,555,408,4,"Great rider, very polite.",2022-12-11 06:20:24
6333,6334,8387,555,1700,3,Acceptable ride.,2024-04-02 08:58:13
6336,6337,8390,1603,256,5,Loved the music selection!,2024-03-10 10:27:37
6337,6338,8390,256,1603,4,"Excellent service, will ride again.",2024-03-10 09:29:37
6338,6339,8391,733,1324,4,Very comfortable ride.,2022-11-24 13:06:47
6342,6343,8394,1108,733,3,"Great driver, very professional!",2023-12-19 21:33:57
6345,6346,8401,21,1053,2,Car smelled bad.,2024-04-03 15:50:08
6346,6347,8401,1053,21,3,"Great driver, very professional!",2024-04-03 15:52:08
6347,6348,8402,21,1139,2,Took a longer route.,2022-10-13 01:36:40
6348,6349,8403,21,1087,2,Took a longer route.,2023-01-01 08:54:18
6349,6350,8403,1087,21,4,"Great driver, very professional!",2023-01-01 09:54:18
6351,6352,8409,21,974,4,"5 stars, highly recommend!",2022-02-08 06:15:57
6352,6353,8410,21,1544,4,Very clean car.,2022-06-21 00:21:52
6354,6355,8411,351,21,3,Super friendly and helpful.,2022-08-08 12:35:24
6355,6356,8412,21,334,5,"Perfect trip, no issues.",2023-11-09 15:22:22
6356,6357,8413,21,271,5,"Smooth ride, on time.",2024-06-19 03:57:54
6357,6358,8417,21,1091,4,Loved the music selection!,2022-08-03 23:33:10
6359,6360,8418,996,21,4,"Excellent service, will ride again.",2024-06-04 17:10:54
6360,6361,8419,199,21,3,Super friendly and helpful.,2022-03-07 16:12:54
6362,6363,8422,21,142,4,"Excellent service, will ride again.",2022-11-12 10:18:41
6363,6364,8422,142,21,3,"Smooth ride, on time.",2022-11-12 10:20:41
6367,6368,8426,1437,1123,4,"Smooth ride, on time.",2023-12-31 19:33:13
6368,6369,8432,1123,1373,4,"Great rider, very polite.",2024-04-11 00:28:26
6369,6370,8433,1123,139,4,Loved the music selection!,2023-01-20 04:02:29
6375,6376,8442,1123,1755,3,Got there safely.,2023-02-16 16:51:10
6376,6377,8442,1755,1123,3,"Great driver, very professional!",2023-02-16 16:35:10
6377,6378,8444,542,1123,4,"Great driver, very professional!",2023-02-03 23:24:56
6378,6379,8445,1123,645,5,"Great driver, very professional!",2022-09-19 09:02:18
6381,6382,8447,1123,389,3,Got there safely.,2022-08-23 18:31:44
6382,6383,8448,1356,1123,3,Very clean car.,2022-02-05 21:23:56
6383,6384,8449,1123,207,3,Average experience.,2023-08-30 04:06:02
6385,6386,8451,258,1123,4,"Great driver, very professional!",2022-09-07 22:24:55
6386,6387,8455,1185,1221,5,"Quick and efficient, thanks!",2022-10-03 16:33:46
6387,6388,8455,1221,1185,2,Super friendly and helpful.,2022-10-03 16:06:46
6388,6389,8457,118,1978,3,"Smooth ride, on time.",2023-08-27 09:33:18
6390,6391,8463,1866,515,2,Took too long.,2022-11-17 22:32:53
6391,6392,8463,515,1866,3,Very clean car.,2022-11-17 22:34:53
6392,6393,8464,1849,997,3,Acceptable ride.,2022-12-12 18:22:48
6394,6395,8466,1849,1890,4,Loved the music selection!,2023-11-18 23:08:42
6395,6396,8468,1321,593,4,"Smooth ride, on time.",2024-01-22 01:15:42
6396,6397,8469,1321,601,5,"Quick and efficient, thanks!",2024-06-24 07:04:04
6399,6400,8472,1724,749,5,"Smooth ride, on time.",2023-05-31 02:07:19
6401,6402,8479,749,1187,5,"Quick and efficient, thanks!",2023-10-30 09:30:01
6402,6403,8479,1187,749,3,Very clean car.,2023-10-30 10:13:01
6403,6404,8480,749,1243,3,Acceptable ride.,2022-03-14 19:08:04
6404,6405,8483,749,1839,2,Had trouble finding the pickup spot.,2022-08-30 09:53:37
6405,6406,8483,1839,749,4,Super friendly and helpful.,2022-08-30 10:12:37
6406,6407,8485,859,728,4,"Excellent service, will ride again.",2023-12-31 11:03:07
6407,6408,8492,1576,645,5,"Excellent service, will ride again.",2023-12-14 05:48:49
6411,6412,8497,1576,1948,4,Very clean car.,2022-08-05 23:42:17
6412,6413,8497,1948,1576,3,Super friendly and helpful.,2022-08-06 00:47:17
6414,6415,8498,1331,1848,2,"Great driver, very professional!",2022-07-09 17:41:18
6415,6416,8499,1848,319,2,Not very clean.,2023-09-06 08:01:33
6416,6417,8499,319,1848,3,"Excellent service, will ride again.",2023-09-06 08:12:33
6418,6419,8501,1495,1848,4,"Smooth ride, on time.",2022-02-17 13:42:20
6420,6421,8505,1848,1794,3,Average experience.,2022-05-02 16:40:28
6421,6422,8506,932,1848,4,Super friendly and helpful.,2023-07-09 23:46:05
6423,6424,8507,155,1848,4,"Great driver, very professional!",2022-03-27 04:09:16
6424,6425,8510,1848,612,4,Very clean car.,2023-04-06 02:09:39
6427,6428,8515,328,1848,3,"Great driver, very professional!",2023-06-16 19:38:28
6428,6429,8516,1848,142,3,Acceptable ride.,2022-06-21 23:15:30
6430,6431,8517,645,1848,4,"Excellent service, will ride again.",2022-01-08 23:10:14
6431,6432,8520,1848,842,3,Trip was okay.,2022-01-28 04:22:32
6432,6433,8520,842,1848,5,"Great driver, very professional!",2022-01-28 03:13:32
6433,6434,8522,1848,1206,5,"5 stars, highly recommend!",2024-02-15 04:59:13
6435,6436,8524,14,1848,3,"Smooth ride, on time.",2024-02-08 09:03:31
6436,6437,8527,1848,1623,4,Loved the music selection!,2022-05-25 16:11:56
6440,6441,8539,1206,1848,3,"Excellent service, will ride again.",2022-11-11 21:20:45
6442,6443,8543,1380,372,3,"Smooth ride, on time.",2024-01-10 19:27:26
6443,6444,8544,759,372,4,"Smooth ride, on time.",2022-08-19 23:00:35
6444,6445,8545,335,372,4,"Smooth ride, on time.",2023-03-02 05:35:04
6445,6446,8546,372,494,4,"Perfect trip, no issues.",2022-08-17 07:57:57
6446,6447,8546,494,372,4,Super friendly and helpful.,2022-08-17 09:05:57
6448,6449,8552,372,1492,4,"Great rider, very polite.",2022-04-05 03:54:35
6449,6450,8552,1492,372,3,"Smooth ride, on time.",2022-04-05 04:53:35
6451,6452,8554,728,372,4,"Excellent service, will ride again.",2022-12-02 01:37:10
6455,6456,8562,372,1881,4,"Perfect trip, no issues.",2022-10-27 16:53:20
6459,6460,8567,372,1894,2,Had trouble finding the pickup spot.,2023-06-28 16:04:06
6465,6466,8574,372,1430,4,Car was spotless.,2022-10-21 04:44:01
6466,6467,8575,1343,372,3,Super friendly and helpful.,2022-08-19 22:11:14
6468,6469,8577,494,372,4,"Smooth ride, on time.",2022-07-29 10:14:15
6469,6470,8578,372,319,4,Car was spotless.,2022-01-21 21:39:31
6471,6472,8579,1841,372,4,Very clean car.,2024-02-18 03:07:39
6472,6473,8580,372,1427,3,Decent experience.,2023-10-08 02:32:53
6474,6475,8582,372,1649,5,"Smooth ride, on time.",2024-02-11 01:28:34
6475,6476,8582,1649,372,3,"Great driver, very professional!",2024-02-11 02:21:34
6476,6477,8586,372,1606,5,"5 stars, highly recommend!",2022-11-20 08:04:21
6477,6478,8588,372,97,5,Loved the music selection!,2024-01-27 05:25:29
6478,6479,8588,97,372,3,Super friendly and helpful.,2024-01-27 04:27:29
6479,6480,8589,1206,372,3,"Great driver, very professional!",2022-08-26 16:44:48
6480,6481,8592,372,1890,3,Average experience.,2023-06-01 07:26:37
6482,6483,8597,372,248,4,Very courteous driver.,2022-01-13 13:20:54
6484,6485,8599,372,121,3,Average experience.,2022-11-17 18:29:34
6485,6486,8599,121,372,3,"Great driver, very professional!",2022-11-17 20:21:34
6490,6491,8606,335,372,4,Very clean car.,2023-07-23 19:24:09
6491,6492,8607,372,1437,4,Car was spotless.,2022-03-21 03:25:10
6493,6494,8610,372,748,2,Took a longer route.,2023-12-14 20:25:07
6495,6496,8613,258,372,2,Super friendly and helpful.,2022-04-22 12:19:55
6496,6497,8616,372,1386,4,"Perfect trip, no issues.",2024-02-04 15:44:20
6498,6499,8620,372,543,3,"OK trip, nothing special.",2022-08-17 21:42:00
6499,6500,8621,372,104,4,Loved the music selection!,2022-08-30 07:26:59
6500,6501,8621,104,372,4,Super friendly and helpful.,2022-08-30 07:09:59
6503,6504,8630,372,1227,4,Very comfortable ride.,2022-04-12 05:37:37
6504,6505,8630,1227,372,2,Very clean car.,2022-04-12 05:22:37
6505,6506,8632,372,601,4,"Perfect trip, no issues.",2023-03-29 09:53:57
6506,6507,8632,601,372,5,"Smooth ride, on time.",2023-03-29 09:04:57
6507,6508,8633,372,1651,4,"Great rider, very polite.",2024-05-12 06:32:30
6510,6511,8642,372,941,2,Had trouble finding the pickup spot.,2023-07-27 17:49:02
6511,6512,8642,941,372,4,Super friendly and helpful.,2023-07-27 17:05:02
6513,6514,8648,172,1608,4,"Great driver, very professional!",2022-03-19 09:23:03
6514,6515,8648,1608,172,2,"Smooth ride, on time.",2022-03-19 08:57:03
6515,6516,8649,664,172,3,"Great driver, very professional!",2023-09-10 22:32:27
6516,6517,8650,172,1956,3,Trip was okay.,2022-08-11 12:15:10
6517,6518,8652,172,318,4,"Great driver, very professional!",2023-08-30 17:14:43
6518,6519,8653,172,1026,4,Loved the music selection!,2024-06-01 15:04:07
6521,6522,8661,172,1206,5,"Quick and efficient, thanks!",2023-03-28 12:39:43
6522,6523,8661,1206,172,5,Very clean car.,2023-03-28 12:39:43
6523,6524,8662,172,1727,5,Very courteous driver.,2024-03-01 15:51:01
6524,6525,8662,1727,172,3,"Great driver, very professional!",2024-03-01 14:29:01
6526,6527,8663,1293,172,2,"Excellent service, will ride again.",2022-05-04 08:13:53
6528,6529,8666,172,1324,3,Decent experience.,2024-03-08 03:46:17
6530,6531,8668,898,172,4,Super friendly and helpful.,2022-05-29 11:01:57
6532,6533,8669,1100,172,2,"Great driver, very professional!",2022-05-08 15:09:24
6534,6535,8671,334,172,2,"Great driver, very professional!",2022-10-04 08:39:33
6536,6537,8672,318,172,4,"Great driver, very professional!",2022-07-14 09:46:33
6537,6538,8673,778,172,4,Super friendly and helpful.,2022-03-10 02:00:40
6538,6539,8674,172,571,5,Loved the music selection!,2023-05-20 11:41:15
6540,6541,8675,959,172,3,"Great driver, very professional!",2023-01-06 06:17:18
6541,6542,8680,1590,172,4,Very clean car.,2023-04-01 11:05:41
6542,6543,8681,1948,172,1,"Great driver, very professional!",2022-03-18 22:11:44
6543,6544,8682,789,172,4,"Great driver, very professional!",2022-02-20 23:08:34
6544,6545,8686,1373,172,3,Very clean car.,2023-12-16 03:05:15
6546,6547,8689,172,327,4,"Great rider, very polite.",2022-10-05 01:24:56
6549,6550,8693,433,172,2,"Excellent service, will ride again.",2023-02-13 19:26:22
6551,6552,8697,779,172,3,"Great driver, very professional!",2024-03-25 00:03:08
6552,6553,8699,172,1561,5,"Great rider, very polite.",2023-03-02 04:34:37
6558,6559,8715,405,1724,5,Very courteous driver.,2023-10-31 02:36:28
6559,6560,8715,1724,405,3,"Excellent service, will ride again.",2023-10-31 04:10:28
6561,6562,8718,450,405,3,"Great driver, very professional!",2023-11-04 00:19:50
6562,6563,8719,1135,405,4,"Great driver, very professional!",2023-04-27 19:45:08
6565,6566,8725,278,339,4,Very clean car.,2023-11-24 21:25:38
6566,6567,8726,278,1356,4,Fast and safe driver.,2022-03-23 02:24:25
6567,6568,8726,1356,278,4,"Smooth ride, on time.",2022-03-23 02:44:25
6569,6570,8728,278,742,4,"Great rider, very polite.",2022-09-23 19:51:06
6570,6571,8730,278,1139,3,Trip was okay.,2022-06-17 07:46:29
6571,6572,8730,1139,278,4,"Great driver, very professional!",2022-06-17 10:12:29
6572,6573,8731,278,1162,5,"Great driver, very professional!",2024-04-24 03:01:53
6573,6574,8732,278,448,5,Super friendly and helpful.,2023-08-17 04:32:54
6574,6575,8733,1221,278,3,Very clean car.,2022-04-25 04:49:56
6575,6576,8734,278,1324,2,Took too long.,2023-10-01 03:51:14
6576,6577,8734,1324,278,4,Very clean car.,2023-10-01 02:59:14
6579,6580,8744,278,1654,4,Super friendly and helpful.,2022-04-16 12:09:52
6580,6581,8747,777,1485,3,"Excellent service, will ride again.",2023-02-05 02:15:06
6581,6582,8749,1485,1975,4,"Perfect trip, no issues.",2024-02-18 16:04:50
6582,6583,8750,825,1485,3,Super friendly and helpful.,2022-03-12 06:42:10
6583,6584,8753,1485,192,5,"Excellent service, will ride again.",2024-03-18 05:41:11
6584,6585,8755,1485,1763,2,Took too long.,2022-05-27 17:06:28
6586,6587,8758,1485,1162,4,"Perfect trip, no issues.",2023-06-28 05:30:21
6587,6588,8759,1485,1081,4,Very courteous driver.,2023-07-09 12:45:08
6588,6589,8759,1081,1485,4,"Great driver, very professional!",2023-07-09 14:15:08
6589,6590,8761,1485,235,4,"Great driver, very professional!",2023-04-14 13:51:42
6590,6591,8761,235,1485,3,"Excellent service, will ride again.",2023-04-14 12:27:42
6592,6593,8763,1776,1485,3,"Smooth ride, on time.",2022-09-25 05:55:52
6596,6597,8772,125,1485,2,"Great driver, very professional!",2022-10-21 19:08:54
6602,6603,8783,1485,1830,3,Trip was okay.,2022-10-25 16:49:06
6603,6604,8784,1485,1380,3,Acceptable ride.,2023-11-20 09:36:04
6605,6606,8786,1575,1485,2,"Smooth ride, on time.",2023-07-25 23:37:44
6606,6607,8788,1485,1865,4,"Great rider, very polite.",2024-01-31 18:45:36
6607,6608,8790,433,1485,3,"Smooth ride, on time.",2022-09-03 23:56:08
6609,6610,8792,1485,1495,2,Not very clean.,2022-02-04 01:47:22
6610,6611,8796,1485,919,5,Super friendly and helpful.,2022-05-04 22:46:21
6613,6614,8804,1485,393,3,Decent experience.,2024-01-19 09:22:25
6616,6617,8808,394,1485,3,"Excellent service, will ride again.",2023-05-26 21:02:07
6618,6619,8811,89,1485,4,"Great driver, very professional!",2022-10-22 03:06:34
6619,6620,8813,1485,202,4,"Perfect trip, no issues.",2022-11-06 05:20:52
6620,6621,8814,1243,1485,3,Very clean car.,2022-06-30 18:50:31
6621,6622,8816,1485,1776,5,Super friendly and helpful.,2024-02-27 17:38:35
6622,6623,8817,1485,1955,4,"Excellent service, will ride again.",2022-08-22 21:07:52
6623,6624,8818,1485,585,5,Fast and safe driver.,2024-03-12 06:17:04
6624,6625,8820,995,1485,4,"Excellent service, will ride again.",2024-05-22 19:39:37
6625,6626,8821,1485,1187,4,Very clean car.,2023-05-14 15:18:17
6627,6628,8822,199,1485,4,Very clean car.,2024-03-31 08:46:48
6631,6632,8829,1485,1237,4,"Quick and efficient, thanks!",2024-05-24 23:09:52
6632,6633,8830,925,1485,2,"Smooth ride, on time.",2022-02-28 18:56:27
6634,6635,8832,1975,1485,4,"Great driver, very professional!",2023-11-04 14:19:37
6635,6636,8833,1485,1765,3,Decent experience.,2022-05-24 16:50:40
6636,6637,8835,1485,1993,2,Took too long.,2023-07-25 05:58:14
6637,6638,8839,1485,293,5,"Perfect trip, no issues.",2023-06-17 10:09:21
6638,6639,8840,1458,1494,3,Decent experience.,2022-02-17 17:03:45
6641,6642,8842,822,1458,3,"Great driver, very professional!",2022-04-02 05:36:08
6642,6643,8843,1458,412,3,Got there safely.,2024-03-07 18:49:07
6643,6644,8843,412,1458,3,Very clean car.,2024-03-07 20:56:07
6644,6645,8845,1325,335,3,Nothing to complain about.,2022-09-18 00:28:14
6645,6646,8847,214,544,5,"Smooth ride, on time.",2023-06-29 16:24:43
6646,6647,8848,214,925,2,Took a longer route.,2022-11-18 23:30:51
6648,6649,8852,1243,214,4,"Excellent service, will ride again.",2024-03-04 23:46:42
6649,6650,8853,1702,214,5,"Smooth ride, on time.",2023-02-01 15:36:12
6650,6651,8855,214,1548,3,Got there safely.,2022-12-11 22:13:57
6652,6653,8857,1881,214,3,Super friendly and helpful.,2024-03-23 02:00:45
6655,6656,8864,12,1413,3,Acceptable ride.,2022-12-10 14:17:07
6656,6657,8865,1437,12,2,"Smooth ride, on time.",2022-10-14 08:38:49
6657,6658,8867,1011,12,3,Super friendly and helpful.,2022-01-04 00:10:39
6661,6662,8871,12,229,4,Fast and safe driver.,2022-04-20 12:22:33
6663,6664,8872,494,12,3,Very clean car.,2022-07-16 10:47:01
6664,6665,8873,12,335,4,"5 stars, highly recommend!",2023-02-06 07:31:23
6666,6667,8877,12,1700,4,"5 stars, highly recommend!",2023-05-24 16:14:34
6667,6668,8878,1764,12,4,"Excellent service, will ride again.",2022-03-18 13:57:36
6669,6670,8879,1206,12,3,Super friendly and helpful.,2022-02-23 16:41:30
6670,6671,8880,12,132,4,Loved the music selection!,2022-03-05 00:32:26
6671,6672,8882,1828,12,3,Super friendly and helpful.,2024-01-18 17:32:56
6675,6676,8891,12,318,4,Very clean car.,2023-03-06 12:00:14
6677,6678,8898,12,97,5,"Easy pickup, no problems.",2022-08-01 12:37:48
6683,6684,8904,12,1956,3,Decent experience.,2024-02-20 07:34:44
6686,6687,8906,162,12,4,"Excellent service, will ride again.",2023-05-05 13:18:20
6688,6689,8907,131,12,3,"Smooth ride, on time.",2022-03-31 14:27:17
6689,6690,8909,549,12,4,"Great driver, very professional!",2023-01-10 09:25:38
6690,6691,8911,12,187,4,"Great driver, very professional!",2024-01-26 07:24:15
6691,6692,8912,12,323,5,Very comfortable ride.,2022-02-06 02:14:31
6695,6696,8918,1288,12,5,Super friendly and helpful.,2023-04-03 11:44:04
6697,6698,8920,12,434,5,Car was spotless.,2022-09-28 02:59:43
6699,6700,8923,12,450,4,"Smooth ride, on time.",2022-12-07 08:11:23
6701,6702,8924,553,12,3,Very clean car.,2023-02-04 13:56:38
6702,6703,8926,393,12,2,Super friendly and helpful.,2023-08-27 04:35:09
6703,6704,8927,498,12,4,"Great driver, very professional!",2023-08-10 05:57:23
6704,6705,8928,1724,12,2,"Smooth ride, on time.",2022-06-24 21:57:15
6705,6706,8929,12,139,5,"Perfect trip, no issues.",2023-04-01 13:13:40
6709,6710,8934,1739,422,3,"Great driver, very professional!",2022-11-12 23:05:13
6711,6712,8937,323,209,3,"Excellent service, will ride again.",2023-04-20 06:25:16
6712,6713,8941,1001,495,3,Very clean car.,2022-10-23 00:56:35
6714,6715,8942,542,495,3,"Smooth ride, on time.",2023-09-02 21:02:28
6717,6718,8945,664,495,4,"Excellent service, will ride again.",2023-11-13 16:40:45
6720,6721,8947,97,495,3,Super friendly and helpful.,2023-04-03 04:24:20
6721,6722,8948,495,1352,5,"Excellent service, will ride again.",2022-03-26 16:14:58
6722,6723,8949,495,15,3,Trip was okay.,2022-02-22 21:37:03
6724,6725,8951,495,2,4,"Great rider, very polite.",2023-07-21 05:04:08
6727,6728,8955,883,1850,2,"Smooth ride, on time.",2023-12-07 04:45:26
6729,6730,8957,433,1850,3,"Great driver, very professional!",2024-03-11 14:09:09
6732,6733,8960,636,1134,4,"Perfect trip, no issues.",2022-03-01 12:34:50
6734,6735,8962,271,636,5,"Great driver, very professional!",2023-11-17 01:35:27
6736,6737,8964,132,1767,4,"Excellent service, will ride again.",2024-02-07 11:43:16
6739,6740,8968,1767,120,3,Decent experience.,2022-03-16 19:08:15
6740,6741,8969,1767,1181,4,"Excellent service, will ride again.",2024-01-29 10:42:04
6743,6744,8972,1350,1767,4,"Great driver, very professional!",2024-05-26 05:13:31
6744,6745,8973,210,1767,4,"Great driver, very professional!",2023-07-13 16:34:59
6747,6748,8976,1767,461,3,Got there safely.,2023-05-31 19:29:38
6749,6750,8979,1767,338,2,Not very clean.,2023-11-14 06:58:18
6750,6751,8979,338,1767,3,"Smooth ride, on time.",2023-11-14 08:23:18
6751,6752,8980,1767,957,4,"Easy pickup, no problems.",2022-09-26 11:49:17
6752,6753,8980,957,1767,3,"Smooth ride, on time.",2022-09-26 14:08:17
6753,6754,8984,1716,1812,3,Got there safely.,2022-04-11 21:07:57
6754,6755,8987,490,1060,4,"Smooth ride, on time.",2023-04-19 07:06:32
6755,6756,8988,490,759,5,"Perfect trip, no issues.",2024-05-24 20:41:46
6756,6757,8988,759,490,2,Super friendly and helpful.,2024-05-24 20:55:46
6758,6759,8990,490,1227,5,"Smooth ride, on time.",2022-08-02 23:30:29
6760,6761,8991,490,947,4,"Great rider, very polite.",2023-11-21 09:29:56
6762,6763,8995,746,995,3,"OK trip, nothing special.",2023-07-27 05:11:26
6763,6764,8996,1727,746,5,"Great driver, very professional!",2022-02-10 05:11:32
6764,6765,8999,375,1700,3,Nothing to complain about.,2023-10-25 07:44:44
6765,6766,9000,375,1386,5,"Great driver, very professional!",2022-10-14 00:12:11
6767,6768,9003,933,1794,4,"Quick and efficient, thanks!",2023-11-08 16:55:35
6768,6769,9004,1548,933,4,Super friendly and helpful.,2024-03-10 17:05:36
6769,6770,9005,1890,933,4,"Great driver, very professional!",2023-05-06 08:30:05
6775,6776,9015,1994,1099,5,Very comfortable ride.,2024-01-04 08:51:55
6779,6780,9018,1869,1604,4,"Smooth ride, on time.",2022-05-30 02:38:35
6780,6781,9019,1604,1026,3,Got there safely.,2022-03-05 15:09:50
6781,6782,9019,1026,1604,3,"Excellent service, will ride again.",2022-03-05 16:34:50
6782,6783,9021,1604,448,4,Car was spotless.,2022-05-12 06:56:18
6784,6785,9025,1604,1111,5,"Great driver, very professional!",2022-02-16 12:35:37
6785,6786,9025,1111,1604,4,"Great driver, very professional!",2022-02-16 12:43:37
6786,6787,9028,1091,1604,3,Very clean car.,2024-01-20 12:16:04
6787,6788,9030,1604,1400,5,"Great driver, very professional!",2024-01-17 04:01:03
6790,6791,9034,1604,271,5,"Excellent service, will ride again.",2022-06-05 23:07:29
6791,6792,9034,271,1604,3,"Excellent service, will ride again.",2022-06-06 01:03:29
6792,6793,9037,1604,1427,5,"Perfect trip, no issues.",2023-02-12 18:38:41
6793,6794,9038,1604,131,4,"Great rider, very polite.",2023-03-02 06:02:31
6794,6795,9038,131,1604,3,"Excellent service, will ride again.",2023-03-02 07:36:31
6796,6797,9042,1345,335,2,Driver was rude.,2022-03-23 15:14:39
6797,6798,9044,167,334,3,Acceptable ride.,2023-09-09 10:10:05
6798,6799,9046,167,1841,3,Average experience.,2022-04-29 20:01:15
6800,6801,9049,167,593,5,"Great rider, very polite.",2022-01-02 17:25:17
6802,6803,9053,167,1947,4,"Easy pickup, no problems.",2024-04-29 02:34:50
6803,6804,9054,167,229,3,"OK trip, nothing special.",2022-10-30 06:34:39
6806,6807,9057,1654,167,3,"Excellent service, will ride again.",2024-02-19 03:02:33
6808,6809,9061,1356,167,4,"Smooth ride, on time.",2023-10-05 10:09:57
6809,6810,9062,167,736,4,"Quick and efficient, thanks!",2022-03-30 15:43:16
6810,6811,9062,736,167,4,Super friendly and helpful.,2022-03-30 17:35:16
6815,6816,9068,498,871,2,"Excellent service, will ride again.",2024-03-17 17:08:07
6818,6819,9073,871,1590,3,Decent experience.,2023-01-09 08:50:09
6819,6820,9074,888,162,5,Very comfortable ride.,2023-10-19 01:28:50
6820,6821,9075,888,14,3,Average experience.,2022-01-12 09:00:25
6822,6823,9081,1087,650,3,"Smooth ride, on time.",2024-02-12 02:24:44
6824,6825,9084,650,434,5,Loved the music selection!,2024-01-18 08:50:51
6827,6828,9087,271,623,3,"Great driver, very professional!",2023-02-04 03:55:33
6829,6830,9093,623,31,3,Got there safely.,2022-02-17 10:19:50
6831,6832,9097,623,439,3,Got there safely.,2022-03-09 06:37:54
6833,6834,9099,789,623,4,Very clean car.,2024-02-06 20:25:42
6836,6837,9101,1564,623,4,"Smooth ride, on time.",2023-11-10 14:45:45
6838,6839,9103,1246,1865,4,"Smooth ride, on time.",2022-01-30 17:14:41
6839,6840,9106,1246,1403,5,Loved the music selection!,2022-05-30 13:23:55
6840,6841,9106,1403,1246,4,Very clean car.,2022-05-30 15:01:55
6841,6842,9107,889,1558,4,"Great driver, very professional!",2022-11-30 17:08:42
6843,6844,9111,1297,256,3,Nothing to complain about.,2022-06-09 11:53:49
6847,6848,9115,1410,621,3,"Excellent service, will ride again.",2022-05-30 11:17:12
6849,6850,9119,1565,833,3,Fine driver.,2024-02-18 02:15:55
6850,6851,9119,833,1565,4,Super friendly and helpful.,2024-02-18 03:55:55
6854,6855,9122,488,1921,2,Super friendly and helpful.,2022-03-07 01:31:36
6856,6857,9125,1921,974,4,"Great driver, very professional!",2023-06-19 08:46:22
6857,6858,9126,704,125,3,"OK trip, nothing special.",2022-04-14 15:19:44
6858,6859,9127,318,704,3,Very clean car.,2023-08-01 04:10:13
6859,6860,9128,704,585,4,Fast and safe driver.,2023-10-13 06:14:17
6860,6861,9129,704,908,2,Driver was late.,2024-06-13 12:45:20
6863,6864,9136,704,748,3,Got there safely.,2022-08-26 13:00:59
6864,6865,9138,704,506,3,Decent experience.,2023-11-19 03:12:51
6865,6866,9138,506,704,3,Very clean car.,2023-11-19 04:25:51
6867,6868,9142,704,1336,2,Rough driving.,2022-10-05 16:01:11
6869,6870,9144,704,119,5,"5 stars, highly recommend!",2024-03-11 23:56:02
6870,6871,9145,704,1035,4,Very clean car.,2022-09-18 14:33:41
6871,6872,9145,1035,704,4,"Excellent service, will ride again.",2022-09-18 15:06:41
6873,6874,9146,450,704,3,"Great driver, very professional!",2022-06-09 14:10:29
6875,6876,9150,1081,704,3,"Great driver, very professional!",2024-01-27 20:19:41
6876,6877,9152,704,1477,4,Very courteous driver.,2024-02-04 18:57:40
6881,6882,9157,704,564,5,Loved the music selection!,2023-12-15 23:12:23
6882,6883,9157,564,704,4,Very clean car.,2023-12-15 22:08:23
6883,6884,9158,704,1693,3,Decent experience.,2023-04-13 23:44:16
6884,6885,9159,704,1828,5,Car was spotless.,2022-08-23 18:58:55
6885,6886,9159,1828,704,3,"Great driver, very professional!",2022-08-23 20:32:55
6887,6888,9160,472,704,3,Very clean car.,2023-10-01 16:37:06
6890,6891,9163,704,1981,5,"Excellent service, will ride again.",2023-03-09 14:16:32
6891,6892,9164,704,1894,2,Driver was rude.,2022-08-02 21:18:02
6893,6894,9167,1564,704,3,Very clean car.,2023-09-12 19:45:39
6894,6895,9168,1207,704,3,"Smooth ride, on time.",2022-11-20 18:00:03
6895,6896,9169,704,1030,4,Car was spotless.,2024-06-05 07:36:18
6896,6897,9171,704,1709,4,Very courteous driver.,2023-01-02 18:04:04
6902,6903,9178,408,704,3,Very clean car.,2023-10-30 02:28:19
6905,6906,9183,704,1207,5,"Perfect trip, no issues.",2023-08-07 04:12:35
6906,6907,9183,1207,704,3,Super friendly and helpful.,2023-08-07 03:25:35
6908,6909,9185,704,1494,4,Very courteous driver.,2023-02-27 19:13:37
6909,6910,9185,1494,704,3,"Smooth ride, on time.",2023-02-27 21:02:37
6910,6911,9186,704,1162,4,"Smooth ride, on time.",2024-04-07 11:32:43
6911,6912,9186,1162,704,3,"Great driver, very professional!",2024-04-07 10:33:43
6912,6913,9187,690,704,4,"Smooth ride, on time.",2024-03-17 20:01:46
6915,6916,9194,833,1431,3,Very clean car.,2022-11-23 21:10:56
6916,6917,9195,1206,1431,3,"Excellent service, will ride again.",2022-02-08 03:21:32
6917,6918,9196,1431,1141,3,Decent experience.,2022-01-27 06:13:56
6918,6919,9196,1141,1431,2,Super friendly and helpful.,2022-01-27 06:36:56
6919,6920,9197,1431,1947,4,Very courteous driver.,2023-12-23 21:32:44
6923,6924,9200,1410,1431,3,"Great driver, very professional!",2023-07-17 12:00:13
6926,6927,9207,1658,1431,4,Very clean car.,2022-12-01 09:09:25
6929,6930,9213,1431,608,4,Car was spotless.,2022-09-26 07:39:13
6931,6932,9216,1431,728,4,"Smooth ride, on time.",2023-03-24 20:37:02
6932,6933,9217,1431,1324,3,Got there safely.,2023-05-18 19:16:39
6934,6935,9218,1450,1431,5,Super friendly and helpful.,2022-05-21 06:33:21
6935,6936,9221,199,1431,2,Very clean car.,2022-02-20 18:13:47
6939,6940,9230,1431,393,2,Car smelled bad.,2022-05-22 23:33:03
6941,6942,9233,1431,162,3,"OK trip, nothing special.",2022-04-06 18:06:19
6943,6944,9234,778,1431,2,Very clean car.,2022-06-16 21:33:57
6946,6947,9239,229,1431,4,Super friendly and helpful.,2023-06-25 05:56:41
6947,6948,9240,1431,1001,5,Fast and safe driver.,2023-01-09 16:08:27
6950,6951,9243,1431,339,3,"OK trip, nothing special.",2024-03-23 14:13:52
6951,6952,9243,339,1431,3,"Excellent service, will ride again.",2024-03-23 14:28:52
6952,6953,9244,1841,1431,3,Very clean car.,2023-07-17 00:36:03
6956,6957,9248,1755,1431,3,"Great driver, very professional!",2022-11-19 19:03:43
6958,6959,9251,1431,1438,3,Acceptable ride.,2022-12-25 02:03:11
6959,6960,9251,1438,1431,3,"Great driver, very professional!",2022-12-25 03:54:11
6960,6961,9253,1293,1431,3,Very clean car.,2023-06-02 10:38:29
6961,6962,9255,1431,351,4,"Quick and efficient, thanks!",2023-08-14 07:13:42
6962,6963,9255,351,1431,3,"Excellent service, will ride again.",2023-08-14 07:33:42
6964,6965,9257,1431,318,4,Loved the music selection!,2022-09-01 10:07:45
6965,6966,9257,318,1431,4,"Smooth ride, on time.",2022-09-01 11:27:45
6967,6968,9260,472,1431,4,"Excellent service, will ride again.",2024-06-27 10:33:42
6968,6969,9262,1431,434,5,Car was spotless.,2023-06-07 18:28:21
6972,6973,9266,1011,1431,3,"Excellent service, will ride again.",2022-11-12 07:06:07
6974,6975,9268,1623,1431,4,"Great driver, very professional!",2022-11-14 01:30:42
6976,6977,9270,1431,461,4,Very comfortable ride.,2022-12-27 00:47:54
6978,6979,9272,1812,1431,5,"Great driver, very professional!",2024-04-26 00:41:14
6979,6980,9273,585,1431,3,Very clean car.,2022-08-06 15:04:51
6980,6981,9274,1431,1865,4,"Perfect trip, no issues.",2023-09-26 20:39:16
6981,6982,9275,1431,1651,4,"Great rider, very polite.",2024-03-21 17:19:58
6982,6983,9276,1431,1267,3,Decent experience.,2024-06-08 00:12:45
6983,6984,9279,542,1431,4,Super friendly and helpful.,2023-06-04 17:02:05
6985,6986,9280,929,1431,4,Super friendly and helpful.,2023-05-17 21:26:07
6989,6990,9287,1431,439,4,"Great driver, very professional!",2023-10-30 05:25:42
6990,6991,9292,1431,825,3,Got there safely.,2022-08-25 15:51:39
6992,6993,9294,1211,319,4,Loved the music selection!,2023-02-08 20:49:12
6994,6995,9295,230,1211,5,"Smooth ride, on time.",2022-01-16 06:14:02
6995,6996,9296,1211,1709,2,Driver was rude.,2022-02-23 08:36:43
6996,6997,9297,146,1211,4,"Great driver, very professional!",2023-07-19 17:47:13
6998,6999,9298,1267,1211,2,Super friendly and helpful.,2023-01-01 20:07:42
7000,7001,9299,940,1211,3,Super friendly and helpful.,2023-10-17 01:47:02
7001,7002,9300,1955,1211,2,Very clean car.,2024-03-03 15:42:49
7003,7004,9305,523,408,2,Driver was rude.,2024-03-31 07:20:35
7005,7006,9307,1196,523,2,"Smooth ride, on time.",2024-01-25 21:14:52
7007,7008,9310,523,1548,4,"Excellent service, will ride again.",2022-07-05 10:15:22
7008,7009,9311,523,765,3,Trip was okay.,2022-03-14 08:38:52
7009,7010,9313,523,433,5,"5 stars, highly recommend!",2023-07-16 05:38:34
7011,7012,9314,523,1134,3,Fine driver.,2023-10-05 05:05:38
7015,7016,9319,523,1170,5,Loved the music selection!,2022-01-16 04:03:57
7016,7017,9320,523,1981,3,Trip was okay.,2022-07-01 04:47:08
7017,7018,9320,1981,523,3,Very clean car.,2022-07-01 04:32:08
7018,7019,9321,523,571,4,Loved the music selection!,2022-04-20 23:01:14
7021,7022,9327,523,5,3,Nothing to complain about.,2022-08-09 05:04:52
7022,7023,9327,5,523,3,"Great driver, very professional!",2022-08-09 07:25:52
7023,7024,9330,523,1607,3,Nothing to complain about.,2023-06-26 08:31:46
7024,7025,9330,1607,523,2,"Great driver, very professional!",2023-06-26 09:11:46
7027,7028,9334,523,929,3,Decent experience.,2024-04-10 09:15:56
7028,7029,9335,553,523,3,Super friendly and helpful.,2023-04-27 12:49:52
7029,7030,9338,1044,1836,3,"Excellent service, will ride again.",2023-09-24 22:51:42
7030,7031,9340,1788,271,3,"OK trip, nothing special.",2023-08-04 08:32:39
7033,7034,9346,1068,31,5,"Quick and efficient, thanks!",2022-08-07 16:26:41
7034,7035,9348,1155,376,3,Average experience.,2023-09-07 03:24:22
7037,7038,9353,778,1155,3,Super friendly and helpful.,2022-10-13 14:57:00
7038,7039,9354,1155,1293,5,"Great driver, very professional!",2022-01-11 13:39:31
7042,7043,9357,5,1155,3,"Excellent service, will ride again.",2023-03-11 00:33:51
7043,7044,9359,898,1124,3,Very clean car.,2022-11-25 06:49:06
7045,7046,9361,883,1029,2,"Smooth ride, on time.",2022-06-16 12:40:49
7046,7047,9364,195,5,3,Acceptable ride.,2022-10-07 07:57:02
7049,7050,9367,195,1035,4,Super friendly and helpful.,2024-01-05 17:32:12
7052,7053,9370,1755,442,3,Super friendly and helpful.,2023-06-21 05:34:58
7053,7054,9371,1221,442,1,"Smooth ride, on time.",2024-03-24 13:18:06
7055,7056,9373,442,389,4,Car was spotless.,2022-06-18 00:39:44
7056,7057,9375,883,442,5,Very clean car.,2022-02-19 16:21:02
7057,7058,9380,442,932,4,"Easy pickup, no problems.",2022-06-14 00:18:21
7058,7059,9380,932,442,3,"Excellent service, will ride again.",2022-06-13 23:50:21
7060,7061,9389,442,544,4,"Great driver, very professional!",2024-03-19 02:24:10
7061,7062,9390,697,442,3,"Great driver, very professional!",2022-04-03 15:24:21
7062,7063,9391,727,393,4,Fast and safe driver.,2024-04-21 14:31:04
7063,7064,9395,1491,485,5,"Excellent service, will ride again.",2024-06-27 20:18:00
7064,7065,9396,1491,553,5,"Perfect trip, no issues.",2024-02-28 06:08:20
7065,7066,9397,1491,1999,4,Very clean car.,2023-07-24 10:36:08
7067,7068,9399,1491,469,3,Acceptable ride.,2022-12-17 14:22:30
7069,7070,9403,664,1491,3,"Great driver, very professional!",2022-05-03 13:47:33
7071,7072,9407,1869,1491,4,Very clean car.,2023-11-26 20:37:45
7072,7073,9409,1491,1497,4,Very comfortable ride.,2022-12-24 09:16:51
7073,7074,9409,1497,1491,3,"Smooth ride, on time.",2022-12-24 08:51:51
7074,7075,9410,1491,1198,4,Loved the music selection!,2023-01-12 04:41:43
7075,7076,9410,1198,1491,2,Very clean car.,2023-01-12 04:50:43
7076,7077,9411,1491,52,5,Very courteous driver.,2023-05-18 06:11:45
7078,7079,9412,1561,1491,4,"Smooth ride, on time.",2023-01-18 19:19:44
7079,7080,9414,1491,119,3,Fine driver.,2023-10-28 23:49:21
7080,7081,9416,1491,271,5,"Great rider, very polite.",2023-11-02 23:47:44
7082,7083,9418,1491,1023,3,Got there safely.,2024-03-07 16:31:39
7083,7084,9420,1491,1081,5,"5 stars, highly recommend!",2022-03-11 05:41:17
7084,7085,9420,1081,1491,2,"Great driver, very professional!",2022-03-11 06:55:17
7087,7088,9423,1491,488,3,Acceptable ride.,2022-05-04 04:45:38
7088,7089,9426,1491,665,3,Average experience.,2024-01-03 02:43:03
7090,7091,9428,1491,1105,5,"Great rider, very polite.",2023-10-10 10:28:56
7091,7092,9428,1105,1491,4,"Excellent service, will ride again.",2023-10-10 08:56:56
7092,7093,9430,1139,1491,3,Super friendly and helpful.,2022-06-07 05:21:34
7095,7096,9435,1491,139,3,Trip was okay.,2024-04-22 02:27:07
7097,7098,9437,338,1491,5,"Great driver, very professional!",2023-07-23 00:36:16
7098,7099,9438,1491,1492,3,Got there safely.,2022-10-17 04:08:27
7099,7100,9440,1491,585,5,"Easy pickup, no problems.",2022-02-22 04:59:31
7100,7101,9441,726,1491,5,Very clean car.,2022-08-21 11:35:15
7101,7102,9443,408,1491,3,"Great driver, very professional!",2022-05-18 12:12:02
7102,7103,9445,1491,1574,2,Took a longer route.,2023-06-16 01:50:35
7106,7107,9449,1491,1776,5,"Quick and efficient, thanks!",2023-04-07 13:55:27
7107,7108,9450,1477,1491,4,Super friendly and helpful.,2023-10-14 01:19:31
7108,7109,9451,1472,1491,3,"Smooth ride, on time.",2022-06-10 09:49:16
7109,7110,9452,1491,1288,3,Fine driver.,2023-11-16 14:13:34
7110,7111,9452,1288,1491,4,Very clean car.,2023-11-16 15:36:34
7111,7112,9453,1491,1781,3,Average experience.,2024-06-15 00:58:03
7113,7114,9459,1491,1984,5,"Smooth ride, on time.",2023-05-15 03:04:41
7114,7115,9459,1984,1491,2,Super friendly and helpful.,2023-05-15 02:32:41
7115,7116,9460,1491,1544,3,Got there safely.,2024-05-03 08:55:31
7116,7117,9461,1662,132,5,Fast and safe driver.,2023-12-06 19:33:47
7118,7119,9465,1662,162,4,"Quick and efficient, thanks!",2022-04-09 00:32:11
7119,7120,9465,162,1662,3,Very clean car.,2022-04-09 00:31:11
7120,7121,9466,1662,1812,4,Very courteous driver.,2023-04-22 11:22:43
7121,7122,9468,1662,1724,5,"Great rider, very polite.",2022-03-13 10:54:36
7122,7123,9468,1724,1662,3,Super friendly and helpful.,2022-03-13 10:14:36
7123,7124,9472,1662,782,4,"5 stars, highly recommend!",2022-11-23 09:16:48
7124,7125,9479,1662,1987,4,Loved the music selection!,2022-02-10 20:45:30
7125,7126,9481,1662,187,3,Fine driver.,2023-08-30 09:00:54
7126,7127,9482,1662,1755,3,"OK trip, nothing special.",2023-05-30 14:13:32
7127,7128,9482,1755,1662,4,Super friendly and helpful.,2023-05-30 15:12:32
7128,7129,9483,1662,1183,5,"Great rider, very polite.",2024-02-03 09:46:25
7129,7130,9484,1662,1443,3,Decent experience.,2022-04-16 16:44:29
7130,7131,9484,1443,1662,3,Very clean car.,2022-04-16 18:02:29
7134,7135,9489,119,1662,4,"Excellent service, will ride again.",2022-05-28 07:55:50
7135,7136,9490,1662,789,3,"OK trip, nothing special.",2024-04-25 15:32:52
7136,7137,9490,789,1662,4,"Smooth ride, on time.",2024-04-25 15:52:52
7137,7138,9492,1662,1776,4,"Smooth ride, on time.",2023-09-18 10:02:49
7140,7141,9495,485,1662,4,Very clean car.,2022-05-31 02:31:42
7141,7142,9496,446,1662,3,"Excellent service, will ride again.",2023-05-03 07:15:04
7142,7143,9497,1662,1035,4,"5 stars, highly recommend!",2023-04-17 11:39:18
7143,7144,9504,451,328,3,Trip was okay.,2024-03-10 01:28:22
7144,7145,9504,328,451,4,"Smooth ride, on time.",2024-03-10 01:52:22
7145,7146,9505,451,1606,4,"Perfect trip, no issues.",2022-08-08 15:59:47
7146,7147,9509,451,1605,3,Acceptable ride.,2024-01-16 04:55:01
7150,7151,9516,1438,451,4,"Great driver, very professional!",2024-03-12 22:36:29
7151,7152,9517,451,324,5,Loved the music selection!,2022-05-17 13:23:35
7152,7153,9518,451,1684,4,"Perfect trip, no issues.",2023-12-28 16:06:22
7153,7154,9518,1684,451,4,"Great driver, very professional!",2023-12-28 17:51:22
7154,7155,9520,451,1724,4,"Great rider, very polite.",2023-10-24 08:41:48
7156,7157,9521,451,97,5,"Great driver, very professional!",2023-05-17 04:46:15
7157,7158,9521,97,451,4,"Excellent service, will ride again.",2023-05-17 04:13:15
7158,7159,9523,451,14,4,Fast and safe driver.,2022-03-13 06:00:56
7160,7161,9525,52,451,4,"Smooth ride, on time.",2024-04-13 20:05:10
7162,7163,9530,1162,451,3,"Great driver, very professional!",2023-01-19 20:17:06
7163,7164,9531,104,451,3,"Excellent service, will ride again.",2024-03-31 16:06:24
7164,7165,9532,451,328,3,Acceptable ride.,2023-10-23 16:01:17
7165,7166,9532,328,451,4,Super friendly and helpful.,2023-10-23 16:48:17
7166,7167,9533,446,451,3,"Great driver, very professional!",2024-02-24 12:47:55
7168,7169,9534,376,451,3,"Excellent service, will ride again.",2022-03-28 13:22:30
7170,7171,9537,1371,451,4,Super friendly and helpful.,2022-04-28 22:22:10
7172,7173,9540,1865,451,4,Very clean car.,2024-06-04 12:58:08
7173,7174,9545,451,1471,2,Not very clean.,2024-06-20 21:20:58
7174,7175,9546,55,451,4,Super friendly and helpful.,2022-05-14 08:51:59
7175,7176,9547,451,1084,3,"OK trip, nothing special.",2024-02-18 20:23:40
7177,7178,9552,451,1336,4,"Great driver, very professional!",2023-11-09 14:07:09
7178,7179,9554,1736,451,2,Very clean car.,2022-12-23 05:08:51
7179,7180,9555,451,693,3,Got there safely.,2022-09-11 23:36:09
7181,7182,9556,1853,451,5,"Smooth ride, on time.",2023-12-18 08:04:16
7183,7184,9557,187,451,3,Very clean car.,2022-07-24 16:55:46
7185,7186,9558,1509,451,3,"Excellent service, will ride again.",2022-07-26 13:10:53
7186,7187,9562,451,446,4,"Great rider, very polite.",2024-06-28 10:31:01
7187,7188,9563,1170,451,3,"Excellent service, will ride again.",2022-12-11 04:47:40
7189,7190,9566,451,1105,5,"Easy pickup, no problems.",2023-11-20 16:44:20
7190,7191,9567,451,328,3,Got there safely.,2022-03-29 08:03:18
7191,7192,9567,328,451,5,Very clean car.,2022-03-29 08:27:18
7192,7193,9568,451,1311,5,Very comfortable ride.,2024-01-25 06:24:12
7193,7194,9568,1311,451,3,Super friendly and helpful.,2024-01-25 08:22:12
7194,7195,9569,451,207,3,"OK trip, nothing special.",2022-09-04 02:50:26
7195,7196,9569,207,451,2,Very clean car.,2022-09-04 05:34:26
7198,7199,9573,451,446,4,"Smooth ride, on time.",2023-12-23 18:02:13
7200,7201,9576,451,1812,2,Took too long.,2023-10-17 19:38:57
7201,7202,9576,1812,451,2,"Excellent service, will ride again.",2023-10-17 21:19:57
7202,7203,9577,451,1343,4,Loved the music selection!,2022-05-03 09:06:15
7203,7204,9578,451,469,4,"Easy pickup, no problems.",2024-04-30 15:39:18
7204,7205,9578,469,451,3,Super friendly and helpful.,2024-04-30 15:47:18
7205,7206,9579,451,705,5,Car was spotless.,2024-02-02 13:05:18
7206,7207,9580,451,271,4,Loved the music selection!,2022-05-20 00:18:06
7207,7208,9581,131,451,3,Super friendly and helpful.,2023-12-28 09:58:15
7208,7209,9583,451,726,3,Nothing to complain about.,2023-03-08 11:42:09
7209,7210,9583,726,451,3,"Smooth ride, on time.",2023-03-08 13:11:09
7211,7212,9585,468,932,5,Fast and safe driver.,2022-12-19 19:01:17
7215,7216,9588,1956,468,3,"Smooth ride, on time.",2023-04-09 15:28:36
7217,7218,9592,1504,318,3,"OK trip, nothing special.",2023-10-13 11:48:24
7219,7220,9593,779,1504,4,"Excellent service, will ride again.",2022-08-24 08:15:50
7220,7221,9594,1504,1243,4,"5 stars, highly recommend!",2022-03-20 23:39:22
7221,7222,9595,1941,1504,4,"Excellent service, will ride again.",2023-08-08 20:48:32
7222,7223,9596,1504,1947,4,Very courteous driver.,2022-11-29 12:06:29
7224,7225,9598,1100,1504,2,Very clean car.,2023-09-15 16:44:31
7225,7226,9600,1504,1026,4,"Easy pickup, no problems.",2023-03-17 04:16:41
7226,7227,9600,1026,1504,3,Super friendly and helpful.,2023-03-17 04:41:41
7230,7231,9605,1504,1336,4,"Easy pickup, no problems.",2023-03-23 18:19:44
7231,7232,9609,408,1504,4,"Great driver, very professional!",2023-07-16 06:30:05
7232,7233,9610,1504,1413,3,Got there safely.,2024-01-18 16:34:05
7233,7234,9611,1504,1713,5,"Great rider, very polite.",2023-02-12 09:43:49
7234,7235,9611,1713,1504,2,"Smooth ride, on time.",2023-02-12 09:52:49
7236,7237,9613,1504,434,4,Very comfortable ride.,2022-01-25 11:50:36
7240,7241,9616,898,432,3,Very clean car.,2022-07-05 13:14:47
7242,7243,9618,15,432,3,"Great driver, very professional!",2024-06-02 05:31:31
7243,7244,9619,838,728,5,"Easy pickup, no problems.",2023-11-29 22:39:13
7244,7245,9620,838,1286,5,"Excellent service, will ride again.",2024-06-17 15:09:15
7247,7248,9623,838,1472,4,"Perfect trip, no issues.",2023-03-01 01:55:13
7249,7250,9624,290,1355,4,"5 stars, highly recommend!",2023-05-26 10:43:12
7252,7253,9626,1196,290,5,Very clean car.,2023-12-01 12:43:16
7254,7255,9628,290,1853,4,Very clean car.,2023-10-31 20:45:02
7255,7256,9631,1943,1739,3,Trip was okay.,2024-03-22 06:14:15
7256,7257,9632,1943,1983,4,"Perfect trip, no issues.",2023-01-06 04:31:01
7257,7258,9632,1983,1943,4,"Great driver, very professional!",2023-01-06 04:40:01
7258,7259,9634,1943,1752,4,Fast and safe driver.,2024-01-22 01:20:49
7259,7260,9636,1943,969,3,Decent experience.,2022-01-25 21:35:48
7260,7261,9637,187,1943,2,"Great driver, very professional!",2022-08-30 13:29:39
7261,7262,9641,804,647,4,"Easy pickup, no problems.",2022-03-21 05:43:18
7262,7263,9641,647,804,3,Very clean car.,2022-03-21 05:12:18
7264,7265,9643,804,643,3,Fine driver.,2024-06-27 03:31:36
7267,7268,9649,804,1267,4,"Quick and efficient, thanks!",2024-03-06 00:18:43
7269,7270,9652,388,1497,5,"Quick and efficient, thanks!",2023-04-15 03:35:18
7272,7273,9654,1981,388,5,"Smooth ride, on time.",2022-06-16 12:47:19
7273,7274,9656,1400,700,3,"Great driver, very professional!",2022-01-19 06:19:57
7275,7276,9657,929,1845,4,"Great driver, very professional!",2024-06-16 15:34:38
7276,7277,9659,371,645,5,"Quick and efficient, thanks!",2023-05-11 15:13:01
7277,7278,9660,371,1651,5,Car was spotless.,2024-06-09 16:28:28
7278,7279,9661,229,371,3,Very clean car.,2024-02-20 06:42:53
7280,7281,9666,1131,371,5,"Excellent service, will ride again.",2022-02-06 03:50:52
7286,7287,9675,1085,1999,5,"Perfect trip, no issues.",2022-03-16 02:49:58
7288,7289,9678,1759,14,4,Very clean car.,2022-02-27 05:34:57
7289,7290,9678,14,1759,4,"Smooth ride, on time.",2022-02-27 05:40:57
7291,7292,9682,1949,199,4,Very comfortable ride.,2023-11-07 08:59:43
7293,7294,9684,1949,564,4,"Quick and efficient, thanks!",2023-06-26 10:21:05
7294,7295,9685,15,1949,2,"Excellent service, will ride again.",2022-11-28 16:00:11
7295,7296,9686,1949,125,2,Rough driving.,2023-02-01 14:16:10
7296,7297,9688,920,1949,2,"Smooth ride, on time.",2022-05-07 22:57:41
7299,7300,9693,1995,1949,4,Super friendly and helpful.,2022-01-14 02:59:25
7302,7303,9696,1044,1949,2,"Excellent service, will ride again.",2023-06-08 11:02:03
7305,7306,9701,833,1949,4,"Excellent service, will ride again.",2022-09-23 09:38:27
7306,7307,9705,562,1356,4,"Smooth ride, on time.",2023-10-07 11:25:54
7307,7308,9709,1291,439,4,"Great rider, very polite.",2023-05-07 18:04:49
7308,7309,9709,439,1291,3,"Great driver, very professional!",2023-05-07 18:56:49
7310,7311,9711,1037,1841,4,Loved the music selection!,2022-10-10 20:56:06
7312,7313,9719,1405,1134,3,Nothing to complain about.,2022-10-21 02:11:39
7313,7314,9720,454,408,4,"Great driver, very professional!",2024-03-04 11:37:30
7314,7315,9721,363,1984,3,Got there safely.,2023-04-28 13:29:16
7315,7316,9724,1865,1583,3,Super friendly and helpful.,2022-06-27 20:46:38
7317,7318,9727,1583,647,4,Loved the music selection!,2023-09-30 16:44:15
7318,7319,9727,647,1583,5,Super friendly and helpful.,2023-09-30 17:12:15
7321,7322,9731,1532,1583,4,"Smooth ride, on time.",2022-07-16 23:54:20
7323,7324,9733,959,1583,3,"Smooth ride, on time.",2023-02-12 23:54:50
7324,7325,9734,1583,52,3,Got there safely.,2022-08-20 02:28:47
7325,7326,9735,1583,1286,3,Decent experience.,2024-03-17 12:57:23
7327,7328,9736,1991,1583,3,"Excellent service, will ride again.",2023-12-11 21:38:11
7328,7329,9738,1739,1583,4,"Excellent service, will ride again.",2022-09-14 10:05:59
7329,7330,9740,1583,1041,5,"5 stars, highly recommend!",2023-06-05 22:54:05
7330,7331,9741,248,1583,4,"Smooth ride, on time.",2022-10-19 12:38:49
7331,7332,9743,1583,1011,3,Trip was okay.,2022-04-07 05:24:30
7332,7333,9744,1583,602,3,Average experience.,2023-06-18 13:05:07
7336,7337,9751,1293,1583,2,"Smooth ride, on time.",2022-05-14 04:45:08
7337,7338,9752,1583,1380,5,"Great driver, very professional!",2023-12-18 05:57:13
7339,7340,9755,891,1583,4,"Great driver, very professional!",2024-04-09 16:31:39
7340,7341,9756,1583,1248,4,Super friendly and helpful.,2022-02-28 11:29:18
7344,7345,9760,1828,1583,3,"Great driver, very professional!",2023-03-02 05:18:18
7345,7346,9761,1044,1583,5,Very clean car.,2024-06-02 07:13:41
7346,7347,9764,1583,62,1,Car smelled bad.,2024-01-19 13:07:04
7347,7348,9764,62,1583,4,Very clean car.,2024-01-19 12:06:04
7349,7350,9767,1583,1555,4,Very clean car.,2022-11-12 19:43:00
7351,7352,9769,1583,194,4,"5 stars, highly recommend!",2022-10-17 09:35:07
7352,7353,9769,194,1583,4,"Excellent service, will ride again.",2022-10-17 08:28:07
7353,7354,9772,1991,1583,3,"Smooth ride, on time.",2022-08-03 12:24:55
7355,7356,9774,158,494,4,"Great rider, very polite.",2024-04-27 21:42:13
7358,7359,9778,158,351,3,"OK trip, nothing special.",2023-01-30 04:06:03
7359,7360,9778,351,158,5,"Smooth ride, on time.",2023-01-30 03:02:03
7360,7361,9781,158,324,5,Loved the music selection!,2022-02-02 06:12:01
7362,7363,9783,1562,158,3,"Smooth ride, on time.",2023-09-26 11:53:00
7363,7364,9784,158,929,5,Super friendly and helpful.,2022-06-06 20:50:01
7364,7365,9786,235,158,3,"Smooth ride, on time.",2023-08-11 05:32:49
7366,7367,9788,158,919,5,"Perfect trip, no issues.",2023-04-15 22:23:13
7367,7368,9788,919,158,4,Super friendly and helpful.,2023-04-15 21:08:13
7369,7370,9790,201,158,4,"Excellent service, will ride again.",2023-05-20 06:44:47
7372,7373,9793,1181,158,3,"Great driver, very professional!",2022-03-01 02:01:42
7373,7374,9794,158,564,5,"Great driver, very professional!",2022-06-18 09:56:28
7374,7375,9795,158,1243,5,"Excellent service, will ride again.",2023-11-16 11:54:10
7376,7377,9796,1091,158,3,"Smooth ride, on time.",2022-07-24 14:35:03
7377,7378,9798,158,125,3,Got there safely.,2023-07-08 21:54:44
7379,7380,9800,777,158,3,Very clean car.,2022-07-02 04:42:17
7381,7382,9802,194,158,2,Very clean car.,2024-06-12 21:02:33
7382,7383,9807,393,158,4,"Excellent service, will ride again.",2023-10-15 07:29:32
7384,7385,9809,1373,158,4,Very clean car.,2022-05-07 09:09:06
7386,7387,9812,158,1023,3,Average experience.,2023-01-08 23:52:51
7387,7388,9812,1023,158,3,"Excellent service, will ride again.",2023-01-09 00:49:51
7388,7389,9813,158,66,4,"Great rider, very polite.",2022-06-06 10:43:57
7390,7391,9817,1131,158,3,"Great driver, very professional!",2023-01-19 22:47:00
7392,7393,9818,1162,158,3,"Excellent service, will ride again.",2024-02-01 20:56:11
7395,7396,9824,158,1331,4,"Great rider, very polite.",2022-10-06 07:51:31
7396,7397,9825,158,1461,5,Very clean car.,2023-03-29 17:15:52
7397,7398,9826,158,1700,4,Very clean car.,2022-04-11 03:17:53
7398,7399,9828,158,2,4,Super friendly and helpful.,2022-08-19 12:47:45
7399,7400,9829,748,1797,5,"Excellent service, will ride again.",2024-03-05 01:02:08
7402,7403,9833,1830,1797,3,"Excellent service, will ride again.",2024-06-21 04:35:14
7403,7404,9835,1797,89,4,"Great rider, very polite.",2023-08-31 03:37:33
7405,7406,9837,1797,1983,4,Car was spotless.,2022-09-07 07:28:22
7408,7409,9843,748,1797,3,"Smooth ride, on time.",2023-09-10 14:14:42
7410,7411,9845,1797,323,4,"Perfect trip, no issues.",2023-08-10 22:34:34
7412,7413,9846,553,1797,3,Very clean car.,2024-06-04 15:22:08
7413,7414,9847,1797,1894,2,Had trouble finding the pickup spot.,2024-05-02 03:54:59
7414,7415,9848,1797,1196,2,Driver was late.,2022-12-24 18:22:35
7416,7417,9855,882,1207,5,"5 stars, highly recommend!",2023-02-10 20:02:11
7417,7418,9856,882,15,5,"Easy pickup, no problems.",2024-01-08 11:38:08
7418,7419,9857,882,1472,4,"Smooth ride, on time.",2023-10-17 15:06:56
7419,7420,9859,882,194,4,"Smooth ride, on time.",2023-02-18 22:42:07
7421,7422,9861,553,882,3,Very clean car.,2022-09-24 23:09:10
7422,7423,9862,882,14,4,Very clean car.,2023-03-10 04:19:58
7423,7424,9863,882,1410,5,Very courteous driver.,2022-02-16 03:09:37
7425,7426,9864,452,882,3,"Smooth ride, on time.",2022-07-27 14:56:22
7428,7429,9866,882,235,4,"Quick and efficient, thanks!",2022-11-05 11:19:34
7429,7430,9867,882,1965,2,Driver was rude.,2023-09-29 17:00:34
7430,7431,9867,1965,882,3,"Great driver, very professional!",2023-09-29 16:48:34
7431,7432,9868,882,1400,3,Fine driver.,2024-01-20 08:00:16
7432,7433,9869,882,202,4,"Perfect trip, no issues.",2024-05-07 07:05:19
7433,7434,9869,202,882,4,Super friendly and helpful.,2024-05-07 09:34:19
7434,7435,9874,882,488,4,Super friendly and helpful.,2022-04-01 02:30:04
7435,7436,9874,488,882,4,"Smooth ride, on time.",2022-04-01 03:39:04
7436,7437,9875,882,1044,4,Car was spotless.,2022-07-07 07:49:16
7437,7438,9875,1044,882,4,"Excellent service, will ride again.",2022-07-07 08:12:16
7439,7440,9877,882,1394,3,Average experience.,2022-03-04 07:15:33
7440,7441,9877,1394,882,3,"Great driver, very professional!",2022-03-04 07:54:33
7444,7445,9882,882,920,4,"Great rider, very polite.",2023-11-22 06:50:21
7446,7447,9884,1825,882,3,Super friendly and helpful.,2024-05-09 01:50:50
7449,7450,9888,1999,882,4,"Smooth ride, on time.",2023-07-02 00:06:22
7454,7455,9895,882,1310,3,Nothing to complain about.,2024-02-13 16:58:46
7456,7457,9901,882,66,3,"OK trip, nothing special.",2022-08-06 06:55:46
7457,7458,9902,882,1558,3,Acceptable ride.,2023-03-26 01:27:30
7458,7459,9904,882,1948,4,"Excellent service, will ride again.",2023-01-29 13:10:05
7459,7460,9904,1948,882,3,Very clean car.,2023-01-29 14:11:05
7460,7461,9906,882,1562,5,"Quick and efficient, thanks!",2022-12-23 22:23:52
7463,7464,9910,271,882,5,Very clean car.,2022-03-24 08:48:09
7464,7465,9911,643,882,3,"Smooth ride, on time.",2024-02-24 00:18:29
7465,7466,9914,882,1135,4,"Excellent service, will ride again.",2023-03-21 20:33:54
7469,7470,9921,882,1427,3,Fine driver.,2023-10-10 05:48:36
7470,7471,9922,882,1984,4,"Easy pickup, no problems.",2024-04-30 11:21:42
7471,7472,9922,1984,882,4,"Great driver, very professional!",2024-04-30 13:35:42
7472,7473,9924,882,643,4,Very courteous driver.,2022-06-12 08:28:19
7475,7476,9928,882,1438,3,Fine driver.,2022-10-11 13:32:11
7477,7478,9930,882,664,3,Average experience.,2023-10-25 00:06:51
7479,7480,9931,1933,882,3,"Great driver, very professional!",2023-02-07 11:54:35
7480,7481,9934,882,570,5,Super friendly and helpful.,2024-05-29 10:39:24
7481,7482,9935,882,1828,4,"Great rider, very polite.",2024-06-15 01:01:11
7482,7483,9936,882,986,4,"Smooth ride, on time.",2023-10-04 18:55:46
7483,7484,9936,986,882,4,"Excellent service, will ride again.",2023-10-04 20:36:46
7486,7487,9940,882,1548,4,"Smooth ride, on time.",2023-12-02 10:22:58
7487,7488,9942,1430,268,2,Super friendly and helpful.,2022-08-16 08:30:23
7490,7491,9945,1361,645,5,"Quick and efficient, thanks!",2023-12-07 03:59:10
7491,7492,9946,1361,608,4,Very clean car.,2022-09-07 04:09:02
7492,7493,9948,1104,918,5,"Great driver, very professional!",2023-07-28 13:30:40
7495,7496,9951,1841,396,3,Very clean car.,2023-08-19 16:23:26
7499,7500,9960,1562,396,4,Very clean car.,2023-04-24 19:55:08
7500,7501,9961,396,1088,3,Decent experience.,2022-11-25 06:15:56
7502,7503,9963,977,396,3,Very clean car.,2023-08-08 09:25:30
7503,7504,9964,396,324,5,"Great driver, very professional!",2023-05-25 13:19:11
7506,7507,9974,396,1293,3,Acceptable ride.,2024-02-02 11:43:58
7507,7508,9976,396,229,5,Car was spotless.,2022-06-28 00:15:46
7508,7509,9976,229,396,3,"Excellent service, will ride again.",2022-06-27 22:45:46
7509,7510,9978,396,1544,5,"Great rider, very polite.",2023-03-19 23:22:28
7510,7511,9980,396,1828,5,Very courteous driver.,2023-06-23 22:20:23
7512,7513,9983,693,396,3,"Great driver, very professional!",2023-10-25 14:01:22
7513,7514,9984,396,1890,4,Loved the music selection!,2023-03-11 22:09:14
7514,7515,9985,396,959,4,"Quick and efficient, thanks!",2024-02-11 21:17:22
7516,7517,9987,396,179,4,Loved the music selection!,2023-04-17 08:35:08
7517,7518,9987,179,396,3,"Smooth ride, on time.",2023-04-17 07:15:08
7518,7519,9988,396,645,4,Super friendly and helpful.,2024-04-17 00:38:18
7520,7521,9990,1221,396,3,Super friendly and helpful.,2023-05-21 13:33:50
7522,7523,9991,187,396,4,"Smooth ride, on time.",2023-07-16 08:43:08
7525,7526,9996,282,1461,3,Average experience.,2022-11-17 21:13:30
7526,7527,10000,1999,1766,3,"Smooth ride, on time.",2024-02-08 11:39:44
7527,7528,10003,1301,1766,3,"Excellent service, will ride again.",2023-06-08 15:54:06
7528,7529,10005,1766,1427,5,Super friendly and helpful.,2022-10-29 00:19:24
7529,7530,10006,319,1766,2,Very clean car.,2022-11-14 02:08:18
7531,7532,10009,1928,1243,4,"Great rider, very polite.",2022-10-05 10:14:09
7532,7533,10010,1928,1461,4,Super friendly and helpful.,2022-12-14 12:33:47
7533,7534,10010,1461,1928,3,Super friendly and helpful.,2022-12-14 11:31:47
7535,7536,10014,5,1928,3,Super friendly and helpful.,2024-05-29 19:41:55
7538,7539,10017,1928,439,3,Acceptable ride.,2023-02-10 01:59:28
7540,7541,10018,1170,1928,3,Very clean car.,2022-12-09 18:13:39
7541,7542,10020,1764,1928,4,"Great driver, very professional!",2022-04-16 17:29:17
7542,7543,10021,1928,258,3,Got there safely.,2023-02-26 22:57:47
7545,7546,10023,334,1928,3,"Great driver, very professional!",2023-03-04 12:45:14
7546,7547,10025,1928,55,5,Very courteous driver.,2022-07-28 12:03:49
7547,7548,10025,55,1928,3,Super friendly and helpful.,2022-07-28 12:25:49
7548,7549,10027,374,878,3,Average experience.,2024-03-22 23:08:37
7549,7550,10028,374,1139,3,Nothing to complain about.,2023-12-31 22:53:34
7550,7551,10030,1174,1331,3,Average experience.,2022-05-21 05:11:29
7552,7553,10032,1181,1174,3,"Excellent service, will ride again.",2022-09-09 08:11:54
7554,7555,10033,969,1369,4,"Great driver, very professional!",2022-03-14 17:56:46
7556,7557,10034,564,1369,2,"Great driver, very professional!",2022-09-14 16:06:27
7557,7558,10038,1564,1369,2,"Smooth ride, on time.",2022-06-15 20:24:43
7559,7560,10039,1548,1369,5,"Excellent service, will ride again.",2024-04-30 11:55:32
7570,7571,10061,1077,867,4,"Great rider, very polite.",2024-05-31 11:38:02
7571,7572,10063,1077,2,5,Fast and safe driver.,2023-04-17 08:11:14
7573,7574,10065,1077,1400,5,Loved the music selection!,2022-08-31 09:38:11
7575,7576,10068,1077,1981,3,Got there safely.,2022-06-10 00:31:16
7576,7577,10069,1814,1077,3,Super friendly and helpful.,2022-03-27 19:59:40
7577,7578,10070,1077,647,4,"Perfect trip, no issues.",2024-01-07 11:51:59
7579,7580,10078,997,1077,4,"Smooth ride, on time.",2024-01-01 23:05:52
7581,7582,10083,1077,430,5,Fast and safe driver.,2023-11-13 04:21:42
7582,7583,10083,430,1077,2,Super friendly and helpful.,2023-11-13 05:44:42
7583,7584,10085,1077,1472,5,"Perfect trip, no issues.",2022-09-16 09:50:30
7587,7588,10090,1286,1077,3,"Great driver, very professional!",2022-04-04 00:56:51
7588,7589,10092,1077,941,4,"5 stars, highly recommend!",2022-02-24 07:23:08
7591,7592,10094,1286,1077,3,"Smooth ride, on time.",2023-12-25 13:31:37
7592,7593,10095,1077,1099,4,"Easy pickup, no problems.",2023-11-09 21:04:39
7594,7595,10098,1077,1853,3,Average experience.,2022-08-03 17:32:59
7595,7596,10100,1739,1077,3,"Excellent service, will ride again.",2022-01-14 14:35:10
7598,7599,10103,1077,1131,4,Car was spotless.,2023-02-01 23:24:06
7600,7601,10107,1077,1830,3,Nothing to complain about.,2023-05-14 09:22:28
7601,7602,10107,1830,1077,3,"Great driver, very professional!",2023-05-14 09:00:28
7607,7608,10119,1077,2,5,Very courteous driver.,2022-10-30 18:32:37
7608,7609,10120,1077,1170,4,"Excellent service, will ride again.",2023-10-11 02:20:43
7609,7610,10121,248,1077,3,"Excellent service, will ride again.",2022-11-19 23:43:37
7611,7612,10125,1292,389,3,"OK trip, nothing special.",2023-09-14 03:20:43
7612,7613,10125,389,1292,5,Super friendly and helpful.,2023-09-14 05:08:43
7614,7615,10129,1217,1105,5,Super friendly and helpful.,2024-02-20 02:18:45
7615,7616,10129,1105,1217,4,"Excellent service, will ride again.",2024-02-20 02:05:45
7616,7617,10131,826,146,4,"Easy pickup, no problems.",2023-10-29 11:59:51
7619,7620,10133,1916,1981,4,"Easy pickup, no problems.",2024-04-23 15:05:29
7620,7621,10134,1916,1302,5,Loved the music selection!,2024-01-18 16:24:55
7622,7623,10138,1607,1916,4,Super friendly and helpful.,2023-02-18 04:39:06
7623,7624,10140,1916,645,5,"Perfect trip, no issues.",2022-08-29 07:28:01
7624,7625,10142,1916,1427,3,Nothing to complain about.,2022-10-22 06:45:48
7627,7628,10149,1916,1492,5,"Great driver, very professional!",2024-05-05 05:41:24
7630,7631,10153,861,1826,4,Car was spotless.,2023-08-17 08:00:06
7631,7632,10156,757,920,3,"OK trip, nothing special.",2023-09-19 22:18:19
7633,7634,10159,1937,757,3,"Great driver, very professional!",2024-04-08 10:11:40
7635,7636,10164,950,52,5,"Perfect trip, no issues.",2023-01-27 20:59:19
7636,7637,10167,1562,950,3,"Great driver, very professional!",2023-06-28 02:43:09
7637,7638,10168,950,1438,3,Fine driver.,2022-07-16 17:17:49
7638,7639,10168,1438,950,3,Very clean car.,2022-07-16 17:02:49
7639,7640,10169,950,1310,3,Got there safely.,2023-01-04 06:23:21
7641,7642,10173,950,1040,4,"Smooth ride, on time.",2024-06-26 20:05:27
7642,7643,10175,950,759,3,Nothing to complain about.,2024-06-08 08:47:38
7643,7644,10175,759,950,3,Super friendly and helpful.,2024-06-08 09:42:38
7648,7649,10180,224,904,3,"Smooth ride, on time.",2022-01-27 14:28:29
7649,7650,10181,1437,904,1,"Smooth ride, on time.",2023-11-15 07:46:02
7650,7651,10182,472,904,4,Super friendly and helpful.,2023-05-21 23:33:47
7651,7652,10183,477,904,3,"Excellent service, will ride again.",2022-12-08 18:22:23
7652,7653,10184,904,14,3,Trip was okay.,2023-11-14 05:24:33
7653,7654,10185,1981,904,3,"Great driver, very professional!",2022-04-12 20:31:33
7655,7656,10189,1693,904,4,"Great driver, very professional!",2023-09-26 22:16:58
7657,7658,10190,643,904,4,Super friendly and helpful.,2022-09-02 03:57:15
7658,7659,10191,461,904,4,Super friendly and helpful.,2023-02-19 11:19:37
7659,7660,10192,904,1352,3,Fine driver.,2024-01-26 09:04:48
7660,7661,10193,293,904,4,"Smooth ride, on time.",2022-04-16 08:55:28
7661,7662,10194,904,1640,4,"Quick and efficient, thanks!",2024-03-19 12:17:43
7662,7663,10197,904,891,4,"Great driver, very professional!",2023-04-21 06:33:04
7663,7664,10197,891,904,2,"Great driver, very professional!",2023-04-21 08:33:04
7664,7665,10199,1550,121,3,Fine driver.,2022-10-27 18:30:08
7665,7666,10202,63,450,3,Average experience.,2023-10-29 06:25:04
7667,7668,10205,1397,1398,3,"Excellent service, will ride again.",2023-02-19 09:51:56
7668,7669,10211,1398,664,3,Got there safely.,2023-03-31 03:54:46
7669,7670,10212,1605,1398,4,"Smooth ride, on time.",2023-04-20 23:58:11
7670,7671,10214,1371,1398,4,"Smooth ride, on time.",2023-12-25 22:42:05
7676,7677,10221,1035,1398,3,"Excellent service, will ride again.",2024-03-18 13:00:12
7677,7678,10222,1398,1210,3,Nothing to complain about.,2022-02-03 14:26:11
7679,7680,10226,1398,1869,3,Average experience.,2023-05-10 18:28:40
7680,7681,10227,1398,1026,5,Fast and safe driver.,2023-04-17 20:59:18
7681,7682,10228,1398,1477,4,"Excellent service, will ride again.",2022-08-10 13:10:33
7683,7684,10230,834,1398,3,Super friendly and helpful.,2022-04-12 22:37:45
7684,7685,10236,1398,1248,4,Fast and safe driver.,2022-05-20 21:05:18
7685,7686,10239,763,585,5,"Easy pickup, no problems.",2022-04-06 17:17:47
7686,7687,10242,763,1653,3,Trip was okay.,2023-11-04 19:34:37
7689,7690,10248,147,605,3,"Great driver, very professional!",2023-09-13 07:43:10
7690,7691,10250,52,605,3,"Excellent service, will ride again.",2023-12-21 01:58:06
7691,7692,10251,1653,605,4,Very clean car.,2023-04-05 21:23:59
7693,7694,10253,605,1653,3,"OK trip, nothing special.",2023-08-03 08:42:00
7697,7698,10258,605,430,4,"Quick and efficient, thanks!",2023-12-27 12:02:00
7699,7700,10260,164,605,3,"Great driver, very professional!",2023-07-14 10:54:47
7700,7701,10261,605,1947,4,Very courteous driver.,2024-02-11 03:22:28
7703,7704,10263,605,1343,5,"Quick and efficient, thanks!",2023-07-23 18:55:45
7704,7705,10264,605,1984,3,Acceptable ride.,2022-03-18 11:09:07
7705,7706,10264,1984,605,3,"Excellent service, will ride again.",2022-03-18 11:12:07
7706,7707,10267,605,1227,4,"Great rider, very polite.",2024-05-03 22:32:08
7707,7708,10269,605,1352,5,Super friendly and helpful.,2023-03-05 01:20:01
7708,7709,10269,1352,605,4,"Great driver, very professional!",2023-03-05 01:42:01
7709,7710,10270,605,1547,4,"Great driver, very professional!",2022-11-24 14:25:25
7714,7715,10284,605,351,5,"Great driver, very professional!",2023-05-04 07:01:12
7715,7716,10287,605,136,3,Got there safely.,2022-04-04 12:56:40
7719,7720,10292,605,585,4,"Quick and efficient, thanks!",2023-12-29 14:08:54
7720,7721,10292,585,605,2,"Smooth ride, on time.",2023-12-29 15:19:54
7721,7722,10295,643,605,4,"Smooth ride, on time.",2023-04-25 19:18:42
7722,7723,10296,605,1403,2,Rough driving.,2023-09-20 20:20:19
7723,7724,10297,605,44,4,"Smooth ride, on time.",2023-07-30 12:07:03
7724,7725,10297,44,605,3,"Great driver, very professional!",2023-07-30 12:15:03
7726,7727,10299,571,605,3,Very clean car.,2022-01-08 12:26:27
7728,7729,10300,929,605,3,Very clean car.,2023-09-11 16:07:33
7731,7732,10302,448,605,5,"Smooth ride, on time.",2023-06-21 00:08:01
7733,7734,10304,605,1091,5,"5 stars, highly recommend!",2023-06-06 18:39:43
7734,7735,10305,605,1394,4,"Great driver, very professional!",2023-09-29 20:53:03
7736,7737,10307,1975,605,3,Super friendly and helpful.,2023-08-14 19:14:40
7737,7738,10309,338,605,3,"Smooth ride, on time.",2024-06-16 10:29:04
7739,7740,10311,605,1450,4,"Quick and efficient, thanks!",2023-12-30 07:35:01
7740,7741,10313,605,1243,3,Nothing to complain about.,2024-01-20 04:03:42
7741,7742,10313,1243,605,5,"Excellent service, will ride again.",2024-01-20 03:35:42
7742,7743,10314,605,1790,4,"Excellent service, will ride again.",2023-11-07 04:58:55
7745,7746,10317,194,605,4,Super friendly and helpful.,2023-01-24 11:00:00
7746,7747,10318,602,605,4,"Great driver, very professional!",2022-03-14 01:58:10
7747,7748,10319,605,1853,4,Very comfortable ride.,2023-06-08 04:20:40
7748,7749,10319,1853,605,3,"Great driver, very professional!",2023-06-08 04:03:40
7750,7751,10322,605,450,3,"OK trip, nothing special.",2022-06-14 04:46:09
7752,7753,10323,932,605,4,"Excellent service, will ride again.",2024-06-17 02:03:16
7755,7756,10325,319,605,4,"Excellent service, will ride again.",2022-08-27 23:32:32
7756,7757,10326,44,605,4,"Great driver, very professional!",2022-01-06 17:57:15
7757,7758,10327,605,728,3,Average experience.,2022-12-21 14:10:39
7758,7759,10330,605,1482,4,"Great rider, very polite.",2022-04-11 05:49:12
7759,7760,10332,1830,605,3,"Smooth ride, on time.",2023-09-23 20:59:09
7760,7761,10333,605,1548,3,Decent experience.,2023-10-24 12:51:40
7761,7762,10335,605,1781,3,Fine driver.,2022-06-29 02:46:52
7762,7763,10336,605,1713,3,Got there safely.,2023-08-29 13:24:01
7763,7764,10337,605,1281,5,"Great driver, very professional!",2022-04-19 02:00:06
7768,7769,10342,171,825,4,Car was spotless.,2022-02-23 10:26:39
7769,7770,10342,825,171,3,"Excellent service, will ride again.",2022-02-23 10:25:39
7770,7771,10345,171,1479,5,Very comfortable ride.,2024-02-15 02:30:55
7771,7772,10347,1649,171,4,Super friendly and helpful.,2022-12-24 04:05:43
7774,7775,10351,171,1187,3,Fine driver.,2022-01-20 02:46:05
7776,7777,10354,171,544,3,Fine driver.,2022-05-09 07:44:36
7779,7780,10360,252,40,3,Got there safely.,2023-06-24 03:45:02
7780,7781,10361,24,252,3,"Excellent service, will ride again.",2024-01-08 13:40:19
7782,7783,10367,252,868,4,"Smooth ride, on time.",2024-06-22 13:04:40
7785,7786,10369,585,252,4,"Excellent service, will ride again.",2023-10-25 16:35:47
7787,7788,10371,104,252,3,"Smooth ride, on time.",2022-07-27 12:11:28
7790,7791,10376,252,1558,2,Rough driving.,2023-08-05 15:47:23
7791,7792,10377,252,570,5,"Great driver, very professional!",2022-04-27 20:35:51
7792,7793,10377,570,252,3,Very clean car.,2022-04-27 21:00:51
7794,7795,10380,252,224,3,Decent experience.,2024-02-22 03:00:46
7797,7798,10386,252,1532,4,"Easy pickup, no problems.",2023-02-10 13:35:17
7798,7799,10387,252,1548,4,"Great driver, very professional!",2022-03-11 06:57:28
7799,7800,10388,252,1825,3,Acceptable ride.,2023-04-07 15:08:40
7800,7801,10389,252,1343,4,"Smooth ride, on time.",2024-05-15 18:21:39
7802,7803,10390,1509,252,4,Super friendly and helpful.,2023-08-03 23:06:43
7804,7805,10391,1776,252,4,Very clean car.,2022-04-16 09:33:38
7806,7807,10394,252,825,4,Very comfortable ride.,2022-10-20 06:27:19
7807,7808,10396,5,252,2,"Excellent service, will ride again.",2023-12-10 23:15:24
7809,7810,10397,351,252,3,"Excellent service, will ride again.",2023-05-11 19:50:50
7811,7812,10401,1336,252,3,"Great driver, very professional!",2022-12-11 22:52:32
7813,7814,10403,252,65,5,Car was spotless.,2022-08-08 07:21:57
7814,7815,10404,252,1764,4,Car was spotless.,2022-01-13 19:50:02
7815,7816,10404,1764,252,3,"Excellent service, will ride again.",2022-01-13 21:44:02
7816,7817,10407,252,1104,4,Super friendly and helpful.,2022-02-21 07:26:30
7819,7820,10411,693,1421,5,"Excellent service, will ride again.",2022-10-01 18:23:37
7820,7821,10412,1421,748,5,"Easy pickup, no problems.",2023-12-30 11:03:03
7821,7822,10412,748,1421,3,Very clean car.,2023-12-30 12:18:03
7822,7823,10415,1421,334,4,"Great rider, very polite.",2022-11-08 12:15:02
7823,7824,10416,1421,1206,5,"Great rider, very polite.",2023-12-28 08:50:39
7824,7825,10416,1206,1421,2,"Excellent service, will ride again.",2023-12-28 08:26:39
7825,7826,10417,1421,1198,5,"5 stars, highly recommend!",2023-09-25 14:54:14
7826,7827,10418,1421,207,3,Decent experience.,2022-10-09 17:47:12
7827,7828,10418,207,1421,3,"Great driver, very professional!",2022-10-09 18:36:12
7828,7829,10420,1955,1421,3,"Great driver, very professional!",2023-08-08 15:42:10
7829,7830,10422,1956,1421,3,Super friendly and helpful.,2024-05-06 21:51:31
7830,7831,10423,1421,1948,4,"Great rider, very polite.",2024-02-23 07:51:06
7833,7834,10428,1421,477,4,Very comfortable ride.,2024-02-01 12:14:29
7834,7835,10429,1421,1105,5,Very clean car.,2023-01-20 21:56:27
7836,7837,10432,1237,978,2,"Great driver, very professional!",2022-01-23 00:45:11
7837,7838,10433,978,878,5,Very clean car.,2022-09-04 01:17:38
7838,7839,10435,978,693,4,Loved the music selection!,2022-01-09 17:17:06
7839,7840,10435,693,978,4,Very clean car.,2022-01-09 18:40:06
7841,7842,10439,131,638,3,"Smooth ride, on time.",2022-04-09 07:33:26
7843,7844,10441,638,89,2,Not very clean.,2023-05-20 05:36:40
7845,7846,10443,866,638,3,"Excellent service, will ride again.",2022-01-18 02:55:28
7848,7849,10446,5,638,2,Super friendly and helpful.,2023-07-10 03:50:31
7849,7850,10448,638,1548,3,Trip was okay.,2024-01-04 07:18:23
7851,7852,10452,1030,56,3,"Excellent service, will ride again.",2023-06-18 10:57:59
7853,7854,10455,56,502,3,"OK trip, nothing special.",2024-02-05 12:53:17
7856,7857,10459,56,485,5,Very courteous driver.,2023-07-30 10:34:35
7857,7858,10459,485,56,4,"Great driver, very professional!",2023-07-30 10:31:35
7858,7859,10461,56,1956,5,Fast and safe driver.,2024-02-15 14:02:44
7861,7862,10467,56,62,3,Average experience.,2023-10-07 19:38:50
7862,7863,10468,56,1947,4,"5 stars, highly recommend!",2022-03-01 00:58:14
7864,7865,10476,56,502,3,Acceptable ride.,2023-05-13 17:20:50
7866,7867,10479,56,1569,4,"Quick and efficient, thanks!",2024-02-17 21:53:32
7867,7868,10479,1569,56,2,Super friendly and helpful.,2024-02-17 23:19:32
7870,7871,10481,571,56,4,"Great driver, very professional!",2022-06-01 14:54:48
7871,7872,10483,56,1131,5,"5 stars, highly recommend!",2023-07-17 09:05:54
7876,7877,10493,1221,56,3,"Great driver, very professional!",2023-10-30 12:13:07
7877,7878,10497,56,1030,5,"Quick and efficient, thanks!",2023-01-06 07:56:37
7878,7879,10497,1030,56,4,"Great driver, very professional!",2023-01-06 09:58:37
7880,7881,10498,1198,56,3,"Excellent service, will ride again.",2022-07-22 14:43:01
7881,7882,10500,1162,56,4,"Smooth ride, on time.",2023-09-22 06:08:54
7883,7884,10503,56,1955,5,Very clean car.,2023-03-24 11:07:22
7884,7885,10505,56,286,5,Loved the music selection!,2023-08-25 02:32:06
7885,7886,10507,56,225,3,Acceptable ride.,2022-09-28 22:25:27
7886,7887,10508,56,553,5,"Excellent service, will ride again.",2024-01-26 18:51:35
7887,7888,10509,56,1575,4,"Great rider, very polite.",2024-04-20 18:06:24
7888,7889,10510,56,1526,4,"Great rider, very polite.",2022-12-16 19:58:24
7889,7890,10510,1526,56,4,"Smooth ride, on time.",2022-12-16 20:38:24
7890,7891,10511,56,1331,5,Fast and safe driver.,2024-02-13 06:22:54
7891,7892,10512,56,97,4,Super friendly and helpful.,2022-08-21 04:40:48
7894,7895,10520,56,778,4,Super friendly and helpful.,2022-01-08 20:45:15
7895,7896,10520,778,56,3,Very clean car.,2022-01-08 22:26:15
7898,7899,10526,56,1288,4,Fast and safe driver.,2022-12-04 22:03:07
7902,7903,10528,564,56,3,Very clean car.,2022-09-11 03:07:45
7904,7905,10530,56,1937,4,Car was spotless.,2023-08-14 19:11:19
7906,7907,10532,389,56,5,"Smooth ride, on time.",2023-10-06 02:41:50
7908,7909,10535,1575,56,3,"Smooth ride, on time.",2022-08-29 00:48:45
7909,7910,10538,118,56,2,"Excellent service, will ride again.",2024-03-02 09:41:07
7912,7913,10540,878,56,4,Super friendly and helpful.,2022-01-25 02:47:18
7916,7917,10547,56,593,4,"Great rider, very polite.",2022-01-16 23:45:14
7918,7919,10548,56,825,4,"Smooth ride, on time.",2023-04-26 05:18:12
7919,7920,10550,408,56,4,"Excellent service, will ride again.",2024-04-30 04:23:53
7920,7921,10551,56,1100,4,"Excellent service, will ride again.",2023-08-24 15:18:14
7921,7922,10551,1100,56,4,"Smooth ride, on time.",2023-08-24 16:44:14
7922,7923,10552,494,56,3,"Excellent service, will ride again.",2023-12-05 16:20:23
7923,7924,10553,56,229,4,"5 stars, highly recommend!",2024-01-15 20:36:21
7924,7925,10554,1873,515,5,"Great driver, very professional!",2023-10-20 06:45:35
7925,7926,10554,515,1873,3,"Excellent service, will ride again.",2023-10-20 06:55:35
7926,7927,10555,1873,1724,4,"Great driver, very professional!",2022-03-13 23:14:18
7927,7928,10559,1873,142,4,Fast and safe driver.,2023-12-29 12:18:22
7928,7929,10559,142,1873,3,"Excellent service, will ride again.",2023-12-29 13:11:22
7930,7931,10561,1873,44,5,"5 stars, highly recommend!",2022-11-05 12:11:30
7931,7932,10563,1873,146,4,"Perfect trip, no issues.",2023-06-19 03:41:08
7932,7933,10564,1873,1198,5,"Perfect trip, no issues.",2022-09-20 12:49:10
7933,7934,10565,1302,1873,4,Very clean car.,2022-04-27 13:27:43
7935,7936,10570,1105,41,3,Super friendly and helpful.,2022-11-16 17:14:49
7937,7938,10572,41,1134,3,Trip was okay.,2024-04-12 20:19:53
7940,7941,10575,41,118,3,Average experience.,2023-07-26 18:41:40
7943,7944,10578,1881,41,5,"Excellent service, will ride again.",2023-02-01 09:24:17
7944,7945,10580,41,1794,3,Average experience.,2022-05-19 02:07:43
7945,7946,10581,41,1141,4,"Great rider, very polite.",2023-07-05 05:38:08
7946,7947,10582,41,860,4,"Perfect trip, no issues.",2022-10-29 08:44:45
7948,7949,10583,339,41,2,"Excellent service, will ride again.",2022-04-30 16:13:51
7949,7950,10585,41,66,4,Car was spotless.,2024-06-17 11:31:08
7951,7952,10587,1403,41,2,Super friendly and helpful.,2023-07-03 13:58:46
7952,7953,10588,41,742,4,"Easy pickup, no problems.",2023-06-27 14:25:13
7953,7954,10589,235,41,4,"Smooth ride, on time.",2023-05-03 08:27:44
7955,7956,10592,1026,41,3,Super friendly and helpful.,2023-08-01 02:16:43
7956,7957,10593,41,883,5,"Quick and efficient, thanks!",2022-07-07 22:58:28
7957,7958,10593,883,41,4,"Excellent service, will ride again.",2022-07-07 23:47:28
7959,7960,10598,41,549,4,"Smooth ride, on time.",2022-05-17 18:34:03
7960,7961,10599,1776,41,4,"Smooth ride, on time.",2024-03-14 19:41:00
7961,7962,10602,190,41,3,"Excellent service, will ride again.",2024-01-07 12:51:00
7962,7963,10603,1104,41,4,Super friendly and helpful.,2023-04-06 06:48:12
7964,7965,10606,41,1947,4,"Great rider, very polite.",2023-10-16 02:16:31
7965,7966,10606,1947,41,3,Very clean car.,2023-10-16 04:52:31
7966,7967,10609,41,1356,4,Loved the music selection!,2022-04-03 05:53:41
7968,7969,10612,41,1764,4,"Great driver, very professional!",2022-01-18 10:48:53
7970,7971,10613,41,162,5,"5 stars, highly recommend!",2023-02-03 03:13:57
7972,7973,10619,41,818,5,Super friendly and helpful.,2023-01-04 08:36:32
7973,7974,10620,41,1775,4,Very courteous driver.,2022-01-08 04:17:36
7975,7976,10622,502,41,2,"Smooth ride, on time.",2023-07-30 16:31:35
7976,7977,10625,1547,41,4,"Great driver, very professional!",2022-08-26 10:26:14
7977,7978,10626,41,564,5,Super friendly and helpful.,2024-02-19 23:19:45
7981,7982,10632,41,1814,4,"Easy pickup, no problems.",2022-02-03 10:52:47
7982,7983,10633,41,778,3,Got there safely.,2023-04-22 18:12:15
7983,7984,10633,778,41,4,"Excellent service, will ride again.",2023-04-22 19:23:15
7987,7988,10636,452,41,4,Super friendly and helpful.,2022-09-25 06:45:36
7988,7989,10640,1865,41,4,"Excellent service, will ride again.",2022-06-14 12:03:10
7989,7990,10643,41,1288,4,Car was spotless.,2023-12-02 14:05:03
7990,7991,10645,41,957,3,Average experience.,2023-01-17 11:03:26
7991,7992,10646,41,494,4,Loved the music selection!,2023-01-05 02:40:32
7992,7993,10650,41,1044,3,Trip was okay.,2022-04-24 12:15:21
7994,7995,10653,883,41,3,Very clean car.,2022-03-10 20:00:53
7995,7996,10654,41,571,4,Very courteous driver.,2022-04-15 03:29:49
7997,7998,10656,41,1030,4,Loved the music selection!,2023-09-12 21:27:21
7998,7999,10657,41,323,4,"Great rider, very polite.",2023-06-16 02:47:28
7999,8000,10659,690,41,2,"Great driver, very professional!",2024-03-02 07:03:42
8000,8001,10660,41,1561,4,"Easy pickup, no problems.",2022-10-23 17:39:23
8001,8002,10660,1561,41,3,Super friendly and helpful.,2022-10-23 18:32:23
8002,8003,10661,41,119,4,"Smooth ride, on time.",2022-12-28 11:20:40
8003,8004,10664,41,553,5,"Easy pickup, no problems.",2023-08-23 11:02:00
8006,8007,10672,1884,1461,5,"Perfect trip, no issues.",2023-09-28 22:00:11
8007,8008,10673,782,794,3,"Excellent service, will ride again.",2023-12-09 08:15:34
8009,8010,10676,812,647,4,Loved the music selection!,2022-03-28 22:12:42
8010,8011,10676,647,812,2,"Excellent service, will ride again.",2022-03-28 23:01:42
8011,8012,10677,812,1933,3,Average experience.,2022-11-06 00:54:40
8013,8014,10679,577,1328,3,Decent experience.,2022-02-24 07:45:20
8015,8016,10680,577,1739,4,"Perfect trip, no issues.",2023-06-05 17:10:17
8016,8017,10681,577,898,4,"Smooth ride, on time.",2022-04-23 12:04:37
8018,8019,10682,1987,577,4,"Excellent service, will ride again.",2022-03-26 21:42:17
8021,8022,10685,1890,577,4,Very clean car.,2022-07-19 15:05:09
8022,8023,10689,577,995,4,"Easy pickup, no problems.",2022-04-19 01:55:52
8023,8024,10689,995,577,3,Super friendly and helpful.,2022-04-19 03:22:52
8024,8025,10690,577,1100,3,Nothing to complain about.,2024-05-03 18:22:58
8025,8026,10692,1224,199,5,Fast and safe driver.,2022-10-19 20:37:43
8029,8030,10696,877,7,3,Average experience.,2022-04-25 08:59:49
8030,8031,10698,877,1105,4,"Quick and efficient, thanks!",2023-04-29 01:18:50
8031,8032,10701,877,789,4,"Great driver, very professional!",2023-04-04 08:14:00
8032,8033,10701,789,877,3,"Smooth ride, on time.",2023-04-04 10:55:00
8034,8035,10704,877,430,3,Acceptable ride.,2023-04-21 23:05:05
8035,8036,10705,728,877,3,Very clean car.,2024-06-18 05:32:38
8037,8038,10709,877,131,4,Fast and safe driver.,2022-01-29 01:57:20
8038,8039,10709,131,877,3,"Great driver, very professional!",2022-01-29 02:53:20
8041,8042,10714,1308,286,4,Loved the music selection!,2024-01-14 09:04:56
8042,8043,10714,286,1308,3,"Great driver, very professional!",2024-01-14 07:52:56
8044,8045,10717,1404,190,3,Fine driver.,2022-07-07 09:45:11
8045,8046,10718,453,1352,4,Very comfortable ride.,2022-03-25 13:27:42
8046,8047,10718,1352,453,2,"Excellent service, will ride again.",2022-03-25 15:52:42
8047,8048,10720,453,1987,3,Trip was okay.,2023-10-01 04:20:51
8048,8049,10720,1987,453,1,Very clean car.,2023-10-01 05:43:51
8049,8050,10721,453,1198,3,Got there safely.,2023-03-09 02:29:09
8052,8053,10726,1889,1799,2,Very clean car.,2023-06-24 18:09:19
8055,8056,10730,1466,932,4,Fast and safe driver.,2023-01-20 09:07:07
8056,8057,10734,1544,149,3,"Excellent service, will ride again.",2022-05-06 22:56:39
8059,8060,10738,414,256,5,"Great rider, very polite.",2023-08-03 07:56:29
8060,8061,10741,414,1081,4,Very courteous driver.,2022-05-25 07:03:55
8062,8063,10742,1394,414,4,"Excellent service, will ride again.",2023-12-14 23:09:48
8063,8064,10743,414,664,3,Got there safely.,2022-10-23 17:50:48
8064,8065,10746,98,842,3,"OK trip, nothing special.",2022-07-22 22:06:05
8065,8066,10747,98,1301,3,Trip was okay.,2023-05-21 06:02:48
8066,8067,10750,1983,1582,3,"Excellent service, will ride again.",2024-05-31 23:21:14
8068,8069,10752,866,1582,2,"Smooth ride, on time.",2022-02-12 18:50:40
8070,8071,10757,1582,430,4,"Great rider, very polite.",2022-08-04 07:14:44
8072,8073,10763,1582,1386,5,"Excellent service, will ride again.",2022-07-10 03:01:04
8074,8075,10768,1582,1380,5,"Excellent service, will ride again.",2023-08-25 17:27:34
8075,8076,10769,1134,1582,5,"Excellent service, will ride again.",2022-03-05 12:17:37
8076,8077,10770,1658,1582,3,"Smooth ride, on time.",2023-04-06 05:15:48
8078,8079,10771,15,1582,3,Super friendly and helpful.,2024-06-26 22:16:58
8079,8080,10772,1582,1162,4,"Great driver, very professional!",2022-09-18 03:02:24
8080,8081,10772,1162,1582,4,"Excellent service, will ride again.",2022-09-18 03:07:24
8082,8083,10776,883,1582,2,"Smooth ride, on time.",2022-02-13 01:33:48
8084,8085,10777,1947,1582,3,Super friendly and helpful.,2024-05-22 06:11:54
8087,8088,10787,1582,139,5,"Great driver, very professional!",2024-06-15 18:36:56
8088,8089,10787,139,1582,4,Very clean car.,2024-06-15 20:36:56
8090,8091,10789,1653,1582,3,Super friendly and helpful.,2023-05-27 15:16:35
8092,8093,10790,1865,1582,3,Very clean car.,2022-01-07 02:26:59
8094,8095,10793,1380,1582,3,"Excellent service, will ride again.",2023-05-21 10:02:17
8098,8099,10797,1582,1981,5,"Great driver, very professional!",2023-09-14 09:40:14
8099,8100,10798,1947,1582,5,"Smooth ride, on time.",2023-07-08 07:45:32
8100,8101,10801,1582,908,4,"Perfect trip, no issues.",2024-03-30 20:39:09
8101,8102,10802,1582,1814,3,Acceptable ride.,2023-09-21 21:29:46
8104,8105,10805,132,1582,3,Very clean car.,2023-11-30 01:34:39
8106,8107,10808,1373,1582,3,"Great driver, very professional!",2022-05-28 15:11:07
8108,8109,10811,477,1582,4,"Excellent service, will ride again.",2023-08-24 02:30:01
8109,8110,10812,1582,726,4,Car was spotless.,2023-10-31 21:42:47
8110,8111,10814,705,1582,2,Very clean car.,2022-09-06 12:55:30
8112,8113,10816,1562,1582,2,"Great driver, very professional!",2023-06-18 02:22:57
8115,8116,10831,1933,1582,3,"Great driver, very professional!",2022-11-14 05:52:40
8117,8118,10832,1830,1582,2,"Great driver, very professional!",2022-05-10 16:26:25
8118,8119,10839,550,1684,4,Very courteous driver.,2022-08-23 21:35:54
8119,8120,10841,1826,1487,3,Super friendly and helpful.,2023-12-10 08:32:31
8120,8121,10842,1487,1400,3,Trip was okay.,2022-03-21 14:59:54
8121,8122,10842,1400,1487,3,Very clean car.,2022-03-21 14:34:54
8123,8124,10846,1487,1472,3,Decent experience.,2024-03-31 15:55:01
8124,8125,10848,759,1487,4,"Excellent service, will ride again.",2022-05-16 21:41:23
8125,8126,10852,1487,601,4,"Smooth ride, on time.",2022-05-25 09:14:56
8126,8127,10853,995,1487,3,Super friendly and helpful.,2023-10-01 16:08:54
8127,8128,10854,1248,1487,2,Super friendly and helpful.,2024-05-08 23:57:23
8128,8129,10855,1487,327,3,Nothing to complain about.,2022-07-10 07:15:32
8129,8130,10856,1487,448,4,"Great rider, very polite.",2022-05-08 02:40:40
8131,8132,10858,748,1487,4,"Smooth ride, on time.",2023-08-24 22:47:07
8132,8133,10860,1487,1350,3,Trip was okay.,2022-06-29 22:42:47
8133,8134,10861,1897,1328,4,"Quick and efficient, thanks!",2024-06-04 15:56:02
8136,8137,10868,725,1933,3,Average experience.,2024-01-30 09:21:09
8138,8139,10869,446,725,4,Super friendly and helpful.,2023-12-13 07:02:53
8139,8140,10870,725,1869,5,"Quick and efficient, thanks!",2024-06-17 12:33:48
8141,8142,10873,194,1013,2,"Smooth ride, on time.",2023-08-19 10:49:56
8142,8143,10876,1003,1509,5,"Great rider, very polite.",2023-02-13 02:08:33
8143,8144,10876,1509,1003,4,"Smooth ride, on time.",2023-02-13 02:11:33
8149,8150,10882,1302,242,3,"Great driver, very professional!",2022-03-25 04:34:43
8150,8151,10883,242,553,4,"Excellent service, will ride again.",2022-06-17 13:22:00
8151,8152,10884,242,1356,4,"Quick and efficient, thanks!",2023-12-20 20:00:33
8154,8155,10888,7,242,3,"Excellent service, will ride again.",2024-01-26 07:40:26
8155,8156,10890,242,1301,5,Car was spotless.,2022-08-22 19:21:09
8156,8157,10891,242,1623,4,Very comfortable ride.,2023-12-12 18:50:39
8159,8160,10892,782,242,3,Super friendly and helpful.,2024-06-02 19:36:24
8160,8161,10893,242,1699,4,Super friendly and helpful.,2024-03-24 10:50:31
8161,8162,10893,1699,242,3,"Smooth ride, on time.",2024-03-24 11:14:31
8163,8164,10895,242,439,4,Very clean car.,2022-07-21 08:01:53
8164,8165,10897,242,1736,3,Average experience.,2024-04-26 10:09:33
8165,8166,10897,1736,242,5,Very clean car.,2024-04-26 10:58:33
8167,8168,10898,1984,242,2,Very clean car.,2023-04-15 00:42:50
8168,8169,10899,176,242,2,"Smooth ride, on time.",2023-05-19 20:38:45
8170,8171,10900,986,242,2,Super friendly and helpful.,2023-07-12 03:51:57
8172,8173,10902,242,1040,4,"Excellent service, will ride again.",2023-02-16 08:33:17
8174,8175,10907,242,959,4,Loved the music selection!,2024-01-21 02:46:12
8175,8176,10908,1752,242,4,"Excellent service, will ride again.",2022-08-30 21:46:04
8176,8177,10910,242,62,4,"Quick and efficient, thanks!",2022-06-12 06:57:13
8177,8178,10911,242,1607,3,Decent experience.,2024-06-15 02:57:19
8178,8179,10912,242,2,5,Fast and safe driver.,2023-09-06 13:36:26
8180,8181,10916,1890,242,2,Very clean car.,2023-09-20 04:48:58
8182,8183,10923,286,242,3,"Smooth ride, on time.",2022-07-31 16:02:05
8185,8186,10929,242,293,4,"Smooth ride, on time.",2024-04-28 04:38:15
8186,8187,10930,242,1397,2,Driver was late.,2022-07-02 06:49:55
8188,8189,10932,242,1564,4,"Perfect trip, no issues.",2022-07-19 13:49:26
8192,8193,10937,242,1507,5,Very clean car.,2023-09-11 07:10:26
8194,8195,10938,1956,242,3,Very clean car.,2022-07-25 04:32:19
8196,8197,10942,242,510,4,"Great driver, very professional!",2022-02-03 01:53:01
8198,8199,10944,178,1841,4,Loved the music selection!,2024-02-22 00:52:41
8199,8200,10944,1841,178,3,"Great driver, very professional!",2024-02-22 00:32:41
8202,8203,10948,1140,1776,5,"Excellent service, will ride again.",2023-02-22 02:51:15
8206,8207,10951,1088,1633,3,"Smooth ride, on time.",2023-04-13 21:32:40
8207,8208,10953,1633,570,4,Car was spotless.,2022-05-29 16:05:53
8208,8209,10955,1633,585,3,Fine driver.,2022-05-12 05:28:04
8209,8210,10959,1286,1633,3,"Smooth ride, on time.",2023-02-07 19:42:39
8211,8212,10965,1170,1103,1,Very clean car.,2022-12-04 13:52:41
8214,8215,10969,1103,959,3,Decent experience.,2024-05-30 05:01:15
8218,8219,10978,1103,1795,4,Very clean car.,2022-11-22 02:11:03
8221,8222,10980,1103,818,3,Decent experience.,2022-03-26 08:32:21
8223,8224,10982,1103,1727,5,Very clean car.,2024-06-18 09:52:50
8224,8225,10982,1727,1103,5,Very clean car.,2024-06-18 10:57:50
8226,8227,10984,119,1103,4,"Great driver, very professional!",2024-03-08 19:24:39
8227,8228,10986,1103,1331,5,"Smooth ride, on time.",2023-09-19 17:01:35
8228,8229,10986,1331,1103,3,"Excellent service, will ride again.",2023-09-19 18:25:35
8230,8231,10989,1132,1437,5,Fast and safe driver.,2023-02-16 14:54:02
8235,8236,10998,353,1564,3,"OK trip, nothing special.",2022-09-22 17:15:48
8237,8238,11001,1045,977,4,Very clean car.,2022-05-28 18:21:08
8238,8239,11002,1045,1699,3,Decent experience.,2023-06-27 03:58:12
8241,8242,11007,1045,132,4,Very courteous driver.,2023-10-30 20:06:15
8242,8243,11008,1045,778,4,"Easy pickup, no problems.",2023-07-09 11:57:05
8245,8246,11012,1045,40,4,"Smooth ride, on time.",2023-02-14 19:43:29
8246,8247,11012,40,1045,3,Super friendly and helpful.,2023-02-14 20:05:29
8247,8248,11015,1507,1045,3,"Excellent service, will ride again.",2023-08-06 18:55:41
8249,8250,11018,1045,1162,4,Super friendly and helpful.,2022-02-19 22:55:34
8250,8251,11022,1045,1575,3,Average experience.,2024-01-31 16:08:34
8251,8252,11022,1575,1045,4,"Excellent service, will ride again.",2024-01-31 15:16:34
8252,8253,11023,1045,1794,3,Average experience.,2022-03-26 09:39:57
8253,8254,11023,1794,1045,4,"Smooth ride, on time.",2022-03-26 09:53:57
8256,8257,11029,1045,986,3,Acceptable ride.,2023-09-15 12:05:24
8258,8259,11031,1373,1045,2,"Great driver, very professional!",2022-11-13 12:47:08
8259,8260,11033,1045,647,5,"5 stars, highly recommend!",2024-05-30 09:59:04
8260,8261,11037,1045,1206,4,"Excellent service, will ride again.",2022-06-30 23:02:49
8261,8262,11037,1206,1045,2,"Great driver, very professional!",2022-07-01 01:17:49
8262,8263,11038,940,1045,2,"Smooth ride, on time.",2022-09-06 08:25:27
8266,8267,11046,1045,433,4,Car was spotless.,2022-05-21 17:50:48
8267,8268,11048,1045,1507,4,"Perfect trip, no issues.",2024-06-25 18:07:53
8269,8270,11052,1775,1045,2,"Excellent service, will ride again.",2023-11-17 20:25:39
8270,8271,11054,1045,408,2,Took too long.,2023-08-29 11:38:20
8271,8272,11054,408,1045,2,Super friendly and helpful.,2023-08-29 10:54:20
8272,8273,11056,1045,1561,5,"Smooth ride, on time.",2022-10-23 11:58:40
8274,8275,11058,1869,1045,5,"Excellent service, will ride again.",2023-12-11 05:25:51
8276,8277,11060,187,1045,4,"Great driver, very professional!",2022-04-13 04:35:09
8278,8279,11065,811,1045,3,"Great driver, very professional!",2023-07-01 10:58:22
8280,8281,11068,1324,1045,4,"Excellent service, will ride again.",2023-12-23 05:46:40
8282,8283,11069,394,1045,2,Super friendly and helpful.,2024-04-20 08:55:09
8283,8284,11070,1045,1684,4,"5 stars, highly recommend!",2022-07-14 03:37:28
8286,8287,11076,1030,1045,4,Super friendly and helpful.,2023-10-17 19:21:24
8289,8290,11084,868,1045,5,Very clean car.,2023-03-17 20:10:42
8291,8292,11087,1045,1507,4,Fast and safe driver.,2023-10-03 23:11:41
8293,8294,11089,1790,1045,4,Very clean car.,2023-10-25 02:50:18
8295,8296,11090,52,1045,3,Super friendly and helpful.,2023-01-07 23:27:43
8296,8297,11091,319,1045,2,"Smooth ride, on time.",2024-05-06 05:19:10
8297,8298,11092,1045,139,4,"Quick and efficient, thanks!",2022-09-06 14:53:58
8302,8303,11101,407,1497,5,"Perfect trip, no issues.",2024-01-15 16:57:32
8303,8304,11101,1497,407,3,"Smooth ride, on time.",2024-01-15 18:27:32
8304,8305,11102,1684,407,4,Super friendly and helpful.,2023-12-05 22:16:44
8306,8307,11103,1693,407,2,Very clean car.,2023-06-21 18:26:37
8307,8308,11104,1136,1343,4,Loved the music selection!,2023-07-01 05:23:58
8309,8310,11106,1136,647,4,"Smooth ride, on time.",2022-06-13 08:12:02
8311,8312,11107,210,1136,2,"Great driver, very professional!",2023-04-29 01:54:29
8313,8314,11109,446,1136,3,"Great driver, very professional!",2022-11-16 19:05:51
8316,8317,11114,1136,1104,4,"Smooth ride, on time.",2022-02-05 07:12:41
8319,8320,11119,1237,1136,1,"Excellent service, will ride again.",2024-04-16 00:35:26
8322,8323,11125,1853,1136,3,"Great driver, very professional!",2024-06-06 11:58:29
8323,8324,11126,1136,825,4,Very courteous driver.,2022-08-13 13:38:25
8324,8325,11127,1136,1562,3,Decent experience.,2024-06-01 03:36:18
8327,8328,11131,1136,1134,3,Nothing to complain about.,2024-05-24 00:33:16
8328,8329,11132,1136,920,4,"Excellent service, will ride again.",2023-01-10 08:54:09
8329,8330,11132,920,1136,4,"Smooth ride, on time.",2023-01-10 08:19:09
8330,8331,11133,1136,1181,5,"Smooth ride, on time.",2022-09-11 19:19:26
8331,8332,11133,1181,1136,2,Super friendly and helpful.,2022-09-11 19:59:26
8332,8333,11136,1136,997,5,Loved the music selection!,2024-06-29 15:04:58
8335,8336,11141,1136,508,3,"OK trip, nothing special.",2022-10-15 09:54:39
8336,8337,11142,1136,822,4,"Easy pickup, no problems.",2023-12-11 08:22:11
8337,8338,11142,822,1136,3,"Great driver, very professional!",2023-12-11 08:31:11
8339,8340,11145,1739,1136,3,Very clean car.,2022-09-20 17:17:05
8340,8341,11146,1136,645,4,"5 stars, highly recommend!",2023-03-21 16:48:45
8343,8344,11150,1136,1474,3,Fine driver.,2022-09-22 06:48:27
8345,8346,11152,1136,1403,4,Fast and safe driver.,2023-10-24 22:55:30
8346,8347,11153,1683,15,4,"Easy pickup, no problems.",2023-10-04 15:54:25
8347,8348,11155,1683,883,5,"Quick and efficient, thanks!",2024-03-01 10:27:46
8349,8350,11157,1683,248,2,Driver was rude.,2022-10-19 13:40:25
8350,8351,11157,248,1683,1,Very clean car.,2022-10-19 13:59:25
8351,8352,11158,1683,187,4,"Quick and efficient, thanks!",2022-01-23 12:00:35
8352,8353,11158,187,1683,2,"Smooth ride, on time.",2022-01-23 12:04:35
8356,8357,11163,31,1683,3,"Smooth ride, on time.",2022-11-23 00:29:50
8357,8358,11164,1683,1955,5,"Great driver, very professional!",2024-02-12 19:49:46
8358,8359,11165,1683,608,4,Fast and safe driver.,2023-02-02 23:03:34
8359,8360,11166,995,1683,3,Super friendly and helpful.,2022-01-29 03:06:17
8360,8361,11168,1683,1653,2,Rough driving.,2023-05-15 20:23:26
8361,8362,11170,1683,467,3,"OK trip, nothing special.",2023-10-17 05:03:53
8362,8363,11170,467,1683,2,"Excellent service, will ride again.",2023-10-17 05:55:53
8363,8364,11171,1683,1653,4,Very clean car.,2022-08-31 19:39:19
8364,8365,11171,1653,1683,3,"Great driver, very professional!",2022-08-31 19:44:19
8365,8366,11172,1683,44,3,Decent experience.,2022-08-16 17:16:30
8367,8368,11173,1474,1683,4,"Smooth ride, on time.",2024-02-13 19:11:20
8368,8369,11174,1683,1040,3,Average experience.,2023-01-16 19:56:20
8370,8371,11175,1947,1683,4,"Great driver, very professional!",2024-04-28 06:00:14
8371,8372,11178,585,1683,4,"Great driver, very professional!",2024-05-26 04:23:54
8372,8373,11179,1683,179,4,Fast and safe driver.,2023-12-01 11:25:37
8373,8374,11180,1683,1207,4,"Excellent service, will ride again.",2022-02-02 08:16:44
8374,8375,11180,1207,1683,5,Very clean car.,2022-02-02 09:06:44
8376,8377,11181,199,1683,3,"Excellent service, will ride again.",2024-05-20 02:57:04
8380,8381,11184,1965,1683,3,Super friendly and helpful.,2023-01-13 16:11:28
8383,8384,11189,932,1683,4,"Smooth ride, on time.",2022-07-02 12:51:26
8384,8385,11190,860,1683,4,Very clean car.,2022-05-30 01:50:44
8386,8387,11192,207,1683,3,Very clean car.,2022-12-29 19:13:59
8387,8388,11194,40,1683,2,"Smooth ride, on time.",2022-09-27 06:29:40
8388,8389,11195,1683,1482,4,"Great rider, very polite.",2022-01-13 23:27:27
8389,8390,11196,162,1683,3,"Great driver, very professional!",2024-04-02 06:23:42
8390,8391,11198,1683,1983,3,"OK trip, nothing special.",2024-06-09 11:13:24
8391,8392,11199,1683,1135,2,Rough driving.,2023-05-19 10:27:34
8392,8393,11200,1683,508,3,Acceptable ride.,2022-01-09 00:41:03
8393,8394,11200,508,1683,3,"Excellent service, will ride again.",2022-01-09 01:44:03
8395,8396,11201,1237,1683,5,"Great driver, very professional!",2022-02-14 21:39:57
8396,8397,11202,1683,1776,5,"Great rider, very polite.",2022-11-07 21:58:15
8398,8399,11204,1825,1683,4,Very clean car.,2022-02-18 10:20:13
8400,8401,11205,842,1683,4,"Great driver, very professional!",2024-01-21 08:06:41
8402,8403,11208,1658,1683,3,"Smooth ride, on time.",2024-03-28 00:33:06
8405,8406,11213,1683,1765,3,"OK trip, nothing special.",2023-10-03 11:12:32
8409,8410,11217,1683,1509,4,Fast and safe driver.,2024-01-15 16:21:16
8410,8411,11218,1683,1041,3,Fine driver.,2023-08-21 05:11:16
8411,8412,11220,515,1683,3,"Great driver, very professional!",2023-06-08 09:27:41
8416,8417,11230,1683,389,3,Nothing to complain about.,2023-09-28 08:39:37
8418,8419,11232,1683,1099,4,Very courteous driver.,2022-10-23 12:37:27
8419,8420,11233,1683,1608,2,Had trouble finding the pickup spot.,2023-11-25 12:57:26
8420,8421,11233,1608,1683,3,"Excellent service, will ride again.",2023-11-25 11:27:26
8422,8423,11234,1040,1683,4,"Great driver, very professional!",2023-12-22 07:29:23
8424,8425,11237,1683,1814,5,Very courteous driver.,2023-05-14 05:52:27
8426,8427,11239,741,1683,3,"Excellent service, will ride again.",2023-05-27 16:54:30
8427,8428,11240,1683,439,3,Got there safely.,2024-05-03 06:31:33
8428,8429,11241,797,147,3,Got there safely.,2023-04-16 08:51:11
8429,8430,11242,328,797,3,Super friendly and helpful.,2023-10-28 01:26:49
8430,8431,11244,1219,55,4,"Easy pickup, no problems.",2023-02-06 20:34:57
8434,8435,11248,1640,1219,4,"Great driver, very professional!",2024-01-22 00:25:14
8437,8438,11251,1081,1219,3,Very clean car.,2023-10-25 19:18:32
8439,8440,11252,1135,1219,4,Super friendly and helpful.,2022-07-02 09:21:26
8443,8444,11257,1191,593,3,Got there safely.,2022-08-23 21:45:18
8449,8450,11262,929,1191,4,Very clean car.,2022-12-03 03:51:08
8451,8452,11268,1403,1846,3,Super friendly and helpful.,2023-02-20 00:42:16
8452,8453,11271,1846,104,3,Nothing to complain about.,2023-06-11 20:47:50
8453,8454,11271,104,1846,3,"Smooth ride, on time.",2023-06-11 21:37:50
8454,8455,11272,925,1846,3,"Smooth ride, on time.",2023-10-19 05:08:01
8456,8457,11274,1288,1846,3,"Great driver, very professional!",2022-12-05 03:47:08
8458,8459,11276,328,1846,2,Super friendly and helpful.,2023-09-27 18:55:03
8460,8461,11277,1853,1846,3,Very clean car.,2023-07-24 18:24:17
8461,8462,11279,1846,1206,5,"Perfect trip, no issues.",2023-08-31 00:17:28
8462,8463,11281,1846,155,4,Super friendly and helpful.,2022-05-31 11:38:43
8466,8467,11285,1846,1117,4,"Easy pickup, no problems.",2022-12-04 06:19:36
8468,8469,11287,1948,1846,5,Very clean car.,2022-02-02 12:21:02
8469,8470,11291,1846,1187,3,Average experience.,2023-01-06 22:26:58
8472,8473,11294,1547,1846,4,"Great driver, very professional!",2024-03-24 11:17:42
8473,8474,11295,1846,15,4,Super friendly and helpful.,2024-01-07 00:10:15
8476,8477,11301,1846,543,2,Took a longer route.,2024-05-01 01:36:09
8477,8478,11301,543,1846,3,Super friendly and helpful.,2024-05-01 02:00:09
8482,8483,11308,5,1846,2,"Smooth ride, on time.",2024-01-26 13:01:12
8484,8485,11309,1984,1846,3,Super friendly and helpful.,2023-01-01 15:03:17
8485,8486,11315,1846,969,3,"OK trip, nothing special.",2024-04-02 05:51:23
8486,8487,11315,969,1846,2,Very clean car.,2024-04-02 06:40:23
8487,8488,11319,1846,995,3,"OK trip, nothing special.",2023-06-12 14:16:22
8489,8490,11320,878,1846,4,"Excellent service, will ride again.",2023-01-05 21:31:01
8492,8493,11326,1846,1400,5,Fast and safe driver.,2023-09-28 06:07:34
8494,8495,11328,1752,1846,3,Super friendly and helpful.,2022-08-06 10:50:09
8495,8496,11331,630,1846,3,"Great driver, very professional!",2022-01-28 10:14:12
8497,8498,11332,1227,1846,2,Very clean car.,2022-12-11 18:00:54
8501,8502,11341,2,1846,3,"Great driver, very professional!",2023-04-22 14:47:49
8502,8503,11342,1846,15,5,Super friendly and helpful.,2023-08-02 21:00:59
8504,8505,11346,1846,318,4,Loved the music selection!,2024-03-18 02:32:28
8507,8508,11350,1846,1183,3,Average experience.,2024-01-11 16:49:05
8508,8509,11350,1183,1846,4,Very clean car.,2024-01-11 17:49:05
8509,8510,11352,813,1187,4,"Quick and efficient, thanks!",2023-11-26 04:09:28
8511,8512,11355,813,136,4,"Perfect trip, no issues.",2022-05-16 16:57:50
8512,8513,11357,813,14,5,"Perfect trip, no issues.",2024-06-14 08:17:11
8516,8517,11360,393,223,4,"Excellent service, will ride again.",2024-04-18 01:47:14
8518,8519,11361,1187,223,4,"Great driver, very professional!",2022-01-19 04:42:52
8519,8520,11362,1208,452,5,Fast and safe driver.,2022-01-24 02:16:57
8520,8521,11364,1208,1371,5,"Easy pickup, no problems.",2022-08-29 01:05:20
8521,8522,11365,1208,728,4,"5 stars, highly recommend!",2022-06-23 09:55:22
8522,8523,11367,1208,1413,3,Fine driver.,2023-07-19 15:04:29
8523,8524,11368,1208,477,4,Loved the music selection!,2024-01-20 06:21:56
8524,8525,11368,477,1208,3,Super friendly and helpful.,2024-01-20 07:50:56
8527,8528,11370,1243,1208,3,"Great driver, very professional!",2023-06-14 22:43:27
8529,8530,11371,748,1208,3,"Great driver, very professional!",2023-01-29 04:32:12
8530,8531,11374,1208,1575,2,Took a longer route.,2024-01-20 16:26:25
8531,8532,11375,1208,1894,2,Had trouble finding the pickup spot.,2022-02-01 20:48:56
8533,8534,11378,1208,1955,3,Got there safely.,2023-01-05 21:47:27
8534,8535,11379,1208,1400,5,"Great rider, very polite.",2023-10-12 22:32:12
8535,8536,11380,1208,324,5,"Great driver, very professional!",2023-03-13 15:31:54
8536,8537,11380,324,1208,3,"Excellent service, will ride again.",2023-03-13 16:52:54
8540,8541,11387,1357,1227,4,Car was spotless.,2023-10-08 00:29:06
8541,8542,11388,1357,1091,3,Trip was okay.,2023-04-11 14:54:42
8542,8543,11388,1091,1357,3,"Smooth ride, on time.",2023-04-11 15:40:42
8543,8544,11389,1040,1357,4,Super friendly and helpful.,2024-02-17 22:50:34
8544,8545,11390,1357,608,5,Fast and safe driver.,2023-11-19 19:38:13
8545,8546,11390,608,1357,4,"Excellent service, will ride again.",2023-11-19 21:29:13
8546,8547,11392,1357,593,4,"Easy pickup, no problems.",2023-08-13 23:38:17
8548,8549,11397,1357,89,3,Average experience.,2022-06-30 14:51:48
8549,8550,11398,1357,1828,5,"Quick and efficient, thanks!",2024-04-27 22:05:53
8550,8551,11398,1828,1357,5,Very clean car.,2024-04-27 23:24:53
8552,8553,11399,1352,1357,3,Very clean car.,2022-08-13 21:16:44
8553,8554,11400,1357,1755,2,Took too long.,2023-12-02 21:50:19
8555,8556,11402,131,1121,4,"Excellent service, will ride again.",2023-09-04 18:16:46
8557,8558,11405,940,1121,3,"Excellent service, will ride again.",2023-11-30 10:51:38
8558,8559,11406,1121,1091,3,Average experience.,2023-04-22 01:27:31
8559,8560,11407,1121,1507,3,Nothing to complain about.,2023-09-09 09:57:25
8561,8562,11411,121,1121,3,"Great driver, very professional!",2024-05-12 16:26:46
8562,8563,11412,1121,1507,5,"Quick and efficient, thanks!",2023-08-30 08:47:27
8563,8564,11414,1121,394,5,Very clean car.,2022-09-29 13:48:29
8564,8565,11414,394,1121,3,"Great driver, very professional!",2022-09-29 14:27:29
8566,8567,11416,759,1121,4,"Excellent service, will ride again.",2023-04-27 04:55:03
8567,8568,11417,1121,1023,3,Got there safely.,2022-10-17 16:20:36
8569,8570,11418,1755,1121,4,"Great driver, very professional!",2023-05-29 08:00:36
8572,8573,11423,70,199,4,Super friendly and helpful.,2022-05-25 21:43:21
8575,8576,11432,873,647,3,"OK trip, nothing special.",2023-12-24 23:45:02
8576,8577,11433,873,1243,4,"Easy pickup, no problems.",2023-10-04 04:13:46
8578,8579,11437,383,324,5,Loved the music selection!,2023-12-01 00:15:18
8579,8580,11439,383,192,4,"Quick and efficient, thanks!",2023-08-10 00:19:59
8580,8581,11440,1705,256,3,"OK trip, nothing special.",2022-12-24 04:00:00
8581,8582,11440,256,1705,3,"Excellent service, will ride again.",2022-12-24 03:54:00
8583,8584,11445,1705,318,4,Very courteous driver.,2022-01-21 17:43:35
8586,8587,11447,1544,1705,5,"Excellent service, will ride again.",2022-01-02 09:22:25
8587,8588,11448,121,1705,4,Super friendly and helpful.,2022-08-31 03:13:11
8588,8589,11449,1705,608,4,Very comfortable ride.,2022-05-08 00:14:11
8590,8591,11452,1705,1170,4,"5 stars, highly recommend!",2022-10-23 17:18:51
8591,8592,11453,1705,1471,4,Loved the music selection!,2024-01-05 02:52:06
8592,8593,11453,1471,1705,4,"Excellent service, will ride again.",2024-01-05 04:01:06
8593,8594,11455,1705,97,4,Loved the music selection!,2022-05-12 05:09:49
8594,8595,11456,1705,187,4,Fast and safe driver.,2023-05-26 06:37:20
8595,8596,11457,1705,608,3,Acceptable ride.,2022-01-07 12:27:48
8597,8598,11458,543,1705,4,"Excellent service, will ride again.",2023-01-21 06:40:03
8598,8599,11460,1705,1575,3,Acceptable ride.,2023-04-11 11:55:46
8599,8600,11461,1705,1170,3,Nothing to complain about.,2022-06-15 00:59:37
8600,8601,11462,1705,1023,2,Driver was rude.,2022-10-03 16:44:20
8601,8602,11462,1023,1705,3,"Great driver, very professional!",2022-10-03 15:37:20
8602,8603,11463,1705,1356,4,Very courteous driver.,2024-04-30 08:17:51
8603,8604,11465,1705,1302,4,Very courteous driver.,2024-06-13 11:11:05
8604,8605,11465,1302,1705,4,Super friendly and helpful.,2024-06-13 13:24:05
8606,8607,11469,1705,1472,4,"Smooth ride, on time.",2022-09-17 02:43:39
8608,8609,11470,1705,1532,4,Loved the music selection!,2022-03-24 11:52:14
8610,8611,11476,1705,665,3,Acceptable ride.,2023-06-25 20:22:03
8611,8612,11476,665,1705,4,Super friendly and helpful.,2023-06-25 22:19:03
8613,8614,11477,919,1705,3,Super friendly and helpful.,2023-10-04 00:54:30
8616,8617,11480,1705,288,4,"Quick and efficient, thanks!",2024-03-15 13:41:16
8617,8618,11480,288,1705,4,"Excellent service, will ride again.",2024-03-15 15:16:16
8620,8621,11484,1705,258,5,"5 stars, highly recommend!",2024-02-13 14:19:24
8622,8623,11486,1705,394,4,"Perfect trip, no issues.",2022-04-28 22:11:50
8623,8624,11487,1196,1705,3,"Great driver, very professional!",2022-09-25 16:19:51
8624,8625,11488,423,1509,4,Very clean car.,2023-11-20 02:11:02
8627,8628,11493,1562,423,3,Very clean car.,2024-01-26 23:12:04
8630,8631,11496,423,1794,4,"Perfect trip, no issues.",2022-12-03 04:11:18
8631,8632,11497,423,502,3,Decent experience.,2022-05-01 13:19:35
8633,8634,11499,1323,1736,4,Car was spotless.,2022-03-30 19:55:04
8634,8635,11500,1323,612,3,Acceptable ride.,2023-01-26 02:43:33
8638,8639,11505,879,1302,3,Decent experience.,2024-01-17 02:41:38
8640,8641,11509,1403,771,4,Super friendly and helpful.,2022-10-11 12:24:57
8641,8642,11510,771,1981,5,Loved the music selection!,2022-02-01 18:48:46
8642,8643,11510,1981,771,3,Super friendly and helpful.,2022-02-01 18:48:46
8643,8644,11514,771,434,4,Very comfortable ride.,2024-01-03 23:02:54
8644,8645,11516,771,1293,4,"Easy pickup, no problems.",2022-02-20 10:58:54
8646,8647,11517,789,771,3,"Excellent service, will ride again.",2023-02-19 01:12:26
8647,8648,11519,771,1562,4,Super friendly and helpful.,2022-11-27 04:42:09
8648,8649,11519,1562,771,3,"Smooth ride, on time.",2022-11-27 04:08:09
8649,8650,11520,771,1828,5,Very courteous driver.,2023-06-26 05:30:07
8651,8652,11521,771,571,5,Super friendly and helpful.,2023-12-07 07:01:47
8653,8654,11522,334,1637,4,"Great driver, very professional!",2023-04-09 04:31:03
8655,8656,11524,1637,1869,5,Super friendly and helpful.,2023-08-03 06:45:56
8656,8657,11524,1869,1637,4,"Great driver, very professional!",2023-08-03 05:17:56
8657,8658,11526,511,207,4,"Perfect trip, no issues.",2024-05-22 12:14:16
8658,8659,11528,1746,117,2,Driver was late.,2022-08-01 02:39:32
8660,8661,11530,1555,604,4,"Smooth ride, on time.",2023-07-25 23:25:26
8662,8663,11531,2,1133,3,"Great driver, very professional!",2022-11-16 14:07:41
8663,8664,11532,1133,1023,3,Got there safely.,2023-04-24 15:38:08
8666,8667,11536,1105,1133,2,"Smooth ride, on time.",2023-12-11 12:29:07
8667,8668,11537,1133,1302,3,Acceptable ride.,2022-05-02 07:14:17
8668,8669,11538,1133,1562,3,Nothing to complain about.,2023-08-21 14:05:23
8669,8670,11538,1562,1133,2,"Great driver, very professional!",2023-08-21 14:56:23
8672,8673,11541,833,1133,2,Very clean car.,2023-04-25 14:28:19
8673,8674,11543,1133,1558,2,Not very clean.,2023-08-10 02:41:57
8674,8675,11543,1558,1133,4,"Great driver, very professional!",2023-08-10 03:34:57
8675,8676,11548,1133,1941,5,"Perfect trip, no issues.",2023-09-22 15:47:08
8678,8679,11552,1133,957,4,"Quick and efficient, thanks!",2022-10-08 16:22:48
8679,8680,11552,957,1133,5,"Excellent service, will ride again.",2022-10-08 18:35:48
8682,8683,11555,544,1133,4,"Smooth ride, on time.",2022-04-03 18:13:41
8683,8684,11556,1133,543,4,Fast and safe driver.,2022-06-03 23:04:33
8684,8685,11556,543,1133,4,Very clean car.,2022-06-03 23:32:33
8687,8688,11559,1133,458,3,Average experience.,2022-03-25 19:29:20
8689,8690,11560,187,1133,4,"Smooth ride, on time.",2023-04-09 20:21:42
8691,8692,11565,1133,1999,2,Rough driving.,2024-03-20 03:56:39
8692,8693,11566,1133,986,4,Loved the music selection!,2023-12-05 23:48:39
8695,8696,11569,1133,1324,2,Driver was rude.,2023-02-14 09:42:17
8697,8698,11573,1133,1755,3,Decent experience.,2022-07-21 20:07:37
8703,8704,11582,1133,477,4,Loved the music selection!,2023-09-21 06:50:46
8704,8705,11582,477,1133,3,"Smooth ride, on time.",2023-09-21 05:42:46
8705,8706,11586,1133,430,3,"OK trip, nothing special.",2022-01-28 14:04:40
8706,8707,11586,430,1133,4,"Smooth ride, on time.",2022-01-28 12:25:40
8707,8708,11589,1133,1105,5,Super friendly and helpful.,2023-05-21 06:46:03
8712,8713,11594,1471,1133,5,"Smooth ride, on time.",2023-01-14 08:31:08
8713,8714,11595,1133,867,2,Had trouble finding the pickup spot.,2023-02-26 05:31:11
8715,8716,11599,1133,162,4,Fast and safe driver.,2024-05-07 08:01:12
8716,8717,11599,162,1133,2,Very clean car.,2024-05-07 08:18:12
8717,8718,11601,335,1133,3,"Excellent service, will ride again.",2023-01-19 17:47:23
8719,8720,11604,450,1133,4,"Smooth ride, on time.",2023-03-15 19:01:57
8721,8722,11607,1133,1410,5,"5 stars, highly recommend!",2023-02-17 02:49:46
8722,8723,11607,1410,1133,3,"Excellent service, will ride again.",2023-02-17 04:41:46
8723,8724,11609,1133,1794,3,Fine driver.,2022-07-20 07:04:02
8726,8727,11611,1983,1133,3,"Excellent service, will ride again.",2023-11-04 21:53:01
8727,8728,11612,1133,585,3,Got there safely.,2023-02-08 12:09:28
8729,8730,11615,1133,919,4,Super friendly and helpful.,2022-12-22 12:48:56
8731,8732,11618,1133,697,3,Fine driver.,2023-09-14 04:06:44
8732,8733,11618,697,1133,4,"Excellent service, will ride again.",2023-09-14 05:20:44
8734,8735,11620,776,1572,5,"Excellent service, will ride again.",2022-04-08 23:18:40
8737,8738,11624,947,130,4,"Great driver, very professional!",2023-04-16 17:20:30
8738,8739,11626,130,1081,4,Super friendly and helpful.,2023-11-22 00:48:12
8739,8740,11626,1081,130,4,Super friendly and helpful.,2023-11-22 00:36:12
8741,8742,11628,130,192,4,"Easy pickup, no problems.",2023-07-31 18:01:11
8742,8743,11628,192,130,4,"Smooth ride, on time.",2023-07-31 16:43:11
8744,8745,11629,323,130,4,"Smooth ride, on time.",2023-06-21 19:02:12
8750,8751,11635,142,130,2,"Excellent service, will ride again.",2022-06-29 20:00:09
8751,8752,11636,130,1839,2,Driver was late.,2022-07-22 05:53:56
8752,8753,11637,130,585,4,"5 stars, highly recommend!",2023-07-29 09:30:37
8753,8754,11637,585,130,5,"Excellent service, will ride again.",2023-07-29 08:33:37
8754,8755,11638,1933,130,3,Super friendly and helpful.,2022-11-19 15:31:43
8758,8759,11643,130,866,5,Car was spotless.,2023-03-06 09:01:56
8759,8760,11645,1686,1955,4,Car was spotless.,2022-01-16 21:47:37
8764,8765,11662,852,271,5,"5 stars, highly recommend!",2023-06-20 14:08:24
8765,8766,11662,271,852,4,"Great driver, very professional!",2023-06-20 14:39:24
8768,8769,11666,1108,852,3,"Great driver, very professional!",2022-08-28 11:28:19
8769,8770,11667,852,117,4,Super friendly and helpful.,2022-01-14 05:55:00
8770,8771,11668,852,207,5,"Perfect trip, no issues.",2022-07-13 05:00:37
8774,8775,11674,36,1775,3,Acceptable ride.,2022-09-13 19:58:55
8775,8776,11674,1775,36,2,Very clean car.,2022-09-13 21:00:55
8777,8778,11676,36,1739,3,"OK trip, nothing special.",2023-11-12 22:58:12
8779,8780,11677,36,439,3,Nothing to complain about.,2023-07-21 07:18:26
8780,8781,11679,36,1141,5,Very comfortable ride.,2024-01-20 00:31:26
8781,8782,11682,934,1727,3,Nothing to complain about.,2022-06-05 12:01:28
8782,8783,11682,1727,934,2,Super friendly and helpful.,2022-06-05 12:43:28
8783,8784,11685,934,919,5,Super friendly and helpful.,2022-05-10 15:19:15
8784,8785,11687,934,1356,5,"Great driver, very professional!",2022-03-04 18:18:05
8785,8786,11687,1356,934,4,"Excellent service, will ride again.",2022-03-04 16:56:05
8786,8787,11688,934,1371,4,"Great driver, very professional!",2023-11-13 19:54:50
8787,8788,11688,1371,934,3,Very clean car.,2023-11-13 19:55:50
8790,8791,11694,934,97,3,Average experience.,2022-03-31 02:56:32
8791,8792,11697,934,608,5,"Easy pickup, no problems.",2024-06-18 14:56:02
8792,8793,11698,192,934,5,"Excellent service, will ride again.",2022-07-20 21:57:17
8796,8797,11703,894,818,3,"OK trip, nothing special.",2023-01-15 18:31:25
8798,8799,11705,894,1183,5,Loved the music selection!,2023-02-27 01:56:15
8799,8800,11705,1183,894,3,"Smooth ride, on time.",2023-02-27 03:28:15
8800,8801,11707,894,1286,5,Very courteous driver.,2023-08-17 07:46:01
8802,8803,11710,1894,1864,4,Super friendly and helpful.,2024-06-23 19:12:55
8805,8806,11714,1864,1139,3,Trip was okay.,2024-01-02 16:08:24
8808,8809,11717,199,1864,4,"Great driver, very professional!",2022-09-09 18:14:24
8810,8811,11719,1864,328,3,Got there safely.,2023-05-16 19:25:00
8811,8812,11719,328,1864,3,"Smooth ride, on time.",2023-05-16 20:52:00
8813,8814,11720,351,1864,3,"Great driver, very professional!",2023-01-30 15:18:21
8818,8819,11730,1864,1035,4,"Easy pickup, no problems.",2022-08-11 06:21:48
8820,8821,11731,1864,1117,5,"Quick and efficient, thanks!",2022-05-17 10:41:24
8821,8822,11731,1117,1864,4,"Smooth ride, on time.",2022-05-17 12:15:24
8822,8823,11732,1864,1869,5,Car was spotless.,2022-04-03 17:00:39
8824,8825,11735,1864,1181,4,"Great rider, very polite.",2023-12-26 00:57:00
8827,8828,11737,1864,1087,2,Had trouble finding the pickup spot.,2022-10-10 07:32:39
8829,8830,11738,1221,1864,3,"Great driver, very professional!",2024-04-18 05:05:50
8830,8831,11740,1864,1739,3,Decent experience.,2023-03-20 23:01:19
8831,8832,11742,1864,394,4,Car was spotless.,2024-05-31 03:57:21
8834,8835,11744,434,1864,4,Very clean car.,2022-08-13 19:35:41
8835,8836,11745,1864,1532,4,Fast and safe driver.,2023-05-07 14:29:20
8838,8839,11749,1864,24,4,Super friendly and helpful.,2022-06-13 03:30:23
8839,8840,11753,1864,995,2,Car smelled bad.,2024-03-16 21:33:05
8840,8841,11753,995,1864,4,"Great driver, very professional!",2024-03-16 21:21:05
8841,8842,11754,1864,1975,5,Very comfortable ride.,2022-02-17 00:25:57
8843,8844,11757,1913,1040,5,Very comfortable ride.,2024-02-12 21:55:16
8844,8845,11760,1722,1828,4,Very clean car.,2024-04-03 19:11:04
8845,8846,11760,1828,1722,3,"Excellent service, will ride again.",2024-04-03 18:49:04
8846,8847,11761,1722,318,4,"Smooth ride, on time.",2023-06-14 07:49:58
8848,8849,11763,1722,932,5,"Great driver, very professional!",2022-09-23 00:06:13
8849,8850,11763,932,1722,3,"Excellent service, will ride again.",2022-09-23 01:06:13
8850,8851,11768,979,1700,4,Super friendly and helpful.,2024-04-10 20:12:39
8851,8852,11769,428,759,3,Average experience.,2024-01-01 05:23:52
8853,8854,11771,1188,24,4,"Smooth ride, on time.",2023-04-18 21:51:37
8854,8855,11771,24,1188,1,Super friendly and helpful.,2023-04-18 23:10:37
8856,8857,11774,1188,40,2,Took a longer route.,2023-06-19 09:29:18
8861,8862,11780,1889,1188,4,"Smooth ride, on time.",2023-07-31 01:22:38
8863,8864,11785,1394,1188,2,Super friendly and helpful.,2023-12-02 04:40:25
8864,8865,11788,1030,1188,2,Super friendly and helpful.,2022-03-29 15:22:50
8865,8866,11789,1188,818,2,Took too long.,2023-01-11 03:31:50
8866,8867,11790,1188,286,4,Fast and safe driver.,2022-08-27 09:09:05
8867,8868,11791,866,1188,4,"Great driver, very professional!",2023-09-18 15:28:06
8868,8869,11793,1188,1286,3,Acceptable ride.,2024-02-28 20:47:25
8869,8870,11794,1091,1188,3,"Smooth ride, on time.",2024-05-18 21:01:35
8870,8871,11796,1188,1350,3,Average experience.,2024-03-11 18:00:31
8872,8873,11804,1188,1243,5,"Smooth ride, on time.",2022-12-31 17:21:41
8873,8874,11804,1243,1188,3,Very clean car.,2022-12-31 16:56:41
8874,8875,11808,643,1188,3,Very clean car.,2023-11-26 20:09:21
8876,8877,11809,986,1188,2,Super friendly and helpful.,2022-05-02 23:52:38
8877,8878,11810,748,1188,4,"Great driver, very professional!",2022-07-05 18:22:48
8878,8879,11811,1188,24,4,"Great driver, very professional!",2023-02-17 15:39:26
8879,8880,11812,1188,394,4,"Great rider, very polite.",2023-05-15 05:20:31
8880,8881,11814,1188,293,5,Very comfortable ride.,2024-02-21 16:16:06
8881,8882,11816,1188,1965,4,"Easy pickup, no problems.",2024-04-14 11:32:15
8882,8883,11818,1188,1781,4,Super friendly and helpful.,2023-10-24 12:37:46
8883,8884,11822,1188,1999,3,Nothing to complain about.,2022-06-04 03:39:55
8884,8885,11823,1853,1188,3,Super friendly and helpful.,2022-09-22 20:16:32
8887,8888,11829,477,762,4,Super friendly and helpful.,2022-01-06 12:45:25
8888,8889,11830,690,762,3,Very clean car.,2023-05-01 02:47:05
8889,8890,11831,762,15,4,Car was spotless.,2023-06-24 06:37:40
8892,8893,11837,762,1111,4,Fast and safe driver.,2022-11-20 05:51:26
8894,8895,11840,762,866,3,Got there safely.,2023-08-18 21:52:04
8895,8896,11841,762,1084,3,Average experience.,2023-12-25 00:08:57
8896,8897,11841,1084,762,3,Super friendly and helpful.,2023-12-24 23:34:57
8897,8898,11842,762,1812,3,Fine driver.,2024-05-22 13:10:03
8898,8899,11843,762,1947,5,Loved the music selection!,2023-11-29 23:03:06
8901,8902,11847,762,825,3,Trip was okay.,2023-06-28 01:51:57
8902,8903,11848,762,339,3,Acceptable ride.,2023-03-29 17:47:39
8904,8905,11850,1170,762,3,"Smooth ride, on time.",2023-04-21 12:08:41
8905,8906,11852,762,1310,5,Very courteous driver.,2024-02-24 05:36:46
8906,8907,11854,762,1482,3,"OK trip, nothing special.",2023-04-24 07:58:38
8907,8908,11857,1640,762,3,"Great driver, very professional!",2022-03-17 03:33:33
8910,8911,11859,762,1111,4,"Quick and efficient, thanks!",2024-01-18 10:45:44
8912,8913,11862,762,162,4,Loved the music selection!,2024-04-09 20:42:33
8913,8914,11863,762,1741,4,Fast and safe driver.,2022-01-13 15:51:07
8914,8915,11863,1741,762,3,"Great driver, very professional!",2022-01-13 15:04:07
8918,8919,11865,323,762,4,"Great driver, very professional!",2023-04-28 06:22:00
8919,8920,11868,1299,1187,3,Got there safely.,2023-04-23 17:21:20
8920,8921,11869,1299,271,5,Very clean car.,2023-02-12 15:19:19
8922,8923,11872,765,931,5,"Great driver, very professional!",2023-10-30 22:18:02
8925,8926,11875,931,1410,5,Very courteous driver.,2022-11-06 21:08:38
8927,8928,11876,494,1265,3,Very clean car.,2023-04-08 01:04:13
8929,8930,11878,1281,1265,4,"Excellent service, will ride again.",2024-06-26 09:01:11
8930,8931,11879,225,1265,4,"Smooth ride, on time.",2023-10-26 01:16:57
8932,8933,11882,270,542,4,Super friendly and helpful.,2024-06-01 17:58:56
8933,8934,11882,542,270,3,"Smooth ride, on time.",2024-06-01 20:31:56
8935,8936,11884,5,270,4,Super friendly and helpful.,2022-08-05 11:30:16
8936,8937,11887,213,1995,4,"Excellent service, will ride again.",2023-11-20 15:16:21
8937,8938,11888,1667,1196,3,Nothing to complain about.,2023-07-24 03:18:22
8938,8939,11888,1196,1667,2,Super friendly and helpful.,2023-07-24 04:24:22
8939,8940,11890,1667,1356,5,"Excellent service, will ride again.",2022-10-30 06:51:03
8941,8942,11892,476,52,5,"Quick and efficient, thanks!",2023-03-13 23:05:03
8942,8943,11893,99,14,3,Trip was okay.,2024-05-04 11:18:13
8943,8944,11894,99,1497,4,Very clean car.,2022-01-17 05:28:27
8945,8946,11896,99,1494,4,"5 stars, highly recommend!",2023-12-20 04:47:20
8946,8947,11897,99,1331,4,Car was spotless.,2022-03-08 04:18:35
8948,8949,11900,459,393,4,"Easy pickup, no problems.",2022-05-20 05:09:08
8950,8951,11902,459,1755,3,Acceptable ride.,2023-05-31 10:20:26
8952,8953,11907,459,469,3,Average experience.,2023-07-13 21:03:23
8953,8954,11909,1778,664,5,"5 stars, highly recommend!",2024-03-02 22:03:35
8954,8955,11909,664,1778,4,"Excellent service, will ride again.",2024-03-02 22:56:35
8955,8956,11910,1778,1561,4,"Easy pickup, no problems.",2023-05-20 12:14:49
8956,8957,11911,1778,1099,4,Fast and safe driver.,2023-08-28 23:16:47
8957,8958,11911,1099,1778,4,Very clean car.,2023-08-28 23:28:47
8958,8959,11912,1778,293,4,"Great driver, very professional!",2024-05-20 06:02:10
8961,8962,11915,539,1961,3,"Smooth ride, on time.",2023-12-05 13:29:28
8962,8963,11917,1961,1841,3,Trip was okay.,2022-12-28 05:53:04
8963,8964,11920,1961,741,3,Fine driver.,2024-04-08 20:52:54
8965,8966,11922,1961,1937,4,Super friendly and helpful.,2023-02-05 13:11:00
8967,8968,11923,1775,1961,2,Very clean car.,2022-05-30 09:15:57
8968,8969,11927,1961,564,5,"Great rider, very polite.",2024-02-22 16:01:29
8969,8970,11928,1961,224,3,Got there safely.,2022-11-30 13:58:15
8970,8971,11928,224,1961,3,"Smooth ride, on time.",2022-11-30 15:26:15
8971,8972,11930,176,1961,3,"Great driver, very professional!",2024-06-23 12:18:41
8972,8973,11931,1961,44,4,"Smooth ride, on time.",2023-02-26 02:46:22
8974,8975,11932,1961,502,5,"Great rider, very polite.",2023-06-11 08:35:00
8975,8976,11933,1301,1961,3,"Great driver, very professional!",2024-03-09 09:48:50
8976,8977,11934,1206,587,4,"Excellent service, will ride again.",2022-01-07 12:32:00
8977,8978,11936,1254,1853,5,"Perfect trip, no issues.",2023-08-12 17:18:16
8978,8979,11936,1853,1254,3,Super friendly and helpful.,2023-08-12 17:21:16
8979,8980,11937,1254,121,4,"Smooth ride, on time.",2022-05-13 20:09:11
8980,8981,11938,1254,439,4,Car was spotless.,2023-01-18 16:57:27
8982,8983,11941,1981,1254,2,"Great driver, very professional!",2022-06-19 23:23:52
8983,8984,11942,518,585,5,"5 stars, highly recommend!",2023-11-26 16:14:29
8984,8985,11944,518,199,3,Nothing to complain about.,2022-09-09 18:54:41
8986,8987,11946,1727,518,4,Super friendly and helpful.,2022-10-21 15:56:12
8988,8989,11947,1776,518,4,"Excellent service, will ride again.",2024-01-17 05:42:00
8989,8990,11948,518,293,4,"Perfect trip, no issues.",2024-01-02 07:15:23
8990,8991,11948,293,518,3,Super friendly and helpful.,2024-01-02 07:50:23
8992,8993,11950,957,518,4,Super friendly and helpful.,2022-07-30 07:38:35
8994,8995,11952,1965,518,2,Very clean car.,2022-10-27 14:56:32
8995,8996,11953,518,1526,2,Driver was rude.,2022-06-07 04:08:52
8996,8997,11954,518,1030,5,Fast and safe driver.,2023-03-31 06:53:50
8998,8999,11955,1087,518,4,"Great driver, very professional!",2023-02-26 11:27:56
9000,9001,11957,64,132,3,Trip was okay.,2022-08-27 16:17:14
9001,9002,11957,132,64,3,Super friendly and helpful.,2022-08-27 15:15:14
9002,9003,11961,1632,408,3,Average experience.,2023-02-02 18:53:15
9004,9005,11963,1331,1632,2,Very clean car.,2024-04-28 21:49:55
9005,9006,11964,1632,1544,4,"Great rider, very polite.",2023-01-12 06:50:57
9006,9007,11964,1544,1632,3,Very clean car.,2023-01-12 07:45:57
9007,9008,11966,1632,1088,3,Got there safely.,2023-11-29 19:44:27
9008,9009,11967,1632,601,3,Fine driver.,2023-11-03 06:20:09
9009,9010,11967,601,1632,3,Super friendly and helpful.,2023-11-03 07:33:09
9011,9012,11971,1632,1941,2,Had trouble finding the pickup spot.,2022-10-21 02:13:17
9012,9013,11972,860,1632,4,"Smooth ride, on time.",2022-07-21 16:18:06
9013,9014,11974,1632,898,4,"Smooth ride, on time.",2024-02-16 17:27:20
9017,9018,11977,1794,581,4,"Great driver, very professional!",2022-05-15 11:49:05
9018,9019,11978,581,1658,4,"5 stars, highly recommend!",2022-11-10 08:22:24
9019,9020,11978,1658,581,3,"Smooth ride, on time.",2022-11-10 08:43:24
9022,9023,11982,581,120,3,Nothing to complain about.,2023-03-09 02:47:34
9023,9024,11983,581,44,4,"Great rider, very polite.",2022-01-18 12:54:36
9024,9025,11983,44,581,5,"Excellent service, will ride again.",2022-01-18 14:52:36
9027,9028,11989,199,581,5,"Smooth ride, on time.",2023-08-02 17:39:58
9028,9029,11990,581,1030,3,Nothing to complain about.,2024-03-11 18:19:55
9029,9030,11990,1030,581,4,Very clean car.,2024-03-11 16:30:55
9030,9031,11991,581,1301,5,"Perfect trip, no issues.",2023-07-22 06:27:55
9031,9032,11993,1286,581,3,"Excellent service, will ride again.",2024-01-11 06:04:13
9032,9033,11994,581,1139,4,"Quick and efficient, thanks!",2023-07-18 00:37:29
9035,9036,11997,131,581,2,"Great driver, very professional!",2023-08-01 02:36:46
9036,9037,11999,1042,1653,4,"Smooth ride, on time.",2023-07-21 00:00:00
9037,9038,11999,1653,1042,3,"Excellent service, will ride again.",2023-07-21 00:25:00
9038,9039,12000,1042,1684,4,Very courteous driver.,2022-10-01 14:34:34
9040,9041,12001,782,1042,3,"Excellent service, will ride again.",2022-07-03 06:00:52
9042,9043,12005,583,230,3,Got there safely.,2023-08-03 11:02:17
9043,9044,12006,583,494,3,Decent experience.,2023-03-06 06:52:10
9044,9045,12007,1999,583,4,"Smooth ride, on time.",2023-05-26 14:07:53
9045,9046,12009,583,1472,5,"Smooth ride, on time.",2024-05-10 05:26:21
9046,9047,12010,583,1562,5,"Excellent service, will ride again.",2023-11-10 08:27:00
9047,9048,12010,1562,583,4,"Smooth ride, on time.",2023-11-10 10:31:00
9048,9049,12012,583,1380,4,Loved the music selection!,2022-11-25 07:54:16
9049,9050,12013,286,583,3,Super friendly and helpful.,2023-11-05 05:49:46
9050,9051,12014,583,1087,3,Acceptable ride.,2022-04-15 14:39:18
9051,9052,12015,583,898,5,Loved the music selection!,2024-05-17 16:28:20
9052,9053,12017,142,583,4,"Great driver, very professional!",2022-04-02 08:39:50
9053,9054,12018,583,1104,3,Trip was okay.,2023-02-26 01:37:46
9054,9055,12018,1104,583,4,"Smooth ride, on time.",2023-02-26 03:26:46
9055,9056,12022,69,1713,4,"Quick and efficient, thanks!",2022-05-27 10:31:44
9058,9059,12026,429,448,5,Super friendly and helpful.,2024-02-03 05:34:42
9063,9064,12032,1248,429,3,Super friendly and helpful.,2024-06-06 05:34:34
9064,9065,12034,66,429,2,Super friendly and helpful.,2023-08-09 11:02:48
9067,9068,12040,429,1948,4,"5 stars, highly recommend!",2022-08-03 23:06:32
9068,9069,12040,1948,429,4,Super friendly and helpful.,2022-08-03 23:36:32
9071,9072,12044,1410,429,4,Super friendly and helpful.,2023-09-23 18:43:03
9073,9074,12046,564,429,4,"Great driver, very professional!",2023-08-27 20:28:07
9077,9078,12051,698,929,5,"Quick and efficient, thanks!",2023-05-05 09:52:52
9079,9080,12055,698,1781,4,Fast and safe driver.,2024-05-17 17:26:47
9080,9081,12056,698,898,4,"Excellent service, will ride again.",2023-12-01 21:47:11
9082,9083,12058,698,1955,4,Very clean car.,2023-07-18 14:12:41
9083,9084,12059,698,1243,5,"Perfect trip, no issues.",2022-08-14 02:36:57
9086,9087,12061,288,698,3,Very clean car.,2022-01-12 17:32:49
9088,9089,12062,147,698,3,"Smooth ride, on time.",2022-04-04 10:19:28
9089,9090,12063,698,146,3,Acceptable ride.,2022-10-13 20:04:03
9090,9091,12064,698,494,4,"Perfect trip, no issues.",2022-04-03 13:17:35
9091,9092,12065,1350,698,5,"Excellent service, will ride again.",2023-03-19 05:13:03
9092,9093,12067,698,97,3,Fine driver.,2022-02-11 07:03:19
9093,9094,12067,97,698,3,"Smooth ride, on time.",2022-02-11 09:23:19
9094,9095,12068,698,1853,4,Super friendly and helpful.,2024-05-04 13:01:38
9099,9100,12079,698,920,3,"OK trip, nothing special.",2022-02-10 23:53:48
9102,9103,12081,742,698,3,Super friendly and helpful.,2023-04-15 04:03:36
9104,9105,12084,698,115,3,Average experience.,2023-03-13 00:15:50
9107,9108,12089,698,1477,4,Loved the music selection!,2023-03-29 13:17:56
9109,9110,12090,331,698,4,"Smooth ride, on time.",2023-05-24 15:31:26
9110,9111,12091,1210,698,4,Super friendly and helpful.,2022-03-18 13:48:55
9112,9113,12095,1865,698,3,"Smooth ride, on time.",2022-09-20 19:29:59
9114,9115,12096,705,698,3,"Excellent service, will ride again.",2024-05-27 09:04:30
9115,9116,12097,698,919,4,Fast and safe driver.,2022-07-04 21:25:49
9116,9117,12100,698,1894,3,Trip was okay.,2024-01-02 02:30:40
9117,9118,12100,1894,698,3,Super friendly and helpful.,2024-01-02 02:02:40
9118,9119,12103,1479,698,3,"Excellent service, will ride again.",2023-04-05 23:32:19
9119,9120,12104,698,461,4,Very clean car.,2023-03-17 12:39:26
9120,9121,12105,698,488,2,Had trouble finding the pickup spot.,2023-08-31 23:00:37
9126,9127,12112,448,698,3,"Excellent service, will ride again.",2022-04-14 20:51:29
9128,9129,12113,1352,698,4,"Excellent service, will ride again.",2022-07-30 05:01:59
9130,9131,12117,698,324,4,"Easy pickup, no problems.",2023-01-31 08:26:52
9135,9136,12123,698,867,4,"Smooth ride, on time.",2022-12-30 22:13:22
9137,9138,12125,698,1853,3,Trip was okay.,2024-04-29 00:45:55
9139,9140,12126,341,698,2,Super friendly and helpful.,2023-02-12 13:01:58
9140,9141,12127,698,448,3,Got there safely.,2024-04-28 17:25:14
9141,9142,12129,698,393,4,"Quick and efficient, thanks!",2023-07-10 09:16:04
9142,9143,12130,1328,698,3,"Great driver, very professional!",2023-12-27 14:45:55
9143,9144,12131,698,1403,4,Loved the music selection!,2024-03-08 03:28:16
9146,9147,12135,698,1853,4,"Excellent service, will ride again.",2022-02-24 23:21:40
9149,9150,12138,506,698,3,Very clean car.,2022-08-08 22:50:00
9150,9151,12139,1838,52,4,"Great rider, very polite.",2024-05-14 21:05:44
9151,9152,12139,52,1838,4,Very clean car.,2024-05-14 22:15:44
9153,9154,12142,1763,1619,3,Very clean car.,2023-10-01 05:14:54
9155,9156,12144,97,1236,2,"Great driver, very professional!",2022-01-08 16:39:34
9157,9158,12147,1236,1649,3,Nothing to complain about.,2023-04-16 16:01:36
9159,9160,12150,386,1776,4,Very comfortable ride.,2023-12-28 00:36:49
9160,9161,12151,1945,1477,4,"Excellent service, will ride again.",2022-04-09 04:22:30
9161,9162,12152,1342,612,3,Fine driver.,2022-01-19 07:09:32
9162,9163,12152,612,1342,2,"Smooth ride, on time.",2022-01-19 06:24:32
9164,9165,12158,1160,1991,4,"Quick and efficient, thanks!",2022-07-05 10:58:22
9165,9166,12159,1160,1243,5,"Great driver, very professional!",2022-07-08 00:45:18
9166,9167,12161,1578,1099,4,Very courteous driver.,2024-06-17 05:56:27
9168,9169,12162,40,1468,2,"Excellent service, will ride again.",2022-10-17 00:37:52
9170,9171,12165,1468,1035,4,Very comfortable ride.,2022-04-16 10:20:22
9172,9173,12166,286,1468,4,"Excellent service, will ride again.",2023-02-02 23:15:45
9173,9174,12167,501,1237,4,Very clean car.,2023-02-19 21:11:59
9174,9175,12167,1237,501,3,"Great driver, very professional!",2023-02-19 21:12:59
9175,9176,12169,298,224,4,"5 stars, highly recommend!",2022-09-16 06:48:25
9176,9177,12169,224,298,4,Very clean car.,2022-09-16 07:38:25
9178,9179,12170,1437,298,3,"Great driver, very professional!",2024-03-17 20:08:08
9179,9180,12174,298,1221,3,Got there safely.,2024-06-01 23:28:45
9180,9181,12175,1825,298,2,Super friendly and helpful.,2022-07-13 17:47:26
9185,9186,12183,1544,298,4,"Excellent service, will ride again.",2022-10-14 09:44:12
9187,9188,12187,298,1781,5,"Great rider, very polite.",2022-05-11 01:48:04
9188,9189,12187,1781,298,5,Very clean car.,2022-05-11 01:25:04
9189,9190,12188,298,1286,4,"5 stars, highly recommend!",2023-03-17 20:32:45
9190,9191,12191,298,1099,5,Fast and safe driver.,2024-06-19 01:51:13
9191,9192,12193,298,164,3,Acceptable ride.,2023-12-12 19:28:30
9192,9193,12194,298,31,4,Fast and safe driver.,2022-01-29 10:37:40
9193,9194,12196,1413,298,3,Very clean car.,2023-05-26 05:54:52
9194,9195,12199,14,298,2,"Great driver, very professional!",2023-10-24 14:57:06
9195,9196,12200,298,834,4,"Smooth ride, on time.",2022-02-16 19:23:59
9200,9201,12203,612,298,3,Very clean car.,2022-03-25 01:55:58
9201,9202,12205,485,298,4,Super friendly and helpful.,2024-04-12 04:35:05
9202,9203,12207,766,298,3,"Great driver, very professional!",2023-12-20 05:22:56
9203,9204,12208,1053,298,3,Very clean car.,2023-04-28 23:00:25
9204,9205,12209,298,789,3,Fine driver.,2023-06-28 19:05:37
9206,9207,12211,298,1724,5,"Excellent service, will ride again.",2022-03-21 11:57:55
9207,9208,12212,1162,298,4,Very clean car.,2023-08-18 11:25:29
9208,9209,12216,1198,298,4,"Excellent service, will ride again.",2022-10-16 01:49:49
9209,9210,12217,1461,298,4,Super friendly and helpful.,2022-04-05 08:23:39
9210,9211,12218,298,1853,4,Car was spotless.,2022-03-09 05:08:12
9214,9215,12224,439,298,4,"Excellent service, will ride again.",2023-09-30 15:30:47
9215,9216,12225,298,1087,4,"5 stars, highly recommend!",2024-03-21 06:25:42
9217,9218,12227,298,705,4,"Great driver, very professional!",2023-01-04 01:58:07
9218,9219,12228,298,643,4,"Great rider, very polite.",2023-05-03 05:19:19
9220,9221,12233,498,298,3,"Great driver, very professional!",2023-10-02 17:35:13
9221,9222,12234,298,1724,4,"Easy pickup, no problems.",2024-04-12 19:25:13
9223,9224,12236,298,394,5,Very courteous driver.,2024-04-20 07:57:30
9225,9226,12240,298,1170,5,"Great rider, very polite.",2024-02-25 20:26:34
9227,9228,12242,298,1763,3,Fine driver.,2023-04-27 21:31:30
9229,9230,12245,570,411,3,"Great driver, very professional!",2023-03-09 18:25:05
9232,9233,12249,1023,411,3,Super friendly and helpful.,2023-03-01 03:19:24
9233,9234,12250,553,411,4,"Great driver, very professional!",2024-01-02 13:19:41
9235,9236,12252,411,131,4,"Perfect trip, no issues.",2023-07-20 18:43:03
9238,9239,12258,1196,411,3,"Great driver, very professional!",2022-02-17 22:58:21
9240,9241,12260,1965,237,5,"Great driver, very professional!",2024-05-15 19:04:27
9242,9243,12265,395,1141,4,Very clean car.,2022-08-23 11:15:13
9243,9244,12266,395,1608,5,"Excellent service, will ride again.",2022-04-27 21:19:27
9244,9245,12266,1608,395,3,"Great driver, very professional!",2022-04-27 21:20:27
9248,9249,12270,1248,395,3,Super friendly and helpful.,2022-12-16 00:10:01
9250,9251,12273,395,293,4,Loved the music selection!,2024-02-07 06:57:27
9253,9254,12275,1162,395,3,"Smooth ride, on time.",2022-09-09 11:12:27
9255,9256,12276,1380,395,5,"Smooth ride, on time.",2023-04-13 08:09:42
9257,9258,12279,1035,395,4,"Excellent service, will ride again.",2022-12-22 19:41:53
9259,9260,12283,542,395,3,Super friendly and helpful.,2024-05-18 21:32:04
9260,9261,12287,395,1492,5,"Perfect trip, no issues.",2022-02-03 17:04:49
9261,9262,12287,1492,395,2,"Excellent service, will ride again.",2022-02-03 18:31:49
9262,9263,12288,395,1526,4,"Easy pickup, no problems.",2022-03-18 12:11:32
9263,9264,12288,1526,395,5,Very clean car.,2022-03-18 12:34:32
9264,9265,12289,1981,395,4,Very clean car.,2023-05-31 07:20:34
9265,9266,12290,395,179,5,Super friendly and helpful.,2022-04-02 10:09:45
9268,9269,12294,1658,395,3,"Great driver, very professional!",2022-01-29 19:18:44
9269,9270,12296,1479,395,3,"Great driver, very professional!",2022-09-28 12:18:50
9270,9271,12298,706,932,5,Very comfortable ride.,2022-08-30 10:06:28
9271,9272,12299,818,706,3,Super friendly and helpful.,2022-04-06 13:14:32
9272,9273,12300,706,55,5,"Excellent service, will ride again.",2023-10-20 21:49:57
9273,9274,12300,55,706,3,Super friendly and helpful.,2023-10-20 22:50:57
9276,9277,12304,706,488,3,Average experience.,2022-02-19 16:15:29
9278,9279,12306,1087,706,4,Very clean car.,2023-08-27 01:49:11
9280,9281,12310,1356,706,4,Super friendly and helpful.,2023-05-01 16:47:10
9285,9286,12315,549,706,3,Very clean car.,2023-01-08 23:06:42
9288,9289,12321,706,1956,4,"Easy pickup, no problems.",2022-05-17 06:40:33
9289,9290,12323,257,1170,4,Loved the music selection!,2024-02-15 20:47:07
9290,9291,12326,1790,257,4,"Smooth ride, on time.",2022-06-29 17:35:25
9291,9292,12330,699,542,5,Car was spotless.,2024-06-17 14:41:24
9292,9293,12333,699,1243,4,"Smooth ride, on time.",2024-06-11 11:22:40
9293,9294,12333,1243,699,3,Very clean car.,2024-06-11 09:56:40
9294,9295,12334,699,553,3,Trip was okay.,2022-06-30 21:43:09
9295,9296,12335,699,1267,3,Decent experience.,2022-09-02 12:34:09
9296,9297,12336,1189,293,5,"5 stars, highly recommend!",2024-04-03 06:05:05
9297,9298,12336,293,1189,3,Very clean car.,2024-04-03 05:54:05
9298,9299,12337,387,162,3,Got there safely.,2022-05-29 08:01:01
9299,9300,12337,162,387,4,Very clean car.,2022-05-29 09:30:01
9301,9302,12339,1684,1142,4,Very clean car.,2023-11-01 01:04:55
9303,9304,12340,1684,1142,3,"Smooth ride, on time.",2022-02-04 21:55:36
9305,9306,12345,1142,1001,4,Very comfortable ride.,2023-06-10 21:29:34
9306,9307,12345,1001,1142,2,"Excellent service, will ride again.",2023-06-10 20:01:34
9308,9309,12349,190,1142,3,"Excellent service, will ride again.",2023-09-11 16:48:15
9309,9310,12352,1142,1479,5,"Perfect trip, no issues.",2023-04-09 22:52:34
9310,9311,12353,593,1142,4,"Smooth ride, on time.",2023-01-31 21:46:58
9313,9314,12358,1142,1606,4,Very comfortable ride.,2022-05-15 17:09:33
9314,9315,12358,1606,1142,2,Super friendly and helpful.,2022-05-15 16:48:33
9319,9320,12363,1142,570,4,Very courteous driver.,2024-01-07 00:08:04
9321,9322,12364,1111,1142,4,"Smooth ride, on time.",2023-07-03 01:12:37
9323,9324,12366,1142,977,4,"Easy pickup, no problems.",2022-03-11 20:04:51
9324,9325,12367,1142,1894,3,"OK trip, nothing special.",2024-01-02 07:50:36
9325,9326,12368,1142,1574,3,Acceptable ride.,2023-07-20 18:34:48
9327,9328,12369,995,1142,2,Super friendly and helpful.,2022-09-24 18:34:37
9328,9329,12375,1142,860,4,"Easy pickup, no problems.",2023-03-06 20:01:15
9331,9332,12379,494,1142,4,Very clean car.,2024-01-21 03:33:23
9333,9334,12383,608,1142,4,"Excellent service, will ride again.",2023-06-18 11:46:09
9337,9338,12391,1288,1142,2,"Great driver, very professional!",2022-01-02 20:13:56
9340,9341,12395,1142,834,4,Loved the music selection!,2024-06-13 16:52:48
9342,9343,12398,515,1142,3,"Great driver, very professional!",2023-07-17 07:13:58
9343,9344,12399,1011,1142,4,"Excellent service, will ride again.",2023-05-21 14:10:10
9350,9351,12414,1410,1142,4,"Great driver, very professional!",2024-06-27 03:28:19
9351,9352,12415,1142,1790,4,"Quick and efficient, thanks!",2022-07-10 19:24:37
9352,9353,12415,1790,1142,4,"Great driver, very professional!",2022-07-10 18:42:37
9355,9356,12419,1142,1371,5,"Smooth ride, on time.",2024-02-20 04:18:55
9357,9358,12420,1142,1828,4,Car was spotless.,2024-01-22 02:02:30
9359,9360,12424,1142,647,5,Fast and safe driver.,2024-02-18 22:44:19
9360,9361,12427,1142,44,4,"Great driver, very professional!",2024-01-20 11:04:29
9361,9362,12427,44,1142,4,Very clean car.,2024-01-20 10:23:29
9362,9363,12430,1430,329,5,"Smooth ride, on time.",2023-12-04 17:56:44
9363,9364,12431,593,1501,3,Super friendly and helpful.,2022-07-01 23:02:06
9366,9367,12433,40,1501,4,Super friendly and helpful.,2023-09-03 08:13:08
9367,9368,12435,1501,1111,5,"Great rider, very polite.",2023-01-05 14:54:30
9368,9369,12436,1501,1853,3,"OK trip, nothing special.",2022-09-18 10:24:00
9369,9370,12437,553,1501,4,"Smooth ride, on time.",2022-02-14 19:33:42
9370,9371,12442,1206,1750,3,Very clean car.,2022-06-15 13:35:42
9372,9373,12444,1750,1555,4,Car was spotless.,2022-10-12 05:17:47
9373,9374,12444,1555,1750,3,Super friendly and helpful.,2022-10-12 05:07:47
9374,9375,12447,1557,742,3,Fine driver.,2023-05-18 20:22:28
9376,9377,12449,586,146,3,Decent experience.,2023-11-26 22:29:44
9378,9379,12450,705,586,4,Super friendly and helpful.,2022-08-14 18:55:43
9380,9381,12452,842,586,4,"Great driver, very professional!",2022-08-21 18:23:57
9382,9383,12454,1497,586,3,"Excellent service, will ride again.",2024-01-23 08:54:21
9383,9384,12455,586,833,4,Super friendly and helpful.,2024-01-22 04:55:31
9384,9385,12455,833,586,3,"Smooth ride, on time.",2024-01-22 05:59:31
9386,9387,12457,2,586,3,Very clean car.,2022-05-06 21:30:50
9387,9388,12460,602,586,3,"Great driver, very professional!",2022-10-17 16:56:02
9388,9389,12462,393,586,3,"Smooth ride, on time.",2023-11-05 04:44:30
9390,9391,12469,1422,974,4,"Quick and efficient, thanks!",2024-04-02 02:55:04
9391,9392,12470,49,1170,3,Acceptable ride.,2023-06-25 12:22:58
9393,9394,12472,49,1100,4,"Quick and efficient, thanks!",2023-11-05 12:02:33
9395,9396,12473,49,664,4,"Great rider, very polite.",2022-11-26 02:32:38
9396,9397,12473,664,49,3,"Smooth ride, on time.",2022-11-26 04:00:38
9397,9398,12474,1605,49,4,Super friendly and helpful.,2022-10-12 15:41:30
9400,9401,12478,49,1606,5,"5 stars, highly recommend!",2022-08-02 04:01:36
9401,9402,12478,1606,49,3,Super friendly and helpful.,2022-08-02 04:54:36
9404,9405,12482,1802,97,4,"Quick and efficient, thanks!",2022-08-30 09:28:28
9405,9406,12485,777,703,4,"Great driver, very professional!",2022-05-17 22:08:05
9406,9407,12488,703,959,4,"Excellent service, will ride again.",2023-01-29 06:41:43
9407,9408,12489,1552,1477,4,Very comfortable ride.,2022-06-30 04:54:17
9408,9409,12490,1552,1495,4,"Excellent service, will ride again.",2022-07-10 08:08:14
9409,9410,12490,1495,1552,4,Super friendly and helpful.,2022-07-10 06:33:14
9410,9411,12492,1098,1197,3,Nothing to complain about.,2022-03-26 10:56:06
9413,9414,12495,66,531,4,"Great driver, very professional!",2024-02-23 04:44:38
9417,9418,12503,1035,1669,3,"Excellent service, will ride again.",2024-06-05 14:42:52
9418,9419,12504,564,1669,3,"Smooth ride, on time.",2023-04-10 16:20:37
9420,9421,12508,1669,1983,4,"Easy pickup, no problems.",2022-10-02 11:21:32
9421,9422,12508,1983,1669,3,Super friendly and helpful.,2022-10-02 12:38:32
9424,9425,12514,1669,1651,4,"Great driver, very professional!",2023-08-26 03:52:08
9425,9426,12514,1651,1669,3,Super friendly and helpful.,2023-08-26 04:37:08
9430,9431,12519,1669,338,5,Very comfortable ride.,2023-02-24 20:59:16
9431,9432,12519,338,1669,5,"Great driver, very professional!",2023-02-24 23:15:16
9433,9434,12521,986,1669,1,"Great driver, very professional!",2022-03-11 04:35:22
9435,9436,12524,1964,1044,5,"Excellent service, will ride again.",2023-11-27 23:28:59
9436,9437,12525,1964,121,3,Acceptable ride.,2022-09-04 17:24:01
9437,9438,12526,1964,1286,4,"Great rider, very polite.",2022-08-22 16:34:30
9438,9439,12528,1964,959,4,Very comfortable ride.,2022-07-30 21:15:14
9444,9445,12535,908,1964,3,"Smooth ride, on time.",2022-01-15 08:30:33
9446,9447,12537,1100,1964,3,"Excellent service, will ride again.",2022-04-11 08:20:55
9447,9448,12538,1964,741,3,Got there safely.,2023-11-24 03:25:44
9448,9449,12541,1964,1311,4,Car was spotless.,2024-06-23 06:52:58
9449,9450,12542,1964,1438,3,"OK trip, nothing special.",2024-02-17 22:20:25
9452,9453,12544,1983,1964,4,Super friendly and helpful.,2022-02-24 12:16:52
9454,9455,12545,996,1964,3,"Excellent service, will ride again.",2024-01-08 23:07:45
9455,9456,12546,1386,1964,2,Super friendly and helpful.,2023-02-14 07:08:48
9457,9458,12548,1964,121,4,Fast and safe driver.,2023-09-14 03:40:17
9459,9460,12550,1937,1964,3,"Excellent service, will ride again.",2024-06-30 00:43:08
9460,9461,12552,1964,1941,3,Got there safely.,2023-10-16 06:57:30
9462,9463,12556,779,1964,3,Very clean car.,2022-01-20 07:25:10
9463,9464,12557,1964,1053,3,Nothing to complain about.,2024-03-21 00:30:29
9464,9465,12557,1053,1964,3,Super friendly and helpful.,2024-03-21 03:09:29
9466,9467,12558,15,1964,2,Very clean car.,2022-03-24 11:06:35
9467,9468,12561,1964,248,3,Fine driver.,2022-04-25 05:57:48
9468,9469,12561,248,1964,3,"Great driver, very professional!",2022-04-25 06:30:48
9472,9473,12566,508,1964,3,"Great driver, very professional!",2022-04-06 06:05:48
9473,9474,12567,1964,1343,4,Car was spotless.,2023-01-05 16:40:44
9474,9475,12568,1964,1288,3,Nothing to complain about.,2024-01-03 21:39:49
9475,9476,12569,1964,1041,4,"Perfect trip, no issues.",2023-05-31 21:29:22
9478,9479,12574,1964,5,3,Decent experience.,2024-03-07 08:37:09
9479,9480,12575,1964,1763,3,Trip was okay.,2023-12-30 11:26:22
9480,9481,12576,136,1964,4,Very clean car.,2022-09-30 00:15:01
9485,9486,12584,1703,1590,2,Had trouble finding the pickup spot.,2024-01-21 22:19:42
9486,9487,12588,430,1703,4,"Great driver, very professional!",2022-08-27 16:45:43
9488,9489,12589,132,1703,3,"Excellent service, will ride again.",2022-08-25 22:54:49
9489,9490,12590,1703,248,4,"Great rider, very polite.",2022-11-29 15:23:22
9492,9493,12596,645,203,2,Very clean car.,2022-12-15 02:47:00
9493,9494,12598,203,118,4,"5 stars, highly recommend!",2023-11-22 13:36:18
9494,9495,12598,118,203,5,"Great driver, very professional!",2023-11-22 13:42:18
9495,9496,12599,203,1497,5,"Excellent service, will ride again.",2023-11-03 18:41:04
9496,9497,12601,203,974,5,"Quick and efficient, thanks!",2023-06-21 17:47:48
9498,9499,12603,1371,203,1,Very clean car.,2022-05-12 13:16:45
9499,9500,12605,203,1397,3,Nothing to complain about.,2023-08-12 21:24:17
9500,9501,12605,1397,203,4,Very clean car.,2023-08-12 22:14:17
9502,9503,12608,203,1311,4,"Smooth ride, on time.",2023-11-18 14:03:01
9505,9506,12612,203,452,4,Car was spotless.,2022-09-27 04:12:23
9506,9507,12612,452,203,3,"Excellent service, will ride again.",2022-09-27 04:05:23
9507,9508,12613,203,776,2,Took a longer route.,2022-02-05 08:13:47
9509,9510,12616,1205,1395,3,Super friendly and helpful.,2022-05-24 09:05:16
9510,9511,12617,1395,766,2,Driver was late.,2024-06-13 16:58:27
9511,9512,12618,1395,789,4,Very comfortable ride.,2023-09-25 04:50:08
9512,9513,12619,1395,1355,4,"Quick and efficient, thanks!",2024-01-13 08:31:25
9513,9514,12624,1395,1373,4,"Perfect trip, no issues.",2022-09-18 12:56:34
9514,9515,12624,1373,1395,4,Very clean car.,2022-09-18 12:25:34
9517,9518,12627,1395,1965,3,Average experience.,2022-02-03 14:35:31
9518,9519,12629,1395,866,3,"OK trip, nothing special.",2022-11-09 20:45:06
9519,9520,12630,1623,1395,4,"Smooth ride, on time.",2022-06-07 14:14:03
9521,9522,12634,1395,1649,3,Average experience.,2023-04-27 18:43:52
9522,9523,12634,1649,1395,3,Very clean car.,2023-04-27 18:45:52
9523,9524,12635,1574,1395,3,"Great driver, very professional!",2023-05-03 17:29:37
9529,9530,12643,690,1395,4,Super friendly and helpful.,2024-02-28 20:41:18
9530,9531,12645,1395,176,3,Fine driver.,2023-12-30 01:01:06
9533,9534,12648,1395,498,4,Very comfortable ride.,2022-02-04 00:24:25
9535,9536,12650,571,1395,3,Very clean car.,2022-01-05 13:46:17
9536,9537,12651,1395,1812,2,Rough driving.,2024-01-26 14:28:54
9537,9538,12651,1812,1395,4,"Smooth ride, on time.",2024-01-26 14:06:54
9538,9539,12652,452,1395,5,"Great driver, very professional!",2024-03-24 12:33:17
9539,9540,12655,1395,1288,3,Nothing to complain about.,2023-09-18 23:01:01
9541,9542,12658,612,1395,4,"Great driver, very professional!",2024-03-26 17:28:15
9543,9544,12661,1395,1781,3,Fine driver.,2022-11-05 06:12:31
9546,9547,12666,1395,833,4,"Great driver, very professional!",2024-03-07 10:38:58
9547,9548,12666,833,1395,4,"Great driver, very professional!",2024-03-07 12:09:58
9548,9549,12668,1395,1975,4,"Perfect trip, no issues.",2023-01-19 11:47:40
9549,9550,12668,1975,1395,3,"Great driver, very professional!",2023-01-19 11:02:40
9551,9552,12670,1395,1207,5,Very courteous driver.,2022-12-15 04:18:39
9552,9553,12671,1395,728,4,"Excellent service, will ride again.",2023-03-12 17:35:53
9557,9558,12674,1395,549,5,Fast and safe driver.,2024-01-31 06:34:52
9558,9559,12675,932,1395,3,Super friendly and helpful.,2022-11-01 12:26:06
9559,9560,12676,1497,1395,5,Very clean car.,2024-03-04 13:55:23
9560,9561,12677,1395,1343,4,"Smooth ride, on time.",2024-02-28 19:27:06
9561,9562,12678,1955,1395,4,"Excellent service, will ride again.",2024-04-02 04:25:44
9562,9563,12679,1395,229,4,Very clean car.,2024-04-02 22:57:27
9566,9567,12682,224,1395,4,"Smooth ride, on time.",2022-02-17 17:28:48
9567,9568,12683,1395,235,4,"Excellent service, will ride again.",2023-02-09 23:22:35
9568,9569,12683,235,1395,3,"Great driver, very professional!",2023-02-09 23:28:35
9569,9570,12684,1395,1091,4,Very clean car.,2023-10-27 05:07:17
9570,9571,12685,1395,155,5,Car was spotless.,2024-03-30 19:28:29
9571,9572,12686,1395,728,3,Average experience.,2022-04-17 01:15:00
9572,9573,12686,728,1395,3,Very clean car.,2022-04-17 00:23:00
9573,9574,12688,602,1533,3,"Smooth ride, on time.",2023-04-11 05:07:16
9574,9575,12689,1533,1461,3,Fine driver.,2022-04-08 12:32:51
9576,9577,12692,1533,31,5,Loved the music selection!,2023-10-30 11:06:00
9580,9581,12696,1350,1967,4,"Great driver, very professional!",2023-04-08 07:38:46
9581,9582,12697,957,1967,3,Very clean car.,2024-01-03 17:21:55
9583,9584,12699,1967,1995,4,Very comfortable ride.,2022-07-24 16:28:07
9584,9585,12699,1995,1967,5,Very clean car.,2022-07-24 17:57:07
9586,9587,12700,1828,1967,3,"Smooth ride, on time.",2024-04-29 20:19:04
9588,9589,12701,1713,1967,2,"Great driver, very professional!",2023-11-06 22:19:04
9591,9592,12705,1830,1967,5,Super friendly and helpful.,2022-05-15 07:34:29
9593,9594,12710,1967,210,5,Super friendly and helpful.,2023-05-30 00:02:51
9596,9597,12713,1386,1967,3,"Excellent service, will ride again.",2023-02-06 18:28:13
9600,9601,12717,1853,312,3,"Smooth ride, on time.",2022-01-13 04:47:01
9602,9603,12721,1293,1051,3,"Smooth ride, on time.",2023-11-23 16:42:41
9603,9604,12724,293,1051,3,Super friendly and helpful.,2023-12-06 10:20:08
9605,9606,12728,1258,121,3,Fine driver.,2023-12-31 07:11:20
9607,9608,12730,1693,976,3,Very clean car.,2022-02-23 17:21:31
9609,9610,12731,1170,1370,5,"Great driver, very professional!",2022-05-26 00:24:30
9611,9612,12733,1370,147,4,Very clean car.,2023-06-06 02:20:48
9613,9614,12736,1370,1775,3,Got there safely.,2022-04-03 15:13:41
9614,9615,12739,1370,433,3,Got there safely.,2022-03-22 20:15:40
9615,9616,12739,433,1370,4,"Smooth ride, on time.",2022-03-22 21:23:40
9620,9621,12745,1370,472,4,Super friendly and helpful.,2022-02-14 21:07:51
9621,9622,12746,1370,1343,4,Fast and safe driver.,2023-03-11 09:35:54
9622,9623,12746,1343,1370,5,"Excellent service, will ride again.",2023-03-11 10:43:54
9627,9628,12753,1370,389,4,Very courteous driver.,2023-01-03 13:58:19
9628,9629,12755,1044,1370,3,"Excellent service, will ride again.",2022-10-26 13:52:25
9629,9630,12756,1162,1370,2,"Excellent service, will ride again.",2023-12-24 17:32:51
9633,9634,12764,337,55,4,"Easy pickup, no problems.",2022-10-23 10:28:02
9634,9635,12765,337,1134,3,Average experience.,2022-04-12 11:37:54
9636,9637,12768,337,1558,4,"5 stars, highly recommend!",2023-11-21 09:56:24
9639,9640,12771,324,337,4,Very clean car.,2023-11-06 09:25:14
9641,9642,12772,542,575,3,Super friendly and helpful.,2022-11-24 03:00:12
9642,9643,12774,777,471,4,Very clean car.,2022-05-04 14:03:18
9644,9645,12780,471,842,4,"Great driver, very professional!",2023-05-09 11:27:25
9648,9649,12784,471,1975,5,Very courteous driver.,2022-03-07 03:42:14
9650,9651,12786,471,1494,5,"Perfect trip, no issues.",2023-01-04 06:12:41
9651,9652,12786,1494,471,3,Very clean car.,2023-01-04 05:18:41
9653,9654,12788,1091,471,4,Very clean car.,2024-06-04 23:20:56
9655,9656,12790,1889,1524,2,"Great driver, very professional!",2022-04-09 19:22:43
9656,9657,12791,1524,789,4,Loved the music selection!,2023-02-24 08:21:26
9657,9658,12791,789,1524,1,"Smooth ride, on time.",2023-02-24 08:42:26
9658,9659,12792,1524,1575,3,"OK trip, nothing special.",2022-12-09 14:01:01
9660,9661,12793,1623,1524,3,Very clean car.,2023-12-21 12:22:05
9662,9663,12800,1524,1608,3,Nothing to complain about.,2024-04-25 04:50:40
9664,9665,12802,1524,647,4,Loved the music selection!,2023-05-10 02:44:31
9666,9667,12807,1524,1197,4,"Great driver, very professional!",2022-11-15 17:38:44
9668,9669,12809,1524,1108,4,"Great driver, very professional!",2022-01-18 19:24:22
9669,9670,12810,1524,439,3,Got there safely.,2022-06-01 14:44:30
9670,9671,12810,439,1524,3,Super friendly and helpful.,2022-06-01 13:22:30
9672,9673,12814,1524,24,4,"Perfect trip, no issues.",2023-08-26 23:12:30
9673,9674,12815,1009,1965,4,Super friendly and helpful.,2023-09-02 08:12:28
9674,9675,12815,1965,1009,5,"Great driver, very professional!",2023-09-02 07:17:28
9675,9676,12816,1009,1030,5,Fast and safe driver.,2024-04-10 23:50:41
9679,9680,12819,1947,1009,3,Super friendly and helpful.,2022-08-06 01:27:29
9680,9681,12820,1009,190,2,Not very clean.,2022-09-30 20:24:50
9681,9682,12820,190,1009,3,Super friendly and helpful.,2022-09-30 19:42:50
9684,9685,12824,1009,1497,4,"Great driver, very professional!",2023-02-09 02:21:52
9685,9686,12824,1497,1009,4,"Great driver, very professional!",2023-02-09 03:17:52
9687,9688,12829,1009,728,4,Fast and safe driver.,2023-12-19 14:59:33
9688,9689,12829,728,1009,4,Super friendly and helpful.,2023-12-19 15:48:33
9689,9690,12830,1009,210,1,Took too long.,2023-08-10 02:11:10
9690,9691,12831,1009,1040,5,Very clean car.,2023-06-10 10:05:50
9691,9692,12831,1040,1009,4,Very clean car.,2023-06-10 11:00:50
9692,9693,12833,1707,1987,3,Average experience.,2023-10-17 08:50:24
9693,9694,12834,1707,868,3,Average experience.,2023-10-24 01:09:29
9694,9695,12836,748,1774,4,Very clean car.,2023-03-30 17:14:17
9695,9696,12837,891,1774,3,Very clean car.,2023-06-01 05:55:55
9696,9697,12838,1774,1170,3,Decent experience.,2024-03-17 11:56:00
9698,9699,12839,477,1774,3,Super friendly and helpful.,2022-08-15 17:09:23
9700,9701,12842,1774,52,5,"Smooth ride, on time.",2022-09-16 20:36:40
9701,9702,12843,1774,1324,4,Very clean car.,2022-10-16 02:10:20
9702,9703,12847,1774,327,4,Loved the music selection!,2022-03-10 23:56:12
9705,9706,12849,323,1774,3,Super friendly and helpful.,2022-03-30 13:55:23
9706,9707,12850,1774,1331,5,Car was spotless.,2022-02-09 20:01:56
9707,9708,12852,1774,328,3,Trip was okay.,2023-02-04 07:39:38
9708,9709,12852,328,1774,3,"Great driver, very professional!",2023-02-04 08:14:38
9710,9711,12854,571,1774,3,"Smooth ride, on time.",2023-11-02 13:37:19
9712,9713,12859,339,384,3,"Excellent service, will ride again.",2024-04-15 12:40:01
9713,9714,12860,1143,920,3,Trip was okay.,2023-02-10 16:57:55
9715,9716,12863,1143,210,3,Acceptable ride.,2022-12-12 00:40:27
9716,9717,12863,210,1143,3,Super friendly and helpful.,2022-12-12 01:50:27
9717,9718,12864,1143,430,3,Decent experience.,2022-12-28 16:46:29
9718,9719,12864,430,1143,5,"Great driver, very professional!",2022-12-28 17:37:29
9719,9720,12868,1143,1267,2,Driver was late.,2023-11-19 07:13:33
9720,9721,12869,1143,339,2,Took a longer route.,2022-05-20 05:32:29
9721,9722,12869,339,1143,4,Very clean car.,2022-05-20 05:17:29
9722,9723,12871,1143,1108,4,Very clean car.,2022-08-05 05:11:04
9725,9726,12876,225,1143,3,Very clean car.,2023-12-18 15:14:41
9726,9727,12877,229,1143,4,Very clean car.,2023-06-22 06:32:14
9727,9728,12878,1143,664,5,Loved the music selection!,2023-10-13 21:28:23
9728,9729,12881,258,1143,4,Super friendly and helpful.,2022-10-24 20:14:22
9729,9730,12882,1143,1839,2,Driver was rude.,2022-02-03 09:48:09
9732,9733,12888,1143,833,3,Nothing to complain about.,2022-10-20 03:11:04
9733,9734,12892,1143,1812,3,Trip was okay.,2023-02-06 05:35:19
9734,9735,12892,1812,1143,3,"Great driver, very professional!",2023-02-06 04:42:19
9736,9737,12895,1139,1143,3,Very clean car.,2022-06-19 22:55:42
9737,9738,12898,1143,15,3,Acceptable ride.,2023-01-07 19:44:39
9738,9739,12901,1143,1207,3,Fine driver.,2023-05-24 09:12:46
9739,9740,12903,1143,571,5,Loved the music selection!,2024-06-13 11:52:05
9740,9741,12906,1684,1143,5,"Smooth ride, on time.",2024-02-14 16:17:58
9741,9742,12907,1143,1100,5,"5 stars, highly recommend!",2022-11-19 01:00:40
9745,9746,12911,1143,1400,5,"Great driver, very professional!",2024-02-10 18:53:46
9746,9747,12911,1400,1143,3,Very clean car.,2024-02-10 17:45:46
9747,9748,12912,1143,1207,5,"Easy pickup, no problems.",2022-01-20 04:15:57
9748,9749,12914,1143,1995,4,"Smooth ride, on time.",2024-02-21 21:22:21
9749,9750,12914,1995,1143,4,Super friendly and helpful.,2024-02-21 21:54:21
9753,9754,12920,24,1540,3,Very clean car.,2024-04-28 13:31:18
9754,9755,12921,898,1540,4,"Excellent service, will ride again.",2024-03-09 17:17:41
9755,9756,12922,85,1983,5,Very comfortable ride.,2022-04-03 03:27:06
9759,9760,12926,969,1528,3,Very clean car.,2023-04-25 01:50:04
9761,9762,12929,876,1400,5,"Easy pickup, no problems.",2023-07-06 04:08:24
9762,9763,12929,1400,876,4,"Smooth ride, on time.",2023-07-06 06:00:24
9763,9764,12932,291,1108,4,"Excellent service, will ride again.",2022-10-25 20:58:21
9764,9765,12932,1108,291,2,Super friendly and helpful.,2022-10-25 21:38:21
9767,9768,12935,542,291,2,"Smooth ride, on time.",2023-11-17 23:55:04
9769,9770,12939,291,1104,3,Decent experience.,2022-05-25 21:34:40
9770,9771,12940,291,1053,5,"Great rider, very polite.",2023-01-01 04:06:56
9771,9772,12941,291,450,3,Fine driver.,2023-10-05 07:51:04
9772,9773,12941,450,291,4,"Smooth ride, on time.",2023-10-05 07:40:04
9774,9775,12944,1437,291,3,Very clean car.,2023-06-20 07:57:34
9776,9777,12946,1507,291,4,"Great driver, very professional!",2022-05-16 23:59:00
9780,9781,12951,389,291,2,"Great driver, very professional!",2022-06-23 15:26:56
9784,9785,12956,291,811,3,Decent experience.,2023-10-10 22:19:52
9785,9786,12956,811,291,4,"Great driver, very professional!",2023-10-10 20:44:52
9786,9787,12957,291,1394,2,Rough driving.,2024-06-28 03:47:32
9788,9789,12960,291,1968,4,Very courteous driver.,2023-04-10 15:09:44
9789,9790,12961,291,1775,5,Super friendly and helpful.,2024-03-15 22:58:54
9790,9791,12962,1623,291,4,Very clean car.,2022-05-04 10:01:14
9792,9793,12964,1781,291,3,Very clean car.,2023-04-11 19:09:43
9794,9795,12969,291,959,3,Acceptable ride.,2023-05-14 13:21:28
9795,9796,12971,291,800,4,"Excellent service, will ride again.",2022-02-03 08:52:32
9797,9798,12975,1373,291,4,Super friendly and helpful.,2022-12-03 21:36:15
9798,9799,12976,947,291,3,"Great driver, very professional!",2023-03-28 04:34:14
9799,9800,12977,1727,291,2,Very clean car.,2022-12-17 21:23:56
9800,9801,12978,291,446,4,"5 stars, highly recommend!",2023-08-31 02:57:20
9801,9802,12978,446,291,3,"Great driver, very professional!",2023-08-31 04:00:20
9802,9803,12980,291,155,4,"Easy pickup, no problems.",2022-08-25 00:33:49
9803,9804,12980,155,291,3,Super friendly and helpful.,2022-08-25 00:20:49
9805,9806,12981,1794,291,5,Super friendly and helpful.,2022-09-09 19:17:24
9806,9807,12983,1839,291,4,Very clean car.,2022-11-13 08:32:51
9807,9808,12984,291,201,4,"5 stars, highly recommend!",2022-12-16 20:22:18
9808,9809,12984,201,291,3,Super friendly and helpful.,2022-12-16 20:05:18
9809,9810,12986,291,898,5,Very clean car.,2023-07-06 15:33:20
9811,9812,12987,544,291,3,Super friendly and helpful.,2022-02-23 00:49:50
9812,9813,12988,291,777,4,Very comfortable ride.,2022-12-18 07:21:01
9813,9814,12989,1427,291,4,"Excellent service, will ride again.",2022-03-05 06:09:21
9816,9817,12994,291,1947,3,Fine driver.,2023-11-14 06:03:04
9818,9819,12996,1081,291,3,"Excellent service, will ride again.",2023-05-03 13:23:15
9819,9820,12997,291,1030,3,Decent experience.,2023-05-26 21:44:27
9825,9826,13002,1847,549,5,Fast and safe driver.,2023-02-17 19:03:10
9826,9827,13002,549,1847,3,"Great driver, very professional!",2023-02-17 17:27:10
9827,9828,13003,1847,115,4,"Easy pickup, no problems.",2023-09-18 04:54:26
9828,9829,13007,1847,1181,5,"Perfect trip, no issues.",2023-12-17 18:47:36
9831,9832,13009,1847,494,4,Fast and safe driver.,2022-04-13 18:37:38
9832,9833,13011,1847,1011,4,"Excellent service, will ride again.",2022-01-12 03:34:13
9834,9835,13014,1847,1853,5,"5 stars, highly recommend!",2022-06-17 01:13:44
9836,9837,13016,789,1847,3,Very clean car.,2023-06-16 16:43:57
9837,9838,13017,1739,849,4,Very clean car.,2024-03-07 00:04:25
9838,9839,13018,1605,849,3,"Great driver, very professional!",2022-12-02 07:16:40
9839,9840,13021,1684,849,4,Very clean car.,2023-10-24 14:51:38
9840,9841,13024,849,271,5,"Excellent service, will ride again.",2024-04-06 20:27:12
9841,9842,13025,849,834,3,Decent experience.,2022-11-17 13:45:56
9842,9843,13025,834,849,3,"Smooth ride, on time.",2022-11-17 14:26:56
9843,9844,13027,849,485,4,"Easy pickup, no problems.",2022-02-11 06:32:20
9844,9845,13028,452,849,3,"Smooth ride, on time.",2024-03-18 17:26:59
9846,9847,13030,849,1812,5,Car was spotless.,2022-03-13 04:15:27
9849,9850,13034,1331,849,4,"Smooth ride, on time.",2022-12-16 16:32:28
9851,9852,13041,989,1555,3,"OK trip, nothing special.",2023-12-30 05:57:05
9852,9853,13041,1555,989,3,"Excellent service, will ride again.",2023-12-30 08:13:05
9855,9856,13044,601,989,3,Super friendly and helpful.,2023-10-08 00:38:16
9857,9858,13045,434,989,3,"Smooth ride, on time.",2024-05-04 13:33:29
9858,9859,13047,989,394,4,Car was spotless.,2024-05-21 07:41:21
9859,9860,13049,989,1352,5,"Quick and efficient, thanks!",2023-03-15 06:33:53
9860,9861,13049,1352,989,3,Very clean car.,2023-03-15 07:48:53
9864,9865,13054,399,1336,4,"Easy pickup, no problems.",2023-03-07 02:44:12
9865,9866,13055,399,919,4,Fast and safe driver.,2022-12-26 11:02:18
9867,9868,13058,1761,898,4,Very clean car.,2022-08-13 05:26:25
9868,9869,13058,898,1761,3,"Smooth ride, on time.",2022-08-13 06:25:25
9870,9871,13063,850,1724,3,Fine driver.,2022-06-16 18:40:18
9871,9872,13064,668,207,5,"Perfect trip, no issues.",2022-06-22 20:19:17
9873,9874,13067,185,834,4,"Great driver, very professional!",2023-06-03 03:53:17
9874,9875,13068,1830,185,5,"Excellent service, will ride again.",2022-01-05 18:49:27
9876,9877,13073,1794,185,3,Very clean car.,2022-01-15 10:29:05
9877,9878,13074,185,1087,4,"Great rider, very polite.",2022-02-15 19:49:01
9880,9881,13079,1473,1331,5,"Great rider, very polite.",2023-09-30 10:16:16
9881,9882,13080,1473,121,4,"Great rider, very polite.",2023-01-11 13:10:54
9882,9883,13082,220,1890,4,Super friendly and helpful.,2023-06-21 20:28:15
9884,9885,13086,1526,220,4,Super friendly and helpful.,2022-11-24 06:02:38
9885,9886,13087,1044,220,4,"Smooth ride, on time.",2024-05-09 07:29:35
9887,9888,13088,969,220,4,"Great driver, very professional!",2023-04-02 14:43:10
9890,9891,13096,1286,220,3,Super friendly and helpful.,2023-01-21 07:02:15
9893,9894,13100,220,1795,4,"Great driver, very professional!",2024-01-22 21:02:50
9894,9895,13101,220,1472,4,Loved the music selection!,2023-04-18 03:32:45
9895,9896,13101,1472,220,4,Super friendly and helpful.,2023-04-18 05:14:45
9897,9898,13104,220,1965,3,"OK trip, nothing special.",2022-09-23 06:38:56
9898,9899,13104,1965,220,3,"Great driver, very professional!",2022-09-23 07:41:56
9899,9900,13106,220,932,5,"Quick and efficient, thanks!",2024-03-26 07:16:37
9900,9901,13107,220,1937,4,"Perfect trip, no issues.",2023-06-18 05:54:41
9902,9903,13108,131,220,4,"Smooth ride, on time.",2024-02-29 02:49:21
9907,9908,13113,220,338,4,Car was spotless.,2024-02-15 05:04:14
9910,9911,13114,1564,220,3,"Excellent service, will ride again.",2024-01-06 12:13:41
9912,9913,13115,779,220,3,"Excellent service, will ride again.",2024-06-11 23:09:26
9914,9915,13118,1999,220,4,"Excellent service, will ride again.",2022-08-12 17:14:12
9915,9916,13119,412,220,3,"Smooth ride, on time.",2024-05-15 05:59:44
9916,9917,13120,220,1709,2,Driver was rude.,2024-05-07 03:16:51
9918,9919,13121,1355,220,5,Very clean car.,2022-09-12 03:29:42
9919,9920,13123,472,220,3,Very clean car.,2023-03-03 23:43:25
9921,9922,13124,2,220,4,"Smooth ride, on time.",2022-08-04 04:30:31
9922,9923,13126,220,1267,3,"OK trip, nothing special.",2024-03-15 19:01:23
9923,9924,13126,1267,220,2,Super friendly and helpful.,2024-03-15 18:31:23
9926,9927,13129,389,220,3,Super friendly and helpful.,2023-12-09 23:29:06
9927,9928,13130,220,1131,4,Loved the music selection!,2023-10-01 20:07:49
9928,9929,13130,1131,220,4,Very clean car.,2023-10-01 20:07:49
9929,9930,13131,220,765,3,Decent experience.,2022-09-16 01:06:32
9930,9931,13132,220,446,5,Very comfortable ride.,2024-03-18 14:05:02
9931,9932,13132,446,220,2,"Smooth ride, on time.",2024-03-18 15:28:02
9932,9933,13135,220,1394,3,Average experience.,2024-01-07 13:33:28
9933,9934,13135,1394,220,4,"Smooth ride, on time.",2024-01-07 13:37:28
9935,9936,13139,220,458,3,Trip was okay.,2023-08-15 07:54:56
9936,9937,13140,220,1693,3,Trip was okay.,2022-04-10 21:39:41
9937,9938,13140,1693,220,3,"Great driver, very professional!",2022-04-10 23:54:41
9938,9939,13142,220,1781,3,Nothing to complain about.,2024-04-30 02:38:59
9939,9940,13143,1461,220,4,"Smooth ride, on time.",2023-06-15 11:47:55
9940,9941,13145,220,1795,2,Driver was rude.,2022-10-13 17:29:03
9941,9942,13147,220,1507,5,Super friendly and helpful.,2022-04-27 07:49:41
9942,9943,13147,1507,220,4,"Smooth ride, on time.",2022-04-27 08:12:41
9944,9945,13153,1948,220,3,"Excellent service, will ride again.",2023-01-06 16:33:05
9946,9947,13157,947,220,4,"Excellent service, will ride again.",2022-08-06 20:42:31
9948,9949,13160,220,1301,5,Very courteous driver.,2024-05-08 17:44:11
9949,9950,13161,220,1237,3,Decent experience.,2023-05-15 22:26:56
9952,9953,13167,798,187,5,Fast and safe driver.,2022-12-30 08:58:53
9954,9955,13170,1104,1834,3,"Smooth ride, on time.",2023-05-23 11:24:36
9955,9956,13171,1834,1494,3,Nothing to complain about.,2023-01-06 07:39:17
9956,9957,13171,1494,1834,4,"Excellent service, will ride again.",2023-01-06 09:25:17
9961,9962,13179,1834,1561,5,"Smooth ride, on time.",2023-06-23 05:16:42
9962,9963,13180,1834,1881,4,Loved the music selection!,2023-08-22 12:53:57
9963,9964,13185,341,1834,4,"Great driver, very professional!",2023-03-30 20:51:38
9964,9965,13187,1198,236,3,Super friendly and helpful.,2023-11-28 11:05:36
9966,9967,13189,236,293,4,"Smooth ride, on time.",2023-06-01 23:05:18
9968,9969,13193,1303,1356,5,Very courteous driver.,2023-03-23 19:43:20
9971,9972,13199,301,5,4,Loved the music selection!,2022-07-13 04:42:35
9973,9974,13201,301,908,3,Nothing to complain about.,2024-04-14 17:40:59
9975,9976,13202,1558,301,3,"Great driver, very professional!",2022-06-04 11:34:09
9976,9977,13206,224,1666,4,"Excellent service, will ride again.",2023-07-28 03:05:52
9978,9979,13211,1666,1400,4,Loved the music selection!,2023-12-27 04:45:05
9981,9982,13216,1666,192,4,Very comfortable ride.,2022-11-18 23:53:34
9984,9985,13220,779,1666,3,Very clean car.,2023-12-21 10:35:43
9986,9987,13222,1666,118,4,"5 stars, highly recommend!",2024-04-07 17:36:05
9987,9988,13223,1614,1461,4,"Great rider, very polite.",2023-05-07 00:58:57
9988,9989,13224,1614,1649,4,Fast and safe driver.,2022-10-26 10:31:25
9989,9990,13225,1614,331,4,Very comfortable ride.,2023-05-05 21:35:22
9991,9992,13227,1623,1614,4,"Excellent service, will ride again.",2023-12-04 00:11:08
9993,9994,13228,1814,1614,4,Very clean car.,2023-02-08 23:49:20
9994,9995,13229,1614,331,4,Car was spotless.,2022-12-14 00:16:55
9996,9997,13231,412,1614,4,Very clean car.,2024-03-10 03:10:59
9999,10000,13235,1052,450,3,Acceptable ride.,2023-03-05 15:48:59
10001,10002,13237,147,1052,5,"Smooth ride, on time.",2022-12-01 06:37:06
10002,10003,13238,194,1052,4,"Smooth ride, on time.",2023-01-16 11:15:56
10003,10004,13239,1301,1052,2,Very clean car.,2022-09-18 00:20:54
10004,10005,13241,1052,162,4,"Quick and efficient, thanks!",2023-08-03 07:14:23
10005,10006,13241,162,1052,4,"Excellent service, will ride again.",2023-08-03 09:08:23
10009,10010,13246,1983,1052,4,Super friendly and helpful.,2022-11-18 13:23:51
10010,10011,13248,1052,1651,4,Very courteous driver.,2023-06-16 05:53:33
10012,10013,13249,1373,560,4,"Excellent service, will ride again.",2022-02-19 18:09:38
10013,10014,13251,560,1461,3,Fine driver.,2022-09-08 00:04:16
10014,10015,13253,560,1210,4,Super friendly and helpful.,2023-03-05 21:20:46
10015,10016,13254,560,866,3,Decent experience.,2024-03-30 08:39:46
10017,10018,13257,765,560,4,Super friendly and helpful.,2022-02-20 00:56:51
10018,10019,13259,560,1035,5,"Great driver, very professional!",2024-04-12 08:14:09
10019,10020,13262,544,560,3,"Great driver, very professional!",2023-12-06 07:13:27
10020,10021,13264,560,1830,3,Got there safely.,2023-10-18 14:19:06
10021,10022,13268,1413,560,5,"Excellent service, will ride again.",2022-11-08 06:16:10
10022,10023,13271,560,1853,3,Acceptable ride.,2023-11-09 05:43:41
10023,10024,13272,560,693,3,Fine driver.,2023-05-27 13:28:35
10025,10026,13275,560,553,5,Super friendly and helpful.,2022-12-26 06:13:13
10026,10027,13276,560,1162,5,Car was spotless.,2023-10-19 10:29:46
10027,10028,13277,1640,560,3,Very clean car.,2023-03-30 19:42:27
10028,10029,13279,560,229,4,"Quick and efficient, thanks!",2022-08-13 11:26:44
10029,10030,13280,560,1084,4,Loved the music selection!,2022-01-16 21:49:49
10031,10032,13284,560,119,4,"Great rider, very polite.",2023-06-09 07:23:25
10032,10033,13284,119,560,2,"Excellent service, will ride again.",2023-06-09 08:54:25
10035,10036,13288,560,891,4,Very clean car.,2023-11-23 08:28:19
10036,10037,13289,560,643,4,"Great driver, very professional!",2022-05-11 02:23:01
10037,10038,13292,630,560,3,Very clean car.,2023-03-15 02:00:12
10038,10039,13295,608,560,3,"Smooth ride, on time.",2024-03-09 08:22:21
10040,10041,13296,940,560,3,"Smooth ride, on time.",2023-07-04 11:25:34
10041,10042,13301,560,1450,3,Got there safely.,2023-03-16 08:05:35
10043,10044,13303,1564,560,5,"Smooth ride, on time.",2023-05-02 22:19:32
10045,10046,13306,560,690,4,Very courteous driver.,2023-09-16 00:39:12
10047,10048,13307,560,1894,3,Got there safely.,2024-03-25 21:14:39
10048,10049,13307,1894,560,4,Super friendly and helpful.,2024-03-25 20:01:39
10049,10050,13308,560,14,4,Fast and safe driver.,2024-03-13 10:40:47
10050,10051,13308,14,560,4,"Great driver, very professional!",2024-03-13 10:17:47
10051,10052,13309,560,570,4,"Perfect trip, no issues.",2022-08-16 23:53:56
10052,10053,13310,560,1995,4,"5 stars, highly recommend!",2023-04-29 00:18:36
10055,10056,13316,560,389,5,Car was spotless.,2022-06-25 07:43:00
10056,10057,13316,389,560,2,Super friendly and helpful.,2022-06-25 07:36:00
10057,10058,13317,560,132,5,Loved the music selection!,2023-03-02 00:16:05
10058,10059,13317,132,560,2,Very clean car.,2023-03-01 23:48:05
10060,10061,13320,1117,560,2,"Great driver, very professional!",2022-03-08 21:36:00
10062,10063,13322,7,1055,1,Very clean car.,2023-11-29 21:30:17
10063,10064,13323,1055,1955,5,"Great driver, very professional!",2024-05-20 23:14:25
10066,10067,13329,1187,753,4,Super friendly and helpful.,2023-01-23 18:55:41
10067,10068,13330,1309,753,4,"Excellent service, will ride again.",2024-02-12 20:59:27
10068,10069,13333,802,1355,4,Loved the music selection!,2022-02-05 13:50:36
10069,10070,13333,1355,802,2,Super friendly and helpful.,2022-02-05 14:50:36
10070,10071,13334,1284,1336,4,"Excellent service, will ride again.",2023-08-27 04:19:13
10072,10073,13337,1284,118,5,"Great rider, very polite.",2023-06-25 08:16:15
10073,10074,13337,118,1284,4,"Great driver, very professional!",2023-06-25 08:36:15
10074,10075,13338,1588,1105,5,"Excellent service, will ride again.",2022-01-25 17:00:57
10079,10080,13345,1238,1544,5,Loved the music selection!,2024-05-13 17:36:11
10081,10082,13346,1238,986,4,Fast and safe driver.,2024-04-14 21:26:12
10082,10083,13346,986,1238,1,"Excellent service, will ride again.",2024-04-14 21:43:12
10083,10084,13348,736,1238,3,Super friendly and helpful.,2023-12-05 03:36:05
10084,10085,13352,1489,1248,2,Car smelled bad.,2022-04-13 21:49:05
10086,10087,13355,1489,1544,4,Loved the music selection!,2024-03-10 06:24:20
10088,10089,13357,1489,919,5,Very clean car.,2023-01-09 20:33:47
10089,10090,13358,825,1489,5,Very clean car.,2022-08-14 14:52:57
10091,10092,13360,1489,1693,4,Fast and safe driver.,2022-10-31 02:20:55
10093,10094,13364,1700,1489,3,"Great driver, very professional!",2023-11-07 11:41:19
10095,10096,13365,1794,1489,4,"Great driver, very professional!",2022-03-10 13:43:09
10098,10099,13368,805,433,4,Super friendly and helpful.,2022-03-23 11:31:50
10100,10101,13370,394,1097,3,Very clean car.,2023-11-26 21:08:28
10101,10102,13373,186,645,3,Average experience.,2022-01-08 13:55:47
10103,10104,13375,1941,186,3,"Excellent service, will ride again.",2022-02-04 16:06:43
10107,10108,13378,1221,186,4,"Excellent service, will ride again.",2022-04-24 01:32:26
10108,10109,13379,186,1035,5,Very comfortable ride.,2023-04-15 12:38:36
10110,10111,13383,186,1764,4,Fast and safe driver.,2022-10-15 17:43:49
10112,10113,13384,1826,186,4,Super friendly and helpful.,2023-03-09 21:54:54
10113,10114,13385,1179,1286,3,Nothing to complain about.,2023-01-17 12:38:09
10114,10115,13387,1862,1403,4,"Excellent service, will ride again.",2023-09-08 00:44:59
10116,10117,13388,66,1862,3,"Smooth ride, on time.",2022-04-07 08:48:24
10117,10118,13389,1507,1337,5,"Great driver, very professional!",2022-02-19 09:33:14
10121,10122,13393,800,1391,3,"Excellent service, will ride again.",2024-01-29 21:13:46
10122,10123,13394,1391,929,3,Fine driver.,2022-06-15 20:37:06
10127,10128,13402,1350,1391,2,"Smooth ride, on time.",2022-03-27 07:03:48
10128,10129,13403,1391,1044,4,"Smooth ride, on time.",2023-03-24 16:17:08
10129,10130,13404,1391,645,5,"Smooth ride, on time.",2024-05-10 04:06:40
10131,10132,13406,1391,201,3,Acceptable ride.,2022-03-15 18:29:55
10133,10134,13409,1391,1941,3,Got there safely.,2022-03-22 15:12:36
10135,10136,13413,1391,690,3,Average experience.,2023-03-27 03:58:49
10137,10138,13414,1310,1391,4,Very clean car.,2024-02-25 19:00:42
10138,10139,13415,1433,1196,5,"Easy pickup, no problems.",2024-03-27 14:14:50
10139,10140,13417,1433,612,2,Took too long.,2024-02-25 06:46:30
10141,10142,13418,225,1433,4,Super friendly and helpful.,2023-07-20 13:24:17
10142,10143,13419,1433,452,4,Loved the music selection!,2022-06-01 21:05:34
10143,10144,13419,452,1433,3,"Smooth ride, on time.",2022-06-01 20:06:34
10147,10148,13428,1433,136,4,Very courteous driver.,2023-03-22 21:57:48
10148,10149,13428,136,1433,3,"Excellent service, will ride again.",2023-03-22 22:23:48
10149,10150,13429,1433,1492,3,Fine driver.,2022-03-15 15:41:22
10153,10154,13434,1640,1433,1,"Excellent service, will ride again.",2023-02-08 21:02:22
10160,10161,13442,1835,327,4,Loved the music selection!,2024-05-02 18:20:28
10161,10162,13442,327,1835,3,Super friendly and helpful.,2024-05-02 19:39:28
10163,10164,13443,549,1835,4,"Smooth ride, on time.",2024-04-10 11:52:58
10165,10166,13448,1835,162,4,"Quick and efficient, thanks!",2024-02-17 19:48:58
10166,10167,13448,162,1835,4,"Smooth ride, on time.",2024-02-17 19:22:58
10169,10170,13450,1955,1835,2,Super friendly and helpful.,2023-09-18 14:16:57
10172,10173,13457,1835,1117,5,Loved the music selection!,2024-05-09 12:58:04
10173,10174,13458,1825,1835,3,Very clean car.,2022-10-20 09:33:00
10174,10175,13462,1835,1828,5,"Great driver, very professional!",2024-02-08 07:45:56
10175,10176,13463,643,594,3,Very clean car.,2023-08-08 06:51:46
10177,10178,13468,924,494,4,"Great rider, very polite.",2024-03-10 15:54:40
10178,10179,13468,494,924,3,"Smooth ride, on time.",2024-03-10 17:13:40
10179,10180,13469,924,1206,5,"Great driver, very professional!",2022-04-05 11:54:16
10180,10181,13469,1206,924,3,"Excellent service, will ride again.",2022-04-05 14:02:16
10181,10182,13471,1301,924,4,Very clean car.,2022-02-10 10:19:40
10184,10185,13474,924,1651,4,"5 stars, highly recommend!",2024-04-19 09:49:38
10185,10186,13474,1651,924,3,"Great driver, very professional!",2024-04-19 10:28:38
10186,10187,13475,1128,924,4,"Smooth ride, on time.",2022-05-22 17:03:05
10187,10188,13478,323,924,5,"Great driver, very professional!",2022-12-23 14:20:49
10188,10189,13479,924,1355,5,"Excellent service, will ride again.",2024-05-20 15:58:59
10189,10190,13481,924,1197,3,Nothing to complain about.,2024-05-23 16:19:05
10193,10194,13484,109,118,4,"Quick and efficient, thanks!",2024-03-10 08:55:06
10194,10195,13484,118,109,3,"Excellent service, will ride again.",2024-03-10 10:16:06
10195,10196,13485,1026,109,3,Super friendly and helpful.,2024-04-18 06:30:41
10196,10197,13486,109,146,2,Took too long.,2023-01-02 09:24:18
10197,10198,13488,109,510,2,Car smelled bad.,2023-02-10 22:57:22
10198,10199,13488,510,109,3,"Great driver, very professional!",2023-02-10 23:52:22
10205,10206,13496,1984,109,3,Super friendly and helpful.,2023-08-24 08:27:36
10208,10209,13499,1001,109,3,Super friendly and helpful.,2023-02-06 09:58:43
10211,10212,13501,256,109,4,Super friendly and helpful.,2022-10-06 08:01:27
10212,10213,13503,109,601,4,"Great rider, very polite.",2024-06-13 03:40:08
10213,10214,13504,215,1108,5,"Easy pickup, no problems.",2023-08-22 09:02:44
10215,10216,13506,215,62,3,Got there safely.,2023-03-28 12:46:25
10216,10217,13506,62,215,5,"Excellent service, will ride again.",2023-03-28 13:54:25
10217,10218,13507,215,256,5,Loved the music selection!,2023-11-09 23:49:30
10218,10219,13509,506,215,3,Very clean car.,2024-04-13 09:10:33
10219,10220,13510,215,318,5,"5 stars, highly recommend!",2022-04-17 13:05:34
10220,10221,13510,318,215,4,Super friendly and helpful.,2022-04-17 12:17:34
10222,10223,13511,1825,215,3,Super friendly and helpful.,2022-04-10 04:29:15
10224,10225,13513,1995,215,3,Very clean car.,2022-08-24 07:04:12
10225,10226,13514,215,726,3,Nothing to complain about.,2022-03-15 13:23:57
10227,10228,13515,215,458,3,Nothing to complain about.,2022-01-19 10:57:41
10228,10229,13516,215,434,5,Loved the music selection!,2022-12-18 09:02:12
10229,10230,13516,434,215,4,Super friendly and helpful.,2022-12-18 07:41:12
10230,10231,13517,996,215,5,"Great driver, very professional!",2023-05-08 08:27:59
10233,10234,13521,215,488,4,"5 stars, highly recommend!",2022-06-09 14:51:49
10234,10235,13521,488,215,5,"Excellent service, will ride again.",2022-06-09 16:39:49
10235,10236,13522,215,1286,4,"Excellent service, will ride again.",2023-03-14 23:24:09
10236,10237,13523,215,436,4,Very comfortable ride.,2022-03-13 16:41:15
10237,10238,13524,215,271,5,Very courteous driver.,2023-05-03 12:04:37
10238,10239,13524,271,215,3,"Great driver, very professional!",2023-05-03 13:41:37
10241,10242,13526,439,1815,4,"Great driver, very professional!",2022-06-13 07:46:37
10242,10243,13528,446,1815,4,Very clean car.,2023-07-12 02:04:57
10243,10244,13530,486,1606,4,"Smooth ride, on time.",2023-11-26 19:52:48
10244,10245,13530,1606,486,3,"Smooth ride, on time.",2023-11-26 20:35:48
10246,10247,13532,486,741,3,"OK trip, nothing special.",2023-01-19 14:16:48
10248,10249,13535,136,808,2,"Excellent service, will ride again.",2023-04-11 22:31:57
10250,10251,13539,231,1839,3,Trip was okay.,2022-01-31 11:12:55
10255,10256,13545,464,833,4,Very comfortable ride.,2023-12-26 03:05:06
10256,10257,13545,833,464,2,Very clean car.,2023-12-26 01:55:06
10257,10258,13546,464,553,4,"Great driver, very professional!",2024-04-09 05:23:09
10258,10259,13547,464,1427,3,Acceptable ride.,2022-01-04 16:14:55
10260,10261,13548,908,464,2,Super friendly and helpful.,2022-11-16 22:09:49
10261,10262,13551,464,139,5,"5 stars, highly recommend!",2022-11-05 06:27:46
10262,10263,13553,464,1443,3,Fine driver.,2022-12-31 18:17:31
10264,10265,13554,1427,464,3,Very clean car.,2022-05-08 15:58:00
10265,10266,13555,464,446,4,Loved the music selection!,2023-10-08 18:28:06
10266,10267,13556,464,1196,4,Car was spotless.,2023-06-09 08:17:29
10268,10269,13558,341,464,2,Super friendly and helpful.,2022-02-04 22:13:16
10270,10271,13560,1794,464,3,"Smooth ride, on time.",2023-03-23 12:31:28
10271,10272,13563,464,1684,5,Loved the music selection!,2023-01-31 18:14:40
10273,10274,13565,464,647,3,Got there safely.,2023-03-19 11:11:21
10275,10276,13566,765,464,3,"Great driver, very professional!",2024-02-13 01:40:34
10278,10279,13572,996,951,3,"Great driver, very professional!",2023-05-28 08:43:07
10280,10281,13573,1286,951,3,Very clean car.,2024-01-27 09:55:56
10281,10282,13577,439,302,3,"Smooth ride, on time.",2023-09-09 18:28:34
10283,10284,13584,339,1358,2,"Smooth ride, on time.",2024-03-12 02:04:58
10284,10285,13587,1358,66,4,Very comfortable ride.,2023-03-09 13:06:39
10288,10289,13592,1237,1358,2,"Great driver, very professional!",2023-09-28 23:18:04
10289,10290,13596,897,1084,3,"OK trip, nothing special.",2023-01-10 08:58:23
10290,10291,13598,1509,897,5,"Great driver, very professional!",2022-04-15 17:52:12
10291,10292,13599,897,1128,3,Fine driver.,2022-04-29 14:23:10
10292,10293,13600,969,897,5,Very clean car.,2023-03-21 12:18:59
10293,10294,13601,157,318,5,"Great driver, very professional!",2022-12-01 01:18:18
10294,10295,13603,157,125,2,Took too long.,2022-04-15 14:53:50
10295,10296,13603,125,157,4,"Excellent service, will ride again.",2022-04-15 13:25:50
10296,10297,13604,157,779,4,"5 stars, highly recommend!",2023-01-04 08:03:55
10298,10299,13608,157,7,4,Very courteous driver.,2024-03-24 22:35:44
10300,10301,13609,430,157,3,"Smooth ride, on time.",2022-01-21 06:40:51
10302,10303,13613,1232,842,3,Acceptable ride.,2023-06-30 11:53:46
10304,10305,13615,1981,18,2,"Smooth ride, on time.",2023-02-25 17:02:28
10305,10306,13617,993,286,5,"Great driver, very professional!",2023-09-01 20:57:53
10307,10308,13621,1525,187,4,Loved the music selection!,2023-08-07 08:13:21
10309,10310,13624,1301,1525,3,Very clean car.,2023-11-16 23:04:58
10311,10312,13627,996,1525,2,"Smooth ride, on time.",2022-10-13 00:30:49
10312,10313,13630,1525,1293,5,Super friendly and helpful.,2022-06-07 13:16:20
10313,10314,13631,1525,1865,5,"Excellent service, will ride again.",2022-08-15 01:35:15
10316,10317,13633,139,358,5,Very clean car.,2022-07-07 12:06:38
10318,10319,13635,358,585,5,"Perfect trip, no issues.",2023-03-16 15:37:34
10320,10321,13636,358,1087,3,Got there safely.,2022-12-01 06:50:06
10321,10322,13636,1087,358,3,"Excellent service, will ride again.",2022-12-01 07:42:06
10322,10323,13638,358,1562,3,Average experience.,2024-06-13 04:58:44
10323,10324,13638,1562,358,4,"Smooth ride, on time.",2024-06-13 05:47:44
10325,10326,13641,358,1477,3,Decent experience.,2024-02-11 23:17:27
10326,10327,13642,358,1371,4,"Excellent service, will ride again.",2023-03-09 00:29:49
10329,10330,13645,645,1463,5,"Smooth ride, on time.",2023-03-30 06:03:51
10332,10333,13649,1463,1495,3,Nothing to complain about.,2023-05-01 05:25:40
10333,10334,13649,1495,1463,3,"Excellent service, will ride again.",2023-05-01 06:28:40
10335,10336,13652,1463,1427,5,"Great rider, very polite.",2022-09-18 23:28:57
10337,10338,13656,1794,1463,4,Very clean car.,2022-05-23 13:27:44
10338,10339,13658,1463,327,4,Fast and safe driver.,2023-06-07 02:21:56
10339,10340,13658,327,1463,3,Very clean car.,2023-06-07 03:01:56
10340,10341,13659,1463,570,5,"Quick and efficient, thanks!",2022-12-07 12:20:03
10342,10343,13661,1463,199,3,"OK trip, nothing special.",2022-12-03 02:26:51
10343,10344,13662,1463,1937,5,"Easy pickup, no problems.",2024-03-23 19:17:07
10344,10345,13663,120,1463,3,"Great driver, very professional!",2023-02-27 11:18:29
10345,10346,13664,224,1463,3,Super friendly and helpful.,2022-09-09 05:53:33
10347,10348,13665,1081,1463,2,"Excellent service, will ride again.",2024-04-09 21:12:04
10348,10349,13669,625,997,4,Very courteous driver.,2022-10-24 02:43:21
10349,10350,13670,625,612,4,"Great rider, very polite.",2023-01-05 18:17:26
10352,10353,13673,235,625,4,Very clean car.,2024-05-17 00:01:44
10355,10356,13676,625,1131,5,"Easy pickup, no problems.",2023-05-27 01:33:37
10356,10357,13679,705,625,2,"Smooth ride, on time.",2023-08-13 11:42:47
10357,10358,13680,625,7,2,Driver was rude.,2023-10-11 17:17:31
10358,10359,13681,1157,833,4,Very clean car.,2023-08-24 18:24:48
10360,10361,13682,256,1157,5,"Excellent service, will ride again.",2022-06-26 21:08:02
10364,10365,13688,1157,1135,3,"OK trip, nothing special.",2024-01-26 18:45:27
10365,10366,13691,585,1157,5,"Smooth ride, on time.",2023-02-08 12:51:42
10369,10370,13696,1157,929,3,Decent experience.,2023-11-05 10:14:18
10371,10372,13698,1157,1450,3,Acceptable ride.,2022-04-21 18:24:41
10372,10373,13700,1157,1288,3,"OK trip, nothing special.",2023-02-28 18:42:43
10373,10374,13700,1288,1157,5,Super friendly and helpful.,2023-02-28 20:43:43
10377,10378,13705,1816,1693,3,Acceptable ride.,2023-07-06 07:15:11
10378,10379,13706,1816,190,3,"OK trip, nothing special.",2022-06-24 22:50:46
10380,10381,13710,1816,940,4,"5 stars, highly recommend!",2023-06-02 01:05:54
10382,10383,13716,1816,508,4,Very clean car.,2024-06-07 06:48:53
10383,10384,13718,1131,1816,1,"Excellent service, will ride again.",2022-11-02 13:18:01
10385,10386,13720,1816,1035,5,Loved the music selection!,2022-05-25 16:37:59
10387,10388,13722,498,1816,3,Super friendly and helpful.,2022-10-03 15:26:11
10389,10390,13724,1309,1816,3,"Smooth ride, on time.",2023-04-11 01:34:35
10392,10393,13729,1937,479,2,Super friendly and helpful.,2024-05-28 01:44:35
10395,10396,13732,1740,1350,3,Average experience.,2024-03-12 07:16:31
10396,10397,13733,1740,502,4,Loved the music selection!,2023-01-14 13:54:03
10400,10401,13738,833,1740,3,"Smooth ride, on time.",2022-11-24 10:25:31
10401,10402,13739,779,1740,2,Very clean car.,2023-08-11 23:39:49
10402,10403,13741,1740,190,4,Very comfortable ride.,2022-05-31 18:34:22
10404,10405,13743,1740,1030,5,"5 stars, highly recommend!",2022-05-25 05:23:06
10405,10406,13743,1030,1740,3,Very clean car.,2022-05-25 06:32:06
10408,10409,13747,1941,238,3,"Smooth ride, on time.",2023-11-22 12:50:52
10409,10410,13748,238,1869,4,"Perfect trip, no issues.",2024-01-22 14:35:33
10411,10412,13749,89,156,2,"Excellent service, will ride again.",2023-01-19 19:38:13
10412,10413,13750,925,16,4,"Great driver, very professional!",2024-05-31 03:24:11
10414,10415,13753,176,719,3,"Great driver, very professional!",2024-03-04 21:32:33
10415,10416,13755,1170,719,3,Very clean car.,2022-09-30 10:58:29
10416,10417,13756,778,719,4,Very clean car.,2023-10-24 04:26:58
10419,10420,13759,1853,719,4,Super friendly and helpful.,2024-03-22 17:52:10
10420,10421,13760,719,1394,3,Average experience.,2023-06-14 02:11:46
10421,10422,13761,1281,719,3,"Great driver, very professional!",2022-10-27 08:49:00
10424,10425,13765,430,1442,3,"Smooth ride, on time.",2022-04-29 18:32:24
10425,10426,13766,1855,190,4,Car was spotless.,2022-08-16 20:28:09
10426,10427,13767,1569,1855,2,"Excellent service, will ride again.",2023-11-13 03:34:46
10428,10429,13772,1201,601,4,Very courteous driver.,2022-01-20 17:35:01
10430,10431,13775,1201,1814,4,"Excellent service, will ride again.",2024-01-21 01:08:14
10433,10434,13778,716,959,5,"Smooth ride, on time.",2023-08-12 19:56:01
10435,10436,13779,1100,357,4,"Smooth ride, on time.",2023-09-18 15:17:39
10436,10437,13780,357,1162,4,Super friendly and helpful.,2024-05-24 14:17:58
10437,10438,13780,1162,357,2,"Smooth ride, on time.",2024-05-24 14:03:58
10438,10439,13782,556,544,4,"Great driver, very professional!",2023-04-24 00:41:33
10442,10443,13786,1243,556,4,Very clean car.,2023-07-07 08:08:20
10443,10444,13790,445,334,4,"Quick and efficient, thanks!",2022-10-18 00:45:06
10444,10445,13791,1543,224,4,"Smooth ride, on time.",2022-03-28 03:33:22
10445,10446,13792,140,1590,4,"Excellent service, will ride again.",2022-08-24 07:42:30
10447,10448,13794,140,1713,2,Took a longer route.,2022-04-07 01:32:01
10448,10449,13795,104,140,5,"Great driver, very professional!",2024-02-28 13:46:59
10449,10450,13797,709,494,5,Super friendly and helpful.,2022-11-27 09:04:34
10450,10451,13797,494,709,3,"Smooth ride, on time.",2022-11-27 08:44:34
10456,10457,13804,709,14,4,"Easy pickup, no problems.",2023-04-15 06:14:15
10457,10458,13804,14,709,4,Super friendly and helpful.,2023-04-15 07:11:15
10461,10462,13808,709,176,5,Very courteous driver.,2022-11-15 17:57:08
10464,10465,13815,1526,709,3,Very clean car.,2024-01-09 06:16:57
10466,10467,13822,576,1104,5,Car was spotless.,2023-03-14 22:48:23
10467,10468,13822,1104,576,3,"Smooth ride, on time.",2023-03-14 23:31:23
10468,10469,13823,576,1336,3,Average experience.,2023-11-07 03:31:44
10469,10470,13823,1336,576,3,"Great driver, very professional!",2023-11-07 05:47:44
10470,10471,13824,576,1131,4,"Great rider, very polite.",2023-04-08 20:09:31
10472,10473,13826,324,1018,3,Super friendly and helpful.,2023-06-27 00:23:07
10473,10474,13832,1696,136,4,Super friendly and helpful.,2024-04-07 19:03:51
10474,10475,13833,46,477,4,"Great driver, very professional!",2022-07-23 04:12:29
10475,10476,13834,46,898,3,Decent experience.,2023-04-04 10:21:15
10476,10477,13835,1765,1,4,"Great driver, very professional!",2023-01-08 03:00:57
10478,10479,13838,1,1790,4,"Smooth ride, on time.",2022-09-22 06:38:48
10479,10480,13838,1790,1,3,"Smooth ride, on time.",2022-09-22 07:58:48
10480,10481,13839,1,318,4,Very courteous driver.,2022-08-28 16:49:35
10482,10483,13844,1,1041,5,"Excellent service, will ride again.",2023-01-15 22:07:49
10483,10484,13844,1041,1,1,Very clean car.,2023-01-15 21:02:49
10484,10485,13845,1739,1,4,Super friendly and helpful.,2022-11-27 21:04:01
10487,10488,13849,1,1430,4,Car was spotless.,2023-02-24 03:36:22
10488,10489,13850,1,1830,3,Acceptable ride.,2023-06-10 13:48:36
10489,10490,13851,207,1,4,"Smooth ride, on time.",2023-04-07 16:05:29
10493,10494,13856,1,1099,3,Nothing to complain about.,2023-12-10 10:54:04
10494,10495,13858,1869,1,5,"Great driver, very professional!",2023-05-22 01:23:14
10495,10496,13859,1386,1,4,"Smooth ride, on time.",2022-09-11 04:37:23
10496,10497,13860,1,920,2,Had trouble finding the pickup spot.,2023-09-20 04:02:21
10497,10498,13861,1,136,4,Very clean car.,2024-02-29 10:10:30
10498,10499,13861,136,1,3,"Smooth ride, on time.",2024-02-29 11:50:30
10500,10501,13863,1,118,5,Super friendly and helpful.,2022-06-27 11:22:30
10501,10502,13868,1,564,4,"Perfect trip, no issues.",2022-02-20 17:53:56
10502,10503,13868,564,1,3,"Smooth ride, on time.",2022-02-20 17:35:56
10503,10504,13869,1,1955,4,Super friendly and helpful.,2023-10-13 21:23:18
10504,10505,13869,1955,1,2,Very clean car.,2023-10-13 22:44:18
10506,10507,13870,14,1,4,"Smooth ride, on time.",2023-11-09 01:32:12
10508,10509,13872,1,1328,3,"OK trip, nothing special.",2024-05-01 16:58:31
10509,10510,13875,1,1170,3,Trip was okay.,2024-06-17 11:06:57
10510,10511,13875,1170,1,4,"Smooth ride, on time.",2024-06-17 13:09:57
10513,10514,13880,1,570,4,"Great driver, very professional!",2023-08-23 16:58:53
10514,10515,13880,570,1,3,"Great driver, very professional!",2023-08-23 15:48:53
10515,10516,13881,1,1765,3,Fine driver.,2024-02-29 08:06:19
10516,10517,13881,1765,1,4,Super friendly and helpful.,2024-02-29 10:20:19
10521,10522,13888,1,776,4,"Great driver, very professional!",2024-05-13 22:56:41
10523,10524,13892,834,1,4,Very clean car.,2024-05-22 12:14:25
10524,10525,13895,1,1336,3,Average experience.,2022-06-03 13:58:49
10525,10526,13896,1207,1,5,"Great driver, very professional!",2023-06-11 08:26:26
10526,10527,13898,1,147,3,Decent experience.,2023-08-22 03:02:20
10529,10530,13903,1,1438,3,Fine driver.,2022-12-15 06:34:17
10530,10531,13905,1,1135,3,Trip was okay.,2023-01-06 12:59:39
10531,10532,13905,1135,1,3,"Smooth ride, on time.",2023-01-06 13:28:39
10533,10534,13910,1,2,4,"Great rider, very polite.",2024-03-08 06:48:52
10540,10541,13919,891,937,3,"Smooth ride, on time.",2023-08-13 13:05:48
10541,10542,13922,1536,1060,3,Average experience.,2023-11-12 02:16:35
10542,10543,13922,1060,1536,3,"Excellent service, will ride again.",2023-11-12 02:42:35
10543,10544,13923,1536,327,5,Loved the music selection!,2023-07-13 15:32:57
10548,10549,13933,330,1267,3,Decent experience.,2023-05-24 02:38:22
10550,10551,13935,825,330,3,Very clean car.,2023-11-26 02:36:06
10551,10552,13936,1302,330,3,"Smooth ride, on time.",2023-05-09 08:47:04
10552,10553,13938,330,974,5,Very comfortable ride.,2024-06-26 17:19:52
10553,10554,13939,1324,330,3,"Smooth ride, on time.",2022-04-19 17:52:37
10554,10555,13941,330,142,5,"Excellent service, will ride again.",2022-07-20 13:56:34
10555,10556,13941,142,330,4,"Great driver, very professional!",2022-07-20 15:12:34
10557,10558,13943,665,330,4,"Excellent service, will ride again.",2023-01-29 23:35:03
10558,10559,13947,1289,179,4,"Perfect trip, no issues.",2023-04-26 00:06:04
10559,10560,13948,1289,1968,5,Super friendly and helpful.,2024-03-31 09:50:01
10560,10561,13949,1289,469,3,Fine driver.,2023-01-18 18:30:50
10561,10562,13950,508,1289,2,Very clean car.,2024-01-21 21:58:58
10565,10566,13954,1380,1289,3,"Great driver, very professional!",2022-11-11 16:21:12
10567,10568,13957,1088,1289,3,"Great driver, very professional!",2022-02-26 11:56:02
10570,10571,13963,1113,494,5,"Great rider, very polite.",2024-05-05 23:36:32
10571,10572,13964,1113,1394,4,"Perfect trip, no issues.",2023-09-04 20:47:27
10572,10573,13966,1113,155,4,"Easy pickup, no problems.",2023-04-24 21:21:27
10574,10575,13969,1113,207,3,Average experience.,2023-03-20 20:36:21
10575,10576,13970,1113,1607,3,"OK trip, nothing special.",2022-07-11 15:35:35
10576,10577,13970,1607,1113,4,"Great driver, very professional!",2022-07-11 17:49:35
10579,10580,13976,1113,97,4,"Easy pickup, no problems.",2022-08-27 11:01:07
10582,10583,13979,779,1113,3,"Great driver, very professional!",2022-02-02 22:45:01
10583,10584,13980,1113,1776,5,Fast and safe driver.,2022-07-07 23:07:48
10585,10586,13985,119,1113,3,Super friendly and helpful.,2022-02-18 11:29:04
10586,10587,13986,1113,1134,5,Super friendly and helpful.,2023-12-24 05:33:27
10587,10588,13987,1113,1205,3,Fine driver.,2022-12-10 16:08:29
10590,10591,13991,1640,1113,3,"Smooth ride, on time.",2023-06-28 11:30:53
10591,10592,13992,1752,1113,2,"Great driver, very professional!",2023-03-26 11:28:44
10592,10593,13993,119,1113,2,"Excellent service, will ride again.",2022-06-15 21:31:11
10594,10595,14001,1113,1128,3,Decent experience.,2022-05-10 10:10:00
10595,10596,14001,1128,1113,2,"Excellent service, will ride again.",2022-05-10 10:37:00
10598,10599,14004,1100,1113,4,Very clean car.,2024-01-19 23:29:19
10600,10601,14005,1397,1113,3,Super friendly and helpful.,2024-03-10 07:32:06
10602,10603,14007,759,1113,3,Very clean car.,2022-09-14 05:05:38
10603,10604,14008,1113,467,3,Got there safely.,2022-06-21 01:27:27
10605,10606,14010,941,1113,4,Super friendly and helpful.,2022-04-12 12:56:56
10606,10607,14011,1113,1736,3,Got there safely.,2023-01-21 10:56:34
10607,10608,14013,1081,1113,3,Very clean car.,2024-06-20 17:36:22
10611,10612,14018,1113,1430,3,Acceptable ride.,2022-05-08 05:44:34
10612,10613,14019,1113,867,3,Fine driver.,2022-11-21 14:01:19
10614,10615,14020,1113,630,4,"Great rider, very polite.",2023-07-04 08:53:45
10615,10616,14022,1113,932,4,"Quick and efficient, thanks!",2023-10-03 16:26:44
10616,10617,14023,1113,1087,2,Took a longer route.,2022-01-24 11:57:04
10619,10620,14026,1113,339,3,Trip was okay.,2022-01-24 21:25:49
10622,10623,14031,1113,1430,5,"Quick and efficient, thanks!",2022-06-22 17:30:51
10623,10624,14032,891,1113,3,Very clean car.,2024-01-04 20:22:48
10627,10628,14035,1113,1507,4,Car was spotless.,2023-10-05 15:51:25
10628,10629,14036,1113,1410,5,Very clean car.,2023-05-16 11:24:05
10630,10631,14039,1113,1764,3,"OK trip, nothing special.",2023-06-15 12:40:26
10631,10632,14039,1764,1113,3,Super friendly and helpful.,2023-06-15 13:44:26
10633,10634,14042,1113,1548,4,"Smooth ride, on time.",2022-12-14 13:13:08
10634,10635,14042,1548,1113,4,"Smooth ride, on time.",2022-12-14 13:37:08
10635,10636,14044,1113,697,5,Fast and safe driver.,2023-07-12 03:10:30
10637,10638,14049,434,1113,3,"Excellent service, will ride again.",2024-06-18 08:08:10
10638,10639,14050,1113,1853,4,"Great rider, very polite.",2022-09-18 21:07:33
10639,10640,14050,1853,1113,3,"Great driver, very professional!",2022-09-18 19:39:33
10641,10642,14051,585,1113,4,"Great driver, very professional!",2023-05-05 10:19:11
10642,10643,14056,1113,759,4,"Great driver, very professional!",2022-06-06 10:30:18
10643,10644,14058,1113,1975,4,"5 stars, highly recommend!",2023-09-30 17:47:40
10645,10646,14060,1113,883,4,"Excellent service, will ride again.",2023-12-15 06:02:13
10646,10647,14060,883,1113,3,"Great driver, very professional!",2023-12-15 05:01:13
10647,10648,14061,1227,1113,4,"Great driver, very professional!",2024-02-05 10:57:32
10648,10649,14063,1373,1113,3,"Smooth ride, on time.",2023-10-19 05:25:33
10650,10651,14064,508,1113,3,Very clean car.,2022-03-25 17:12:41
10652,10653,14067,1898,187,4,Fast and safe driver.,2023-10-28 05:19:41
10654,10655,14069,1881,1898,3,"Smooth ride, on time.",2023-04-13 22:44:02
10655,10656,14070,1898,564,3,"OK trip, nothing special.",2023-12-05 08:27:46
10656,10657,14070,564,1898,3,"Great driver, very professional!",2023-12-05 10:23:46
10659,10660,14076,1898,1548,4,Very courteous driver.,2023-02-12 19:00:03
10660,10661,14077,1898,62,4,"Excellent service, will ride again.",2024-03-06 03:58:02
10661,10662,14078,1898,778,3,"OK trip, nothing special.",2022-06-10 10:59:54
10662,10663,14078,778,1898,4,Super friendly and helpful.,2022-06-10 11:41:54
10663,10664,14079,164,1898,4,"Great driver, very professional!",2024-05-03 02:54:16
10664,10665,14080,1898,601,3,Decent experience.,2022-11-29 13:15:56
10665,10666,14081,1898,800,3,Nothing to complain about.,2022-07-14 11:46:13
10668,10669,14086,1898,328,3,Fine driver.,2022-02-20 20:57:31
10671,10672,14088,1898,1181,4,Very clean car.,2024-04-24 22:25:32
10673,10674,14093,1930,1984,4,Very courteous driver.,2023-01-15 05:03:08
10674,10675,14093,1984,1930,3,"Smooth ride, on time.",2023-01-15 05:50:08
10676,10677,14097,1900,602,3,Nothing to complain about.,2022-06-26 22:02:27
10678,10679,14101,1105,1900,2,"Great driver, very professional!",2022-02-15 00:13:35
10679,10680,14105,1606,886,4,"Great driver, very professional!",2023-02-15 20:31:03
10680,10681,14108,886,1764,4,"5 stars, highly recommend!",2022-09-08 18:04:12
10681,10682,14109,1486,146,4,"Perfect trip, no issues.",2022-03-29 16:47:27
10682,10683,14110,1486,1001,5,"Great rider, very polite.",2022-12-02 00:37:38
10683,10684,14111,1486,779,2,Car smelled bad.,2024-02-24 08:04:05
10684,10685,14111,779,1486,1,Very clean car.,2024-02-24 07:23:05
10685,10686,14112,276,199,3,Got there safely.,2022-12-10 07:56:03
10686,10687,14112,199,276,2,"Great driver, very professional!",2022-12-10 07:56:03
10688,10689,14115,1940,393,4,Super friendly and helpful.,2023-07-31 23:56:57
10689,10690,14115,393,1940,3,"Great driver, very professional!",2023-08-01 01:15:57
10690,10691,14116,1940,1839,3,Decent experience.,2023-10-10 09:14:42
10693,10694,14122,450,1445,4,"Smooth ride, on time.",2022-06-10 09:41:39
10695,10696,14127,969,1445,4,"Great driver, very professional!",2023-03-29 23:54:02
10697,10698,14131,643,1445,4,"Excellent service, will ride again.",2022-02-03 19:15:53
10698,10699,14132,1445,593,4,"Great driver, very professional!",2022-02-15 05:41:49
10699,10700,14132,593,1445,3,Very clean car.,2022-02-15 06:33:49
10701,10702,14135,1445,1853,3,Acceptable ride.,2024-03-21 21:15:35
10702,10703,14135,1853,1445,4,Very clean car.,2024-03-21 21:33:35
10703,10704,14136,1445,822,3,Acceptable ride.,2022-05-25 13:19:50
10704,10705,14136,822,1445,5,Very clean car.,2022-05-25 15:16:50
10706,10707,14138,1445,229,4,Loved the music selection!,2022-11-16 03:17:09
10711,10712,14144,936,179,4,Very courteous driver.,2023-02-15 23:43:19
10712,10713,14144,179,936,3,"Great driver, very professional!",2023-02-15 23:28:19
10715,10716,14148,682,1227,4,"Perfect trip, no issues.",2022-10-26 00:28:12
10716,10717,14148,1227,682,4,Super friendly and helpful.,2022-10-26 00:30:12
10717,10718,14149,682,1117,3,Average experience.,2023-09-26 04:53:09
10719,10720,14152,1739,682,3,"Great driver, very professional!",2023-06-23 05:28:27
10721,10722,14154,461,682,4,"Excellent service, will ride again.",2022-12-30 00:21:19
10722,10723,14158,682,1286,5,Fast and safe driver.,2023-06-06 20:31:48
10723,10724,14158,1286,682,4,"Smooth ride, on time.",2023-06-06 19:59:48
10727,10728,14161,1975,682,4,"Great driver, very professional!",2023-05-04 03:23:03
10729,10730,14163,682,1975,5,"5 stars, highly recommend!",2023-10-28 05:29:15
10730,10731,14166,682,643,4,Very clean car.,2024-03-27 13:36:25
10731,10732,14167,506,682,3,"Smooth ride, on time.",2023-08-13 12:09:10
10732,10733,14170,682,389,4,"Quick and efficient, thanks!",2022-08-08 06:12:06
10733,10734,14170,389,682,4,Super friendly and helpful.,2022-08-08 05:36:06
10735,10736,14171,1569,682,3,Very clean car.,2022-12-06 08:10:20
10739,10740,14177,1030,682,5,"Smooth ride, on time.",2023-03-02 04:03:53
10742,10743,14179,155,682,4,"Excellent service, will ride again.",2024-05-06 10:05:45
10743,10744,14180,1139,682,2,"Smooth ride, on time.",2022-05-01 06:30:02
10746,10747,14187,682,1948,3,Decent experience.,2023-05-13 11:50:30
10748,10749,14190,1162,682,2,"Great driver, very professional!",2023-10-31 04:56:12
10749,10750,14195,1752,1725,3,"Great driver, very professional!",2023-01-12 00:44:49
10750,10751,14200,1983,1725,2,"Great driver, very professional!",2022-01-05 08:43:43
10751,10752,14206,1725,630,3,Trip was okay.,2023-01-16 15:04:55
10752,10753,14206,630,1725,3,"Great driver, very professional!",2023-01-16 15:51:55
10755,10756,14212,1725,225,2,Not very clean.,2024-03-06 01:45:06
10758,10759,14219,1456,199,4,Loved the music selection!,2023-04-01 04:24:30
10759,10760,14220,1456,1403,3,Acceptable ride.,2022-03-08 19:37:51
10760,10761,14221,1456,1839,4,Super friendly and helpful.,2022-01-09 22:41:23
10761,10762,14221,1839,1456,3,Very clean car.,2022-01-10 00:22:23
10763,10764,14223,1343,1456,3,Super friendly and helpful.,2024-03-10 22:05:52
10764,10765,14226,1128,1456,4,"Great driver, very professional!",2022-11-08 02:47:14
10766,10767,14229,1456,125,4,"Great rider, very polite.",2023-01-28 02:32:20
10767,10768,14231,1456,919,3,Trip was okay.,2024-03-30 03:17:42
10768,10769,14231,919,1456,4,"Excellent service, will ride again.",2024-03-30 04:10:42
10771,10772,14235,1779,1713,3,Fine driver.,2023-01-27 04:38:41
10772,10773,14237,1779,1206,5,Super friendly and helpful.,2023-04-27 05:44:47
10773,10774,14238,1779,1243,4,"Great rider, very polite.",2022-09-04 20:10:35
10774,10775,14239,1779,1060,3,"OK trip, nothing special.",2022-09-03 08:33:02
10775,10776,14239,1060,1779,3,"Great driver, very professional!",2022-09-03 07:24:02
10779,10780,14244,1779,1081,5,"Excellent service, will ride again.",2022-06-12 19:19:49
10780,10781,14244,1081,1779,3,Super friendly and helpful.,2022-06-12 19:02:49
10781,10782,14246,1779,1955,4,"Excellent service, will ride again.",2024-03-29 19:20:07
10782,10783,14246,1955,1779,4,"Great driver, very professional!",2024-03-29 21:16:07
10784,10785,14247,485,1779,2,Very clean car.,2023-10-19 00:05:22
10787,10788,14252,1779,564,5,Very courteous driver.,2022-09-01 09:40:50
10788,10789,14255,878,1779,3,Super friendly and helpful.,2023-11-27 05:29:12
10789,10790,14256,1779,690,3,Acceptable ride.,2022-07-22 09:55:13
10791,10792,14259,1779,1684,2,Took a longer route.,2023-12-06 01:35:07
10793,10794,14263,393,1554,3,Super friendly and helpful.,2022-08-05 12:34:25
10794,10795,14265,1723,132,4,"Great rider, very polite.",2022-06-18 08:44:36
10795,10796,14267,1723,1658,3,Average experience.,2023-07-24 09:00:18
10796,10797,14268,1723,1981,5,"Excellent service, will ride again.",2023-05-29 07:20:30
10797,10798,14271,686,408,3,Acceptable ride.,2023-10-11 12:11:36
10799,10800,14272,1386,1601,4,"Smooth ride, on time.",2022-12-12 03:10:26
10800,10801,14273,571,1462,4,"Smooth ride, on time.",2022-11-01 17:01:09
10801,10802,14274,1462,187,4,Fast and safe driver.,2022-05-09 11:44:54
10803,10804,14277,1462,131,4,Loved the music selection!,2022-07-16 10:07:53
10804,10805,14278,1462,334,2,Driver was late.,2022-03-16 15:35:19
10806,10807,14280,1993,1462,4,Super friendly and helpful.,2023-07-03 08:50:00
10808,10809,14281,664,1462,2,Very clean car.,2022-08-03 01:21:01
10809,10810,14286,920,1462,4,"Great driver, very professional!",2022-07-20 16:10:54
10810,10811,14287,510,1462,5,"Great driver, very professional!",2023-07-22 18:49:57
10812,10813,14290,1462,1131,5,"Easy pickup, no problems.",2023-12-31 03:13:03
10813,10814,14291,1111,1462,3,Super friendly and helpful.,2023-05-07 10:36:28
10814,10815,14293,1462,647,4,"Great rider, very polite.",2024-06-07 02:47:18
10816,10817,14296,1781,1027,3,"Smooth ride, on time.",2022-10-28 07:18:58
10817,10818,14297,1027,1965,3,Fine driver.,2022-02-02 13:03:57
10818,10819,14299,1027,1450,2,Driver was rude.,2024-06-20 17:52:23
10819,10820,14299,1450,1027,3,"Great driver, very professional!",2024-06-20 19:24:23
10820,10821,14300,1027,1181,4,Car was spotless.,2023-11-13 03:18:08
10825,10826,14306,1205,1027,4,"Great driver, very professional!",2024-03-08 06:40:26
10827,10828,14310,1183,1027,2,Very clean car.,2023-09-24 18:03:43
10828,10829,14312,1027,155,3,Trip was okay.,2023-01-01 08:52:19
10829,10830,14312,155,1027,3,"Great driver, very professional!",2023-01-01 11:47:19
10831,10832,14316,1027,1889,4,"Great driver, very professional!",2023-04-29 21:02:11
10832,10833,14317,1027,1547,5,"Great driver, very professional!",2024-01-07 18:15:10
10834,10835,14319,1477,1027,4,"Smooth ride, on time.",2023-11-20 18:37:14
10835,10836,14320,1027,338,4,"Great driver, very professional!",2023-04-09 15:56:19
10836,10837,14321,1027,811,4,"Quick and efficient, thanks!",2023-07-11 19:52:36
10837,10838,14322,1027,1532,3,Average experience.,2022-07-14 19:41:50
10838,10839,14324,1105,1027,3,Super friendly and helpful.,2022-05-05 22:18:05
10840,10841,14327,1027,1564,4,"5 stars, highly recommend!",2022-11-03 04:48:48
10844,10845,14333,1933,1027,4,"Smooth ride, on time.",2023-04-03 06:20:53
10849,10850,14346,1027,800,3,Fine driver.,2022-05-09 17:36:10
10850,10851,14347,1027,995,3,"OK trip, nothing special.",2022-12-18 21:34:40
10852,10853,14349,1027,194,3,Got there safely.,2024-04-07 10:28:41
10853,10854,14350,1027,376,5,"Easy pickup, no problems.",2024-05-27 20:57:09
10854,10855,14350,376,1027,5,"Great driver, very professional!",2024-05-27 20:26:09
10856,10857,14355,1027,271,5,"Excellent service, will ride again.",2022-03-15 05:42:47
10858,10859,14356,1027,288,4,Fast and safe driver.,2022-05-02 14:09:19
10861,10862,14362,1027,446,4,"5 stars, highly recommend!",2022-05-21 07:12:00
10862,10863,14362,446,1027,2,"Excellent service, will ride again.",2022-05-21 06:24:00
10863,10864,14363,2,1027,3,Super friendly and helpful.,2024-01-30 00:37:04
10866,10867,14368,1027,1999,4,Very courteous driver.,2022-11-04 02:37:31
10868,10869,14369,1410,1027,3,Super friendly and helpful.,2024-05-06 08:05:39
10872,10873,14372,235,1027,4,"Excellent service, will ride again.",2022-10-27 12:09:47
10873,10874,14373,1027,1023,3,Acceptable ride.,2022-08-30 22:13:46
10874,10875,14374,1027,1243,5,"Great driver, very professional!",2023-02-28 12:23:37
10875,10876,14374,1243,1027,3,"Smooth ride, on time.",2023-02-28 12:59:37
10878,10879,14378,65,1027,3,"Smooth ride, on time.",2024-05-08 06:10:54
10879,10880,14381,1027,1081,5,"Perfect trip, no issues.",2024-04-03 03:02:38
10880,10881,14384,448,1027,4,"Smooth ride, on time.",2022-10-10 17:15:49
10883,10884,14387,741,1027,2,"Excellent service, will ride again.",2023-06-27 01:27:30
10884,10885,14388,1027,868,4,"Perfect trip, no issues.",2022-11-15 20:36:16
10885,10886,14389,1027,818,3,Acceptable ride.,2023-06-21 08:02:24
10887,10888,14391,1027,1947,5,"Great driver, very professional!",2023-10-06 19:51:53
10890,10891,14395,1596,570,4,"Excellent service, will ride again.",2023-12-15 09:30:39
10891,10892,14395,570,1596,4,Very clean car.,2023-12-15 10:22:39
10892,10893,14396,1596,1984,3,Got there safely.,2023-02-11 19:50:06
10893,10894,14396,1984,1596,4,"Great driver, very professional!",2023-02-11 20:37:06
10894,10895,14397,1596,293,4,"Perfect trip, no issues.",2023-07-03 20:54:36
10896,10897,14398,959,1596,3,Very clean car.,2023-07-20 03:49:34
10897,10898,14405,1854,331,4,"5 stars, highly recommend!",2024-04-05 13:57:11
10898,10899,14405,331,1854,3,"Smooth ride, on time.",2024-04-05 12:50:11
10899,10900,14406,1854,1640,3,Got there safely.,2022-12-02 13:37:50
10900,10901,14408,1288,1854,4,"Great driver, very professional!",2022-07-11 07:43:01
10901,10902,14410,1854,194,4,"Smooth ride, on time.",2023-10-22 14:52:43
10903,10904,14412,1301,1854,3,Super friendly and helpful.,2022-12-25 08:20:40
10905,10906,14416,1854,334,4,Car was spotless.,2023-03-29 22:36:24
10906,10907,14417,1854,40,4,"Smooth ride, on time.",2022-07-20 18:52:01
10907,10908,14417,40,1854,3,Super friendly and helpful.,2022-07-20 19:58:01
10908,10909,14421,1581,1649,3,Acceptable ride.,2023-09-28 18:14:08
10912,10913,14428,1881,1581,4,Super friendly and helpful.,2022-04-07 05:29:58
10913,10914,14431,1581,690,4,"Great driver, very professional!",2022-01-30 21:49:48
10914,10915,14432,1581,1221,4,Fast and safe driver.,2024-01-14 11:01:24
10917,10918,14439,254,225,3,Trip was okay.,2022-03-06 01:30:36
10919,10920,14441,883,1609,3,"Excellent service, will ride again.",2023-01-28 04:41:29
10920,10921,14443,1609,544,4,"Great driver, very professional!",2024-04-10 10:18:36
10921,10922,14443,544,1609,4,Super friendly and helpful.,2024-04-10 11:57:36
10923,10924,14445,1727,1609,3,Very clean car.,2023-04-01 15:21:32
10924,10925,14446,483,436,5,"Great rider, very polite.",2023-06-30 03:32:40
10927,10928,14449,898,983,4,"Excellent service, will ride again.",2022-03-31 09:19:11
10928,10929,14452,983,1331,3,Average experience.,2022-05-30 05:10:07
10930,10931,14453,726,983,4,Super friendly and helpful.,2022-05-16 20:57:24
10931,10932,14454,544,983,4,"Excellent service, will ride again.",2023-07-24 18:11:14
10932,10933,14456,983,1869,4,Super friendly and helpful.,2024-06-26 01:42:42
10934,10935,14458,1350,983,3,Super friendly and helpful.,2022-03-24 19:00:33
10939,10940,14464,97,983,3,"Excellent service, will ride again.",2022-11-10 20:45:27
10940,10941,14465,983,1111,4,Fast and safe driver.,2022-04-21 18:01:09
10941,10942,14468,983,1865,4,Very clean car.,2022-10-16 08:21:49
10942,10943,14468,1865,983,4,Very clean car.,2022-10-16 09:10:49
10943,10944,14469,983,585,4,Very comfortable ride.,2022-12-26 08:15:43
10944,10945,14470,983,1562,4,"Great rider, very polite.",2023-10-13 10:51:38
10945,10946,14478,1249,162,4,Very clean car.,2022-12-28 10:09:25
10946,10947,14479,430,1249,3,"Excellent service, will ride again.",2022-07-09 20:55:15
10947,10948,14482,1249,324,4,Very courteous driver.,2023-10-11 17:57:43
10948,10949,14483,1249,920,3,Acceptable ride.,2023-01-26 04:33:00
10949,10950,14483,920,1249,4,Super friendly and helpful.,2023-01-26 04:46:00
10952,10953,14486,1249,1494,4,"Quick and efficient, thanks!",2023-06-09 17:33:08
10954,10955,14489,1249,1030,4,Very clean car.,2022-06-11 20:30:32
10955,10956,14489,1030,1249,3,"Excellent service, will ride again.",2022-06-11 20:08:32
10956,10957,14490,1249,1658,4,Very clean car.,2024-05-05 14:00:59
10958,10959,14491,1162,1249,4,"Smooth ride, on time.",2023-11-13 16:11:38
10961,10962,14495,1249,1574,4,Very comfortable ride.,2022-04-07 06:32:48
10966,10967,14500,361,741,4,"Great driver, very professional!",2023-03-21 10:27:44
10968,10969,14504,1394,747,4,Super friendly and helpful.,2022-01-26 14:32:50
10971,10972,14510,1245,1026,3,Acceptable ride.,2023-04-10 06:00:36
10972,10973,14510,1026,1245,2,"Great driver, very professional!",2023-04-10 06:56:36
10975,10976,14513,986,1245,3,"Excellent service, will ride again.",2022-10-15 22:04:16
10976,10977,14515,1245,1430,4,"Smooth ride, on time.",2023-03-27 00:38:20
10977,10978,14516,1245,833,4,"5 stars, highly recommend!",2023-08-11 06:50:37
10978,10979,14516,833,1245,3,Super friendly and helpful.,2023-08-11 07:49:37
10979,10980,14517,1245,1011,4,"Quick and efficient, thanks!",2022-05-19 16:13:34
10984,10985,14525,1176,1427,4,"Great rider, very polite.",2024-05-11 20:21:06
10986,10987,14527,1176,959,4,Fast and safe driver.,2022-01-16 11:54:33
10988,10989,14532,306,1741,4,"Perfect trip, no issues.",2024-06-04 22:55:37
10989,10990,14533,306,1775,4,"Great rider, very polite.",2023-06-02 14:43:46
10993,10994,14536,306,932,3,"OK trip, nothing special.",2023-04-29 06:14:57
10994,10995,14538,306,458,3,"OK trip, nothing special.",2024-03-30 00:57:25
10995,10996,14541,806,202,3,Nothing to complain about.,2024-01-09 06:02:04
10996,10997,14542,806,146,4,Loved the music selection!,2022-07-30 11:24:18
10997,10998,14542,146,806,4,"Smooth ride, on time.",2022-07-30 11:33:18
10998,10999,14543,1638,1987,5,Very comfortable ride.,2022-03-21 11:57:06
10999,11000,14543,1987,1638,3,Very clean car.,2022-03-21 11:07:06
11000,11001,14545,1638,199,5,Very clean car.,2023-01-04 03:45:51
11001,11002,14548,765,1638,4,Very clean car.,2024-03-17 03:13:41
11003,11004,14550,1638,1187,4,Super friendly and helpful.,2024-03-25 12:50:07
11005,11006,14553,1638,1812,3,"OK trip, nothing special.",2022-08-04 07:06:13
11009,11010,14558,1198,921,2,Very clean car.,2024-05-04 12:37:25
11010,11011,14559,1713,921,2,"Smooth ride, on time.",2022-09-30 14:15:14
11014,11015,14563,921,1941,3,Trip was okay.,2023-07-16 14:28:34
11015,11016,14563,1941,921,3,"Excellent service, will ride again.",2023-07-16 14:46:34
11017,11018,14567,643,921,4,"Excellent service, will ride again.",2022-11-14 04:59:04
11018,11019,14568,1100,921,3,"Great driver, very professional!",2022-01-21 12:32:39
11019,11020,14569,921,932,5,Very courteous driver.,2024-04-27 15:45:08
11020,11021,14569,932,921,3,"Great driver, very professional!",2024-04-27 18:10:08
11021,11022,14572,1494,921,3,Super friendly and helpful.,2022-10-09 04:37:19
11022,11023,14575,921,1040,4,"Excellent service, will ride again.",2022-01-12 08:06:25
11024,11025,14577,1675,230,3,Average experience.,2022-05-25 13:19:27
11026,11027,14580,1914,1227,5,"Quick and efficient, thanks!",2023-11-29 09:04:44
11027,11028,14581,1605,1914,4,Very clean car.,2022-04-20 04:37:24
11029,11030,14583,1914,947,3,Nothing to complain about.,2022-10-21 11:55:13
11031,11032,14584,1828,1914,2,"Excellent service, will ride again.",2022-03-11 20:09:02
11032,11033,14585,1914,765,4,"Perfect trip, no issues.",2024-01-21 11:19:29
11033,11034,14586,1914,1023,3,Acceptable ride.,2022-08-30 23:17:32
11034,11035,14586,1023,1914,2,Very clean car.,2022-08-30 22:57:32
11035,11036,14587,446,1914,2,Super friendly and helpful.,2022-09-15 18:23:10
11037,11038,14588,467,1914,4,"Smooth ride, on time.",2023-03-27 11:34:18
11038,11039,14591,1914,469,3,Trip was okay.,2023-08-16 18:20:12
11040,11041,14594,446,1914,3,"Smooth ride, on time.",2022-06-30 18:26:27
11042,11043,14596,925,364,3,"Great driver, very professional!",2024-03-22 12:00:23
11043,11044,14597,364,690,4,"Great driver, very professional!",2024-04-16 07:04:20
11044,11045,14599,364,131,4,"Excellent service, will ride again.",2023-11-16 06:54:55
11047,11048,14602,759,364,3,Super friendly and helpful.,2023-10-20 05:21:34
11048,11049,14604,364,1607,4,"Excellent service, will ride again.",2023-03-19 15:34:29
11049,11050,14605,364,929,4,"Excellent service, will ride again.",2022-07-31 01:30:13
11051,11052,14608,364,822,3,Fine driver.,2023-01-24 04:53:48
11052,11053,14609,364,132,4,"Great driver, very professional!",2023-11-12 08:53:33
11054,11055,14613,335,1966,5,"Excellent service, will ride again.",2023-10-13 09:57:46
11056,11057,14617,448,1459,2,Very clean car.,2022-05-08 22:18:00
11058,11059,14618,1461,1459,4,Very clean car.,2022-04-11 13:27:27
11059,11060,14619,1459,1205,4,Very comfortable ride.,2023-07-06 06:06:12
11060,11061,14620,1459,15,4,Very comfortable ride.,2023-11-25 18:39:48
11061,11062,14620,15,1459,3,Super friendly and helpful.,2023-11-25 17:57:48
11062,11063,14621,1459,543,3,"OK trip, nothing special.",2023-02-25 17:22:27
11065,11066,14624,1471,1459,3,"Excellent service, will ride again.",2024-03-01 02:39:38
11069,11070,14631,1459,65,4,"Perfect trip, no issues.",2023-11-03 14:10:19
11070,11071,14634,1889,1459,5,"Excellent service, will ride again.",2023-11-01 20:22:29
11071,11072,14635,1459,1371,5,"Quick and efficient, thanks!",2024-01-24 01:51:36
11072,11073,14637,1459,201,4,Super friendly and helpful.,2023-02-09 10:03:35
11074,11075,14640,1459,1865,5,Loved the music selection!,2023-04-03 10:35:59
11075,11076,14644,17,868,2,Took a longer route.,2022-03-03 00:49:05
11076,11077,14645,940,17,4,"Smooth ride, on time.",2023-01-05 16:17:11
11078,11079,14646,1507,1416,3,Super friendly and helpful.,2023-12-10 04:46:04
11080,11081,14649,211,439,3,Average experience.,2022-11-03 03:09:13
11081,11082,14649,439,211,3,Super friendly and helpful.,2022-11-03 02:45:13
11083,11084,14653,210,211,2,Very clean car.,2023-07-24 18:09:06
11084,11085,14654,211,485,3,Trip was okay.,2023-01-07 01:24:03
11085,11086,14655,211,1981,3,Fine driver.,2022-09-29 07:45:15
11087,11088,14656,1497,211,4,"Great driver, very professional!",2024-04-15 08:00:56
11088,11089,14657,211,608,5,Very clean car.,2023-11-03 19:10:22
11089,11090,14659,211,1281,4,Super friendly and helpful.,2024-03-29 20:19:41
11090,11091,14659,1281,211,3,"Excellent service, will ride again.",2024-03-29 21:22:41
11091,11092,14661,1243,211,5,"Great driver, very professional!",2023-12-31 23:41:49
11092,11093,14662,211,394,5,Fast and safe driver.,2023-04-28 20:27:12
11094,11095,14664,1956,211,4,"Excellent service, will ride again.",2022-02-04 15:46:32
11095,11096,14668,211,1170,4,"Easy pickup, no problems.",2022-10-29 21:27:40
11096,11097,14668,1170,211,4,"Great driver, very professional!",2022-10-29 20:16:40
11099,11100,14675,211,867,3,"OK trip, nothing special.",2023-07-11 06:30:16
11100,11101,14676,211,1700,5,"Great driver, very professional!",2022-04-04 18:54:27
11103,11104,14680,1041,211,4,"Great driver, very professional!",2022-10-28 11:54:09
11104,11105,14681,211,693,5,Fast and safe driver.,2022-06-24 11:58:03
11105,11106,14682,539,211,3,"Great driver, very professional!",2024-05-06 14:37:08
11106,11107,14683,1736,211,4,"Smooth ride, on time.",2023-11-14 12:53:49
11107,11108,14686,211,1623,4,Loved the music selection!,2022-12-25 00:06:32
11108,11109,14688,211,430,2,Car smelled bad.,2022-02-23 00:37:12
11109,11110,14689,211,585,4,"Quick and efficient, thanks!",2023-01-08 16:30:48
11111,11112,14690,1237,211,3,Super friendly and helpful.,2023-03-07 11:29:10
11112,11113,14693,448,211,4,"Great driver, very professional!",2023-10-02 21:04:04
11114,11115,14696,211,736,4,Very courteous driver.,2022-11-01 09:31:37
11117,11118,14700,211,1091,3,Average experience.,2022-04-28 21:49:05
11118,11119,14703,211,1605,4,"Perfect trip, no issues.",2023-07-22 19:05:56
11121,11122,14709,1570,782,3,Decent experience.,2024-04-17 12:32:59
11124,11125,14711,1570,458,3,"OK trip, nothing special.",2024-05-13 00:27:26
11125,11126,14712,1108,1570,4,Very clean car.,2024-06-06 19:30:55
11127,11128,14714,971,433,5,Very courteous driver.,2023-11-22 19:55:51
11129,11130,14717,971,777,4,Fast and safe driver.,2023-07-11 21:06:04
11130,11131,14717,777,971,3,"Smooth ride, on time.",2023-07-11 21:48:04
11131,11132,14718,971,1561,3,"OK trip, nothing special.",2022-03-19 07:58:56
11133,11134,14721,1207,971,5,"Excellent service, will ride again.",2023-09-15 06:51:58
11135,11136,14723,971,1040,3,Got there safely.,2023-04-03 11:47:43
11137,11138,14725,971,97,3,Decent experience.,2023-06-30 22:51:55
11138,11139,14725,97,971,3,Very clean car.,2023-06-30 23:25:55
11140,11141,14731,187,489,4,"Great driver, very professional!",2024-02-22 12:36:58
11142,11143,14732,324,489,3,Super friendly and helpful.,2023-06-20 23:41:55
11144,11145,14734,489,125,4,"Great rider, very polite.",2023-10-21 07:06:38
11146,11147,14736,1373,489,3,"Excellent service, will ride again.",2022-03-11 07:23:58
11147,11148,14737,1394,489,3,"Smooth ride, on time.",2022-08-01 00:26:38
11148,11149,14738,932,489,4,"Excellent service, will ride again.",2023-02-02 20:43:19
11149,11150,14739,489,1623,4,"Great rider, very polite.",2024-04-15 19:54:31
11150,11151,14739,1623,489,3,"Excellent service, will ride again.",2024-04-15 21:34:31
11151,11152,14740,489,542,4,"Easy pickup, no problems.",2022-08-31 22:27:33
11152,11153,14741,489,1564,3,Acceptable ride.,2022-10-27 06:12:34
11154,11155,14745,1428,235,4,"Great rider, very polite.",2023-04-22 16:31:33
11156,11157,14749,1428,286,5,"Excellent service, will ride again.",2024-01-03 11:50:42
11157,11158,14749,286,1428,3,"Smooth ride, on time.",2024-01-03 12:56:42
11158,11159,14750,1428,1141,5,Very courteous driver.,2022-01-25 02:59:55
11159,11160,14751,1428,1607,4,"Smooth ride, on time.",2023-06-06 15:55:59
11160,11161,14753,1428,1889,3,Average experience.,2022-02-16 05:58:12
11163,11164,14755,142,1428,3,"Smooth ride, on time.",2022-09-10 01:03:18
11166,11167,14759,1428,1394,4,Fast and safe driver.,2022-04-25 21:57:26
11170,11171,14762,1869,1476,4,Very clean car.,2023-03-15 05:03:59
11171,11172,14765,1877,1775,5,Loved the music selection!,2023-01-20 06:35:58
11172,11173,14765,1775,1877,4,"Smooth ride, on time.",2023-01-20 07:15:58
11173,11174,14766,726,1877,2,"Excellent service, will ride again.",2022-07-23 14:22:57
11174,11175,14767,891,1877,5,"Great driver, very professional!",2022-07-29 19:11:02
11176,11177,14769,1584,1512,4,"Smooth ride, on time.",2022-09-01 17:15:40
11178,11179,14770,351,1512,3,"Excellent service, will ride again.",2022-06-08 19:24:35
11185,11186,14780,139,233,4,"Excellent service, will ride again.",2023-05-10 01:40:05
11188,11189,14784,57,121,4,Loved the music selection!,2022-06-07 17:13:25
11189,11190,14784,121,57,3,"Great driver, very professional!",2022-06-07 17:27:25
11190,11191,14785,57,1035,5,Loved the music selection!,2024-05-05 04:33:37
11191,11192,14786,57,179,4,Very courteous driver.,2022-02-16 10:11:50
11193,11194,14787,593,57,5,"Excellent service, will ride again.",2023-06-06 21:22:12
11194,11195,14789,57,1430,4,"5 stars, highly recommend!",2023-03-05 05:57:38
11195,11196,14789,1430,57,3,Very clean car.,2023-03-05 05:11:38
11196,11197,14791,332,323,3,Acceptable ride.,2023-12-30 20:42:48
11198,11199,14793,139,332,3,"Great driver, very professional!",2022-07-14 16:59:30
11202,11203,14800,332,146,4,"Great driver, very professional!",2022-12-02 18:49:07
11205,11206,14804,332,1983,5,"Great rider, very polite.",2022-05-07 17:18:36
11206,11207,14805,332,1380,5,Very courteous driver.,2024-06-14 14:21:19
11207,11208,14805,1380,332,4,"Smooth ride, on time.",2024-06-14 15:41:19
11209,11210,14807,542,332,3,Very clean car.,2022-05-26 15:42:32
11215,11216,14818,332,1764,3,Acceptable ride.,2024-05-20 21:42:28
11216,11217,14818,1764,332,3,"Great driver, very professional!",2024-05-20 22:42:28
11217,11218,14820,332,1894,3,"OK trip, nothing special.",2022-03-27 18:53:09
11218,11219,14820,1894,332,3,"Smooth ride, on time.",2022-03-27 19:39:09
11219,11220,14822,332,248,5,"Excellent service, will ride again.",2023-01-21 01:11:18
11220,11221,14825,1053,617,3,"Excellent service, will ride again.",2023-01-01 23:46:52
11221,11222,14827,617,1955,5,Very courteous driver.,2023-08-01 04:42:08
11222,11223,14828,617,89,3,Fine driver.,2024-01-17 08:48:24
11223,11224,14834,485,964,4,"Excellent service, will ride again.",2024-05-21 15:58:50
11227,11228,14837,1187,1455,4,Super friendly and helpful.,2022-02-04 13:16:51
11228,11229,14840,602,1455,4,"Smooth ride, on time.",2024-04-27 15:10:17
11229,11230,14842,1455,502,5,Car was spotless.,2024-02-18 09:46:02
11232,11233,14849,1159,564,4,Super friendly and helpful.,2023-11-14 17:52:11
11237,11238,14854,1159,1141,5,"Perfect trip, no issues.",2022-07-23 09:16:05
11238,11239,14858,1159,1933,3,Nothing to complain about.,2024-01-29 17:31:06
11240,11241,14862,1159,1658,4,Very comfortable ride.,2023-07-04 00:33:39
11242,11243,14866,926,1555,3,"OK trip, nothing special.",2022-03-13 00:20:33
11245,11246,14870,15,1577,3,Very clean car.,2023-05-05 08:35:59
11247,11248,14874,1803,192,5,"Quick and efficient, thanks!",2022-02-26 16:09:35
11250,11251,14878,1803,229,4,"Excellent service, will ride again.",2023-10-07 08:23:31
11251,11252,14878,229,1803,3,"Smooth ride, on time.",2023-10-07 09:19:31
11252,11253,14881,1803,986,5,Very courteous driver.,2022-11-19 17:08:33
11253,11254,14881,986,1803,4,"Great driver, very professional!",2022-11-19 18:30:33
11256,11257,14885,1803,450,3,Acceptable ride.,2023-01-03 01:16:43
11257,11258,14886,202,1803,4,"Smooth ride, on time.",2022-05-29 17:53:03
11258,11259,14888,1803,645,4,Car was spotless.,2022-04-09 17:13:57
11259,11260,14891,1803,1548,3,Fine driver.,2023-07-28 09:14:20
11260,11261,14891,1548,1803,4,"Smooth ride, on time.",2023-07-28 10:54:20
11261,11262,14892,469,1803,4,Very clean car.,2022-10-29 14:12:35
11263,11264,14893,1400,1803,4,"Excellent service, will ride again.",2024-05-21 18:52:56
11264,11265,14895,1830,1803,4,"Great driver, very professional!",2023-09-05 01:23:48
11265,11266,14896,766,1803,3,"Excellent service, will ride again.",2023-10-13 11:34:34
11269,11270,14901,1927,1775,5,Very clean car.,2022-11-16 19:01:35
11270,11271,14902,647,1927,4,Super friendly and helpful.,2023-10-21 01:42:39
11271,11272,14903,1927,1026,5,Very courteous driver.,2022-02-11 10:46:47
11272,11273,14904,1724,928,2,"Excellent service, will ride again.",2022-10-29 21:37:51
11274,11275,14907,542,1241,3,Super friendly and helpful.,2022-03-16 09:01:21
11275,11276,14908,1241,1397,4,Loved the music selection!,2022-01-18 00:31:51
11277,11278,14911,1995,1241,1,Super friendly and helpful.,2023-07-20 11:52:00
11278,11279,14913,1241,759,4,"Excellent service, will ride again.",2023-04-17 16:01:59
11279,11280,14913,759,1241,3,"Smooth ride, on time.",2023-04-17 18:08:59
11280,11281,14914,1241,1984,4,"Great rider, very polite.",2024-06-26 15:32:48
11281,11282,14914,1984,1241,3,Very clean car.,2024-06-26 16:33:48
11282,11283,14915,1241,570,3,Fine driver.,2024-05-03 06:30:11
11285,11286,14921,1241,477,3,Trip was okay.,2022-11-16 21:23:11
11286,11287,14921,477,1241,4,Super friendly and helpful.,2022-11-16 21:09:11
11288,11289,14924,1241,1826,4,Super friendly and helpful.,2023-11-09 14:41:44
11290,11291,14925,15,1241,2,Very clean car.,2023-10-04 04:57:55
11291,11292,14928,1301,1241,3,Very clean car.,2023-10-23 20:25:22
11292,11293,14929,1575,1241,4,"Excellent service, will ride again.",2024-04-12 16:31:21
11293,11294,14931,1241,202,4,Loved the music selection!,2022-08-23 16:26:48
11294,11295,14931,202,1241,4,"Excellent service, will ride again.",2022-08-23 16:53:48
11296,11297,14939,1111,1353,3,"Great driver, very professional!",2022-09-30 03:31:14
11298,11299,14941,1353,1702,3,Trip was okay.,2023-10-27 19:02:40
11301,11302,14945,1041,307,4,"Smooth ride, on time.",2022-10-14 05:31:59
11302,11303,14946,307,1507,4,"Perfect trip, no issues.",2023-01-03 02:21:04
11303,11304,14949,834,1446,3,Super friendly and helpful.,2024-04-07 07:51:21
11304,11305,14950,1446,104,3,"OK trip, nothing special.",2022-01-05 14:00:55
11305,11306,14951,1446,477,5,Loved the music selection!,2024-01-24 23:37:50
11307,11308,14952,1352,1446,3,Very clean car.,2024-04-14 01:31:57
11309,11310,14954,1380,1446,3,"Smooth ride, on time.",2023-05-20 08:41:18
11310,11311,14955,1035,1446,4,Super friendly and helpful.,2022-03-04 13:31:50
11313,11314,14963,1329,1099,5,Very comfortable ride.,2023-12-14 19:20:49
11314,11315,14964,1248,1329,2,"Excellent service, will ride again.",2022-05-16 01:57:26
11315,11316,14965,1555,1329,4,"Excellent service, will ride again.",2022-11-22 00:26:44
11317,11318,14968,436,1329,2,Very clean car.,2023-06-17 06:32:09
11319,11320,14971,162,1329,2,Super friendly and helpful.,2024-03-11 21:17:21
11320,11321,14972,1329,1477,3,"OK trip, nothing special.",2022-10-15 06:20:47
11321,11322,14973,1329,647,3,Acceptable ride.,2024-06-08 22:40:53
11322,11323,14973,647,1329,4,"Great driver, very professional!",2024-06-08 23:13:53
11323,11324,14974,1329,142,4,"Perfect trip, no issues.",2024-02-16 04:06:59
11324,11325,14975,1329,834,4,Car was spotless.,2023-10-11 21:08:10
11325,11326,14975,834,1329,4,Super friendly and helpful.,2023-10-11 20:28:10
11326,11327,14978,488,1329,3,"Great driver, very professional!",2023-03-21 05:50:56
11327,11328,14979,1329,147,3,"OK trip, nothing special.",2022-07-11 23:29:46
11328,11329,14979,147,1329,4,Super friendly and helpful.,2022-07-11 22:58:46
11329,11330,14980,986,1329,5,"Great driver, very professional!",2022-05-15 00:41:46
11330,11331,14983,1329,1993,4,"Perfect trip, no issues.",2022-08-11 06:18:44
11334,11335,14989,1839,1329,3,Very clean car.,2024-02-14 18:20:06
11336,11337,14991,1752,1329,4,"Great driver, very professional!",2022-02-08 01:16:50
11338,11339,14993,1324,1329,2,Very clean car.,2022-08-15 08:20:11
11339,11340,14994,1329,1081,4,"Smooth ride, on time.",2022-08-24 06:05:46
11340,11341,14994,1081,1329,2,"Excellent service, will ride again.",2022-08-24 06:02:46
11347,11348,15008,1329,1248,4,Fast and safe driver.,2024-05-08 13:12:14
11350,11351,15016,1420,1413,4,"Great driver, very professional!",2023-05-19 17:48:30
11351,11352,15016,1413,1420,3,Super friendly and helpful.,2023-05-19 18:45:30
11352,11353,15017,1420,1991,3,Trip was okay.,2023-06-22 20:26:05
11353,11354,15019,1425,1141,3,Trip was okay.,2023-12-30 10:53:08
11354,11355,15020,1425,1084,3,Got there safely.,2022-08-28 15:06:19
11357,11358,15025,508,1425,4,"Great driver, very professional!",2023-02-15 07:17:41
11358,11359,15026,1425,697,3,Decent experience.,2022-03-22 02:49:41
11359,11360,15026,697,1425,4,Super friendly and helpful.,2022-03-22 04:44:41
11360,11361,15028,1425,1693,4,"Great driver, very professional!",2024-03-26 08:01:18
11362,11363,15029,430,1425,3,Super friendly and helpful.,2023-12-19 17:45:35
11364,11365,15031,1605,1425,2,"Great driver, very professional!",2023-11-08 09:31:40
11365,11366,15033,1425,1492,5,"Easy pickup, no problems.",2024-05-28 07:07:49
11366,11367,15036,996,1425,4,Super friendly and helpful.,2023-01-02 10:43:49
11370,11371,15041,1425,891,4,"Quick and efficient, thanks!",2022-07-23 10:26:35
11371,11372,15042,1425,608,5,"5 stars, highly recommend!",2024-03-25 14:08:55
11372,11373,15044,1425,1040,4,"Easy pickup, no problems.",2022-08-06 21:07:46
11373,11374,15046,1425,1131,4,Loved the music selection!,2023-11-14 14:46:54
11374,11375,15048,1727,1425,4,"Smooth ride, on time.",2023-10-29 01:31:58
11375,11376,15050,1775,1425,3,Very clean car.,2024-03-25 13:18:51
11377,11378,15054,1288,1425,4,Very clean car.,2022-09-13 05:59:46
11380,11381,15059,1425,446,5,"Easy pickup, no problems.",2023-06-23 09:05:02
11381,11382,15060,1425,1607,3,Nothing to complain about.,2024-02-17 04:42:51
11382,11383,15060,1607,1425,4,Super friendly and helpful.,2024-02-17 02:53:51
11383,11384,15061,1425,1197,2,Driver was rude.,2023-11-19 06:33:13
11387,11388,15066,1425,947,4,Very clean car.,2022-09-05 13:04:10
11388,11389,15068,1425,1933,2,Had trouble finding the pickup spot.,2023-11-13 12:17:39
11389,11390,15069,1425,1237,5,"Excellent service, will ride again.",2023-11-16 18:31:22
11390,11391,15069,1237,1425,4,"Excellent service, will ride again.",2023-11-16 18:13:22
11391,11392,15070,1425,324,5,"Perfect trip, no issues.",2022-07-17 00:41:46
11393,11394,15071,1425,748,5,"Quick and efficient, thanks!",2022-02-28 08:00:38
11395,11396,15072,190,1425,5,"Great driver, very professional!",2022-08-15 11:44:07
11399,11400,15076,602,1425,3,"Smooth ride, on time.",2022-11-03 23:32:03
11400,11401,15077,1607,1425,3,"Great driver, very professional!",2023-09-04 18:33:05
11401,11402,15078,1425,1011,3,Decent experience.,2024-03-10 20:19:40
11402,11403,15078,1011,1425,3,"Smooth ride, on time.",2024-03-10 19:23:40
11406,11407,15087,1425,508,5,"Smooth ride, on time.",2024-05-29 08:37:33
11407,11408,15087,508,1425,3,"Great driver, very professional!",2024-05-29 08:42:33
11411,11412,15093,1425,1948,4,"Easy pickup, no problems.",2023-03-21 11:55:25
11412,11413,15093,1948,1425,3,Very clean car.,2023-03-21 12:07:25
11413,11414,15094,1425,1984,4,"Smooth ride, on time.",2022-11-25 23:50:21
11414,11415,15094,1984,1425,4,"Great driver, very professional!",2022-11-26 01:37:21
11416,11417,15096,677,1425,5,"Smooth ride, on time.",2023-05-13 19:49:57
11417,11418,15097,1425,1865,5,"Perfect trip, no issues.",2023-06-23 05:26:36
11418,11419,15098,878,1425,4,"Smooth ride, on time.",2023-09-10 07:15:04
11419,11420,15099,1023,1425,3,"Great driver, very professional!",2023-12-24 12:43:29
11421,11422,15101,1181,1425,4,Super friendly and helpful.,2022-05-24 07:27:23
11422,11423,15102,1425,118,3,Average experience.,2022-03-27 01:41:47
11424,11425,15103,571,1425,3,"Excellent service, will ride again.",2024-02-15 21:41:17
11426,11427,15105,1107,199,5,"Quick and efficient, thanks!",2022-10-06 00:18:56
11427,11428,15107,1381,1371,4,Very clean car.,2023-09-23 15:08:06
11428,11429,15110,1381,1479,5,"Quick and efficient, thanks!",2023-09-28 04:42:04
11429,11430,15110,1479,1381,3,"Smooth ride, on time.",2023-09-28 05:42:04
11430,11431,15111,611,1752,3,Trip was okay.,2022-12-03 20:05:50
11431,11432,15112,611,65,5,"Excellent service, will ride again.",2024-02-18 23:45:04
11436,11437,15119,611,498,4,"Smooth ride, on time.",2022-04-02 10:53:02
11437,11438,15119,498,611,3,"Excellent service, will ride again.",2022-04-02 13:04:02
11439,11440,15121,338,611,5,"Great driver, very professional!",2022-06-05 13:23:18
11440,11441,15122,433,611,2,Super friendly and helpful.,2022-01-05 02:22:14
11444,11445,15131,611,570,4,"5 stars, highly recommend!",2022-10-31 15:24:41
11445,11446,15131,570,611,4,"Great driver, very professional!",2022-10-31 15:05:41
11446,11447,15133,15,611,5,"Smooth ride, on time.",2024-06-09 14:09:30
11449,11450,15139,611,1658,5,"Perfect trip, no issues.",2024-04-13 04:06:21
11450,11451,15142,611,341,5,"Great driver, very professional!",2023-07-31 05:08:14
11451,11452,15142,341,611,3,"Great driver, very professional!",2023-07-31 04:31:14
11452,11453,15143,611,201,5,Loved the music selection!,2022-07-04 10:32:47
11453,11454,15145,611,1041,3,Acceptable ride.,2023-04-01 17:48:52
11454,11455,15148,611,1181,4,Very courteous driver.,2024-01-05 20:44:56
11455,11456,15151,611,834,3,Average experience.,2023-01-27 23:52:20
11456,11457,15152,611,1183,4,"Easy pickup, no problems.",2022-01-11 03:05:03
11458,11459,15154,1324,611,3,Very clean car.,2023-10-29 23:31:24
11462,11463,15157,288,611,5,Super friendly and helpful.,2022-11-13 19:35:56
11466,11467,15160,334,611,4,"Excellent service, will ride again.",2024-03-26 20:09:55
11468,11469,15163,611,1030,4,"Perfect trip, no issues.",2024-06-08 17:26:39
11470,11471,15166,611,1206,5,"5 stars, highly recommend!",2022-01-31 04:11:30
11473,11474,15174,611,585,4,Fast and safe driver.,2023-09-22 13:01:23
11474,11475,15175,611,1975,4,"Excellent service, will ride again.",2023-09-10 18:35:42
11480,11481,15186,146,611,1,"Smooth ride, on time.",2024-06-12 10:35:27
11481,11482,15187,611,502,3,Fine driver.,2022-11-17 11:14:12
11482,11483,15189,741,1349,4,"Excellent service, will ride again.",2023-07-05 06:36:05
11483,11484,15190,1349,430,3,Got there safely.,2023-12-09 19:25:51
11484,11485,15192,1798,201,4,Loved the music selection!,2024-04-24 19:54:11
11485,11486,15193,1798,1937,4,Very comfortable ride.,2022-10-24 00:00:13
11487,11488,15195,1798,1776,4,"Smooth ride, on time.",2022-10-25 04:07:30
11488,11489,15195,1776,1798,5,"Great driver, very professional!",2022-10-25 05:28:30
11489,11490,15197,991,1035,5,"Quick and efficient, thanks!",2022-08-02 03:55:34
11490,11491,15197,1035,991,3,"Excellent service, will ride again.",2022-08-02 05:06:34
11491,11492,15199,991,176,3,Decent experience.,2023-05-26 21:41:51
11493,11494,15200,991,256,4,Loved the music selection!,2023-03-27 15:08:06
11494,11495,15200,256,991,4,"Excellent service, will ride again.",2023-03-27 16:35:06
11497,11498,15202,1355,413,4,"Smooth ride, on time.",2023-01-05 15:45:29
11498,11499,15204,413,389,4,Loved the music selection!,2023-03-07 14:10:22
11499,11500,15205,1948,413,3,Very clean car.,2022-12-23 04:40:47
11501,11502,15207,1033,293,2,Car smelled bad.,2022-01-16 15:01:37
11502,11503,15210,1451,494,4,"Great rider, very polite.",2024-01-22 15:40:08
11503,11504,15210,494,1451,3,"Excellent service, will ride again.",2024-01-22 17:31:08
11505,11506,15213,1451,1205,4,Loved the music selection!,2023-05-23 19:25:28
11506,11507,15213,1205,1451,3,Super friendly and helpful.,2023-05-23 18:16:28
11507,11508,15214,1451,1302,5,"Excellent service, will ride again.",2022-06-21 16:11:53
11511,11512,15220,1471,1451,4,Super friendly and helpful.,2023-09-15 09:30:24
11512,11513,15221,1451,1035,4,"Great driver, very professional!",2024-06-19 22:46:17
11513,11514,15222,1693,1451,3,"Smooth ride, on time.",2022-01-20 17:35:21
11514,11515,15224,1451,1547,4,Very clean car.,2024-06-19 14:12:44
11515,11516,15225,1713,1451,3,"Excellent service, will ride again.",2024-02-23 00:49:39
11516,11517,15228,1451,977,3,Fine driver.,2023-06-19 20:58:45
11518,11519,15231,1427,1366,4,"Great driver, very professional!",2022-09-05 01:39:28
11520,11521,15234,965,1248,3,"OK trip, nothing special.",2023-09-04 07:26:29
11521,11522,15234,1248,965,4,"Smooth ride, on time.",2023-09-04 06:39:29
11523,11524,15239,368,570,2,Had trouble finding the pickup spot.,2023-11-16 02:00:59
11525,11526,15240,1790,368,3,"Smooth ride, on time.",2022-04-24 22:59:01
11527,11528,15245,1497,368,3,Super friendly and helpful.,2022-10-06 10:29:09
11528,11529,15249,368,1724,5,"Easy pickup, no problems.",2023-02-15 21:56:48
11529,11530,15250,1865,368,3,Super friendly and helpful.,2024-04-19 10:19:43
11531,11532,15251,1311,368,4,"Smooth ride, on time.",2022-04-21 09:10:41
11533,11534,15252,412,368,3,"Excellent service, will ride again.",2024-01-10 12:51:35
11534,11535,15253,1775,368,4,"Excellent service, will ride again.",2022-10-23 15:47:37
11537,11538,15257,368,118,5,"Quick and efficient, thanks!",2023-08-07 20:11:59
11539,11540,15259,368,1081,4,Very courteous driver.,2022-05-05 14:28:22
11540,11541,15260,920,368,4,"Excellent service, will ride again.",2024-06-01 14:57:55
11541,11542,15262,368,833,3,Acceptable ride.,2024-01-04 08:50:10
11543,11544,15266,210,368,2,"Smooth ride, on time.",2023-07-29 21:32:32
11544,11545,15267,368,571,4,"Great rider, very polite.",2024-03-28 06:52:11
11549,11550,15272,1309,368,2,Super friendly and helpful.,2023-08-05 19:11:36
11553,11554,15276,677,368,3,"Great driver, very professional!",2023-08-30 02:35:25
11555,11556,15278,368,932,5,"Great driver, very professional!",2022-07-31 02:54:56
11556,11557,15281,368,508,4,"Easy pickup, no problems.",2024-06-19 04:26:11
11558,11559,15282,194,368,3,Very clean car.,2024-06-07 11:23:36
11559,11560,15287,368,1267,4,Super friendly and helpful.,2024-05-14 06:35:16
11560,11561,15288,368,1410,5,Very comfortable ride.,2022-09-30 15:20:30
11562,11563,15290,368,341,4,"Great rider, very polite.",2023-03-10 11:54:06
11563,11564,15291,368,1975,4,Super friendly and helpful.,2022-06-08 01:33:10
11564,11565,15291,1975,368,3,"Great driver, very professional!",2022-06-08 01:41:10
11568,11569,15296,601,368,4,"Excellent service, will ride again.",2024-02-23 04:24:12
11569,11570,15298,368,883,4,Very courteous driver.,2024-02-15 14:18:41
11570,11571,15298,883,368,4,"Excellent service, will ride again.",2024-02-15 15:29:41
11572,11573,15300,1971,1956,4,"Great driver, very professional!",2023-04-08 15:58:38
11574,11575,15301,612,1971,4,"Great driver, very professional!",2024-05-26 11:46:46
11575,11576,15302,1971,472,2,Not very clean.,2022-06-17 06:43:11
11578,11579,15306,1971,7,2,Had trouble finding the pickup spot.,2022-11-17 05:25:28
11579,11580,15307,571,1971,2,"Excellent service, will ride again.",2023-04-14 16:00:11
11582,11583,15314,1971,1889,4,"Quick and efficient, thanks!",2023-08-31 07:45:37
11583,11584,15314,1889,1971,3,Very clean car.,2023-08-31 08:22:37
11584,11585,15315,1380,1971,5,"Excellent service, will ride again.",2024-02-24 22:13:49
11585,11586,15316,1971,1117,4,Fast and safe driver.,2022-12-29 23:56:44
11586,11587,15317,1971,472,3,Acceptable ride.,2022-06-16 12:42:10
11588,11589,15320,1971,494,5,Fast and safe driver.,2022-10-06 00:21:42
11589,11590,15321,1971,202,5,Fast and safe driver.,2023-12-05 18:25:22
11590,11591,15323,7,1971,3,"Great driver, very professional!",2023-01-16 00:49:48
11591,11592,15324,1196,1971,3,"Smooth ride, on time.",2023-08-13 12:44:49
11593,11594,15325,439,1971,4,"Great driver, very professional!",2024-01-24 15:50:32
11594,11595,15328,1971,125,4,"Great driver, very professional!",2022-04-28 00:24:03
11595,11596,15329,539,1971,4,Super friendly and helpful.,2023-11-20 12:19:06
11601,11602,15336,1555,1971,3,"Smooth ride, on time.",2022-06-12 08:57:32
11603,11604,15338,1971,1794,5,Car was spotless.,2024-05-05 17:16:05
11606,11607,15345,1971,1765,2,Driver was late.,2022-04-25 21:13:38
11607,11608,15346,1971,571,5,"Quick and efficient, thanks!",2022-12-21 07:12:08
11608,11609,15347,1971,959,5,"5 stars, highly recommend!",2024-04-09 14:30:57
11610,11611,15350,162,1971,5,"Smooth ride, on time.",2023-11-08 19:57:08
11611,11612,15351,1971,1352,4,Very courteous driver.,2022-05-21 08:11:27
11613,11614,15353,1971,1869,4,Super friendly and helpful.,2023-11-26 12:59:37
11616,11617,15356,1606,1971,5,"Smooth ride, on time.",2022-06-08 17:16:41
11618,11619,15362,1971,1198,3,Decent experience.,2022-10-28 16:03:31
11619,11620,15363,1971,1328,4,Fast and safe driver.,2024-03-05 23:04:02
11620,11621,15366,1971,393,4,"Excellent service, will ride again.",2022-02-16 05:04:04
11621,11622,15370,1971,187,4,Car was spotless.,2023-11-01 04:09:18
11624,11625,15376,1971,1812,4,"Easy pickup, no problems.",2023-08-03 11:15:49
11626,11627,15380,1971,202,5,"Great rider, very polite.",2022-04-25 14:40:34
11627,11628,15380,202,1971,2,"Smooth ride, on time.",2022-04-25 14:26:34
11628,11629,15381,1971,327,5,"Great driver, very professional!",2023-05-26 19:28:23
11629,11630,15381,327,1971,5,"Excellent service, will ride again.",2023-05-26 20:41:23
11630,11631,15382,1971,742,3,Decent experience.,2023-01-07 18:34:40
11631,11632,15383,31,1971,3,Super friendly and helpful.,2024-06-18 16:56:36
11632,11633,15384,1853,1971,4,"Excellent service, will ride again.",2023-11-16 07:37:02
11634,11635,15387,1971,1869,3,Acceptable ride.,2022-07-16 07:37:36
11637,11638,15391,1971,1117,5,Very comfortable ride.,2024-06-06 09:33:12
11639,11640,15392,1328,1971,3,Super friendly and helpful.,2022-11-29 14:02:37
11641,11642,15394,1971,1606,4,Very comfortable ride.,2022-08-13 01:02:07
11646,11647,15401,530,564,4,"5 stars, highly recommend!",2024-05-09 00:34:50
11647,11648,15401,564,530,3,"Smooth ride, on time.",2024-05-09 00:51:50
11650,11651,15406,1402,62,4,Very courteous driver.,2023-03-17 09:36:48
11651,11652,15409,1402,645,5,Fast and safe driver.,2023-08-23 17:14:07
11653,11654,15415,1438,1402,3,Super friendly and helpful.,2022-08-03 02:23:17
11654,11655,15417,1402,118,5,"Easy pickup, no problems.",2022-05-05 07:50:19
11655,11656,15418,1402,697,4,Car was spotless.,2022-04-01 12:37:31
11658,11659,15423,1069,1999,4,"Quick and efficient, thanks!",2023-11-23 08:43:09
11661,11662,15424,585,1989,4,Super friendly and helpful.,2023-02-02 19:29:14
11663,11664,15435,1989,1558,4,Fast and safe driver.,2023-01-26 10:03:52
11664,11665,15436,1134,1989,4,"Smooth ride, on time.",2022-03-31 10:24:40
11665,11666,15437,1526,1989,3,"Smooth ride, on time.",2023-07-02 03:18:36
11670,11671,15447,1989,776,3,Nothing to complain about.,2022-06-13 09:36:49
11671,11672,15447,776,1989,2,"Excellent service, will ride again.",2022-06-13 09:30:49
11672,11673,15448,1989,119,5,"Smooth ride, on time.",2023-09-05 02:04:40
11673,11674,15449,1989,187,4,"Easy pickup, no problems.",2023-12-11 09:01:57
11674,11675,15451,1989,469,3,"OK trip, nothing special.",2023-10-27 06:58:07
11675,11676,15453,1001,1989,3,"Smooth ride, on time.",2022-09-11 13:04:44
11676,11677,15455,1989,602,3,Got there safely.,2022-08-16 13:51:29
11678,11679,15457,742,1989,3,"Excellent service, will ride again.",2022-05-29 23:50:30
11679,11680,15459,1989,1651,4,"Great driver, very professional!",2024-06-19 01:16:06
11680,11681,15459,1651,1989,3,"Excellent service, will ride again.",2024-06-19 02:29:06
11681,11682,15460,66,1989,4,"Great driver, very professional!",2022-01-03 20:28:01
11683,11684,15466,1989,389,5,Loved the music selection!,2023-08-08 05:37:44
11684,11685,15467,1989,439,3,Decent experience.,2023-02-07 22:29:42
11685,11686,15468,1989,506,3,Fine driver.,2023-06-23 05:10:10
11686,11687,15468,506,1989,3,Very clean car.,2023-06-23 05:06:10
11688,11689,15472,1403,1989,3,"Smooth ride, on time.",2023-07-08 02:46:12
11689,11690,15473,1989,947,3,Trip was okay.,2024-06-19 11:01:46
11690,11691,15479,1814,1989,4,"Smooth ride, on time.",2023-12-28 01:28:24
11692,11693,15482,1989,1794,4,"Perfect trip, no issues.",2022-11-02 18:03:37
11694,11695,15486,571,1989,4,Very clean car.,2024-01-20 16:50:41
11695,11696,15490,1989,162,5,Super friendly and helpful.,2022-01-12 00:56:10
11697,11698,15496,1989,506,4,"Easy pickup, no problems.",2022-03-06 13:01:51
11698,11699,15498,1989,515,4,Car was spotless.,2023-12-20 09:55:51
11699,11700,15501,1989,705,4,Car was spotless.,2023-10-02 02:11:20
11700,11701,15502,1989,1336,3,Nothing to complain about.,2023-12-03 04:13:47
11701,11702,15506,969,1989,3,Super friendly and helpful.,2022-07-30 12:34:15
11702,11703,15508,1989,1889,4,"Smooth ride, on time.",2023-07-17 02:20:19
11703,11704,15508,1889,1989,3,"Smooth ride, on time.",2023-07-17 04:22:19
11704,11705,15509,1863,319,4,Very clean car.,2023-05-13 14:51:39
11705,11706,15510,1863,5,4,"Excellent service, will ride again.",2024-03-24 21:27:52
11707,11708,15514,1863,932,4,"Easy pickup, no problems.",2023-10-13 01:54:15
11708,11709,15518,142,1932,4,"Smooth ride, on time.",2022-01-18 06:07:11
11709,11710,15519,202,1932,4,"Great driver, very professional!",2023-05-30 17:39:14
11713,11714,15524,1335,125,5,"Excellent service, will ride again.",2023-01-12 08:28:40
11716,11717,15528,1335,1221,5,Fast and safe driver.,2023-11-25 09:54:49
11717,11718,15529,1053,1335,4,"Great driver, very professional!",2023-12-22 12:50:04
11719,11720,15530,1131,1335,4,"Great driver, very professional!",2023-01-23 19:14:12
11720,11721,15531,1335,412,3,Fine driver.,2023-05-01 11:00:20
11721,11722,15534,1335,947,4,Very courteous driver.,2023-11-29 09:59:14
11723,11724,15539,1335,728,4,Car was spotless.,2023-02-05 12:13:02
11725,11726,15540,1335,293,5,Very comfortable ride.,2023-02-28 12:58:56
11726,11727,15541,1335,271,4,"5 stars, highly recommend!",2023-01-28 02:48:41
11727,11728,15542,1335,585,4,"Easy pickup, no problems.",2022-07-02 12:34:47
11728,11729,15543,1335,412,3,Average experience.,2023-02-16 23:36:27
11731,11732,15546,1507,1870,3,Super friendly and helpful.,2022-10-12 18:51:29
11732,11733,15547,1870,14,3,Nothing to complain about.,2023-04-17 18:52:09
11734,11735,15548,957,1200,3,Very clean car.,2022-08-30 20:13:01
11735,11736,15550,341,1200,4,"Excellent service, will ride again.",2022-08-06 03:19:33
11737,11738,15554,1200,1267,4,"Quick and efficient, thanks!",2024-02-06 08:19:59
11738,11739,15555,1200,741,4,"Quick and efficient, thanks!",2022-09-03 19:44:04
11739,11740,15556,1200,842,4,"Perfect trip, no issues.",2023-10-06 00:39:25
11740,11741,15558,1736,1200,5,"Smooth ride, on time.",2023-04-14 21:47:20
11741,11742,15560,1200,690,4,"Easy pickup, no problems.",2022-03-09 09:08:37
11743,11744,15563,1131,1597,4,Super friendly and helpful.,2023-11-09 18:26:00
11744,11745,15566,1350,1515,3,"Excellent service, will ride again.",2022-02-10 10:04:01
11745,11746,15567,1139,1515,3,Very clean car.,2022-06-05 01:38:19
11747,11748,15570,265,331,4,"Great rider, very polite.",2022-10-08 17:48:35
11750,11751,15575,830,766,4,Loved the music selection!,2024-01-18 06:14:55
11752,11753,15579,830,1302,4,Very clean car.,2024-05-02 00:41:17
11754,11755,15581,1991,830,4,"Great driver, very professional!",2024-06-28 11:25:15
11758,11759,15590,1853,1385,3,"Great driver, very professional!",2022-07-27 21:57:32
11759,11760,15591,1776,1385,3,Super friendly and helpful.,2023-03-26 04:22:29
11760,11761,15592,1385,1894,3,Average experience.,2023-04-22 08:42:21
11762,11763,15593,1385,1084,3,Acceptable ride.,2023-12-04 01:51:50
11764,11765,15595,119,1145,3,"Smooth ride, on time.",2024-03-03 20:53:59
11766,11767,15597,1145,376,4,"Perfect trip, no issues.",2023-08-05 12:37:46
11767,11768,15597,376,1145,3,Super friendly and helpful.,2023-08-05 13:30:46
11769,11770,15604,1145,44,3,Nothing to complain about.,2022-07-24 19:29:09
11770,11771,15604,44,1145,4,Super friendly and helpful.,2022-07-24 21:03:09
11773,11774,15608,1145,1207,5,Car was spotless.,2023-01-15 09:39:43
11774,11775,15609,1145,1727,3,Got there safely.,2022-11-26 17:18:46
11775,11776,15609,1727,1145,4,"Great driver, very professional!",2022-11-26 18:58:46
11776,11777,15612,1145,705,5,"Easy pickup, no problems.",2023-05-13 05:47:12
11777,11778,15616,1145,118,4,"Easy pickup, no problems.",2023-01-05 01:27:25
11778,11779,15618,1145,1700,5,Loved the music selection!,2024-05-05 05:45:02
11779,11780,15621,6,898,4,Very courteous driver.,2023-10-21 19:24:51
11780,11781,15621,898,6,3,"Great driver, very professional!",2023-10-21 18:49:51
11782,11783,15626,6,1472,3,"OK trip, nothing special.",2022-08-10 05:12:48
11783,11784,15627,6,959,3,Nothing to complain about.,2024-02-14 22:52:39
11784,11785,15627,959,6,2,Very clean car.,2024-02-14 23:17:39
11785,11786,15629,6,1933,3,Nothing to complain about.,2022-06-10 20:17:13
11787,11788,15631,1492,6,3,Very clean car.,2023-11-26 22:04:37
11788,11789,15635,6,1562,3,Average experience.,2023-01-04 16:28:55
11789,11790,15635,1562,6,4,"Excellent service, will ride again.",2023-01-04 17:47:55
11790,11791,15636,6,1227,4,Super friendly and helpful.,2024-01-03 16:29:10
11791,11792,15637,6,665,3,"OK trip, nothing special.",2024-05-01 20:15:08
11792,11793,15638,6,1196,4,Car was spotless.,2023-09-15 11:30:12
11797,11798,15644,6,1111,3,Decent experience.,2022-04-22 02:22:03
11800,11801,15647,1828,6,3,"Great driver, very professional!",2022-08-16 02:48:44
11802,11803,15648,542,6,4,"Smooth ride, on time.",2022-01-29 19:57:02
11803,11804,15649,995,6,4,Super friendly and helpful.,2023-04-27 00:17:03
11804,11805,15650,677,6,3,"Great driver, very professional!",2024-04-11 11:56:15
11806,11807,15653,6,974,4,Car was spotless.,2022-06-26 16:00:02
11807,11808,15656,6,1267,3,Average experience.,2022-04-03 00:10:38
11809,11810,15659,6,335,1,Driver was late.,2023-11-02 18:51:21
11810,11811,15659,335,6,4,"Excellent service, will ride again.",2023-11-02 18:27:21
11814,11815,15666,726,6,3,"Excellent service, will ride again.",2023-05-28 21:09:02
11815,11816,15668,6,878,3,Trip was okay.,2023-06-12 13:51:47
11817,11818,15670,6,120,2,Car smelled bad.,2024-02-02 06:18:31
11818,11819,15671,6,1975,4,Loved the music selection!,2022-08-30 00:11:51
11821,11822,15677,1830,6,3,Very clean car.,2023-07-17 12:15:33
11822,11823,15680,6,271,4,Loved the music selection!,2022-02-08 08:33:16
11823,11824,15680,271,6,2,"Great driver, very professional!",2022-02-08 09:37:16
11824,11825,15681,6,1281,2,Driver was late.,2024-03-25 22:15:52
11825,11826,15681,1281,6,3,Very clean car.,2024-03-26 00:40:52
11826,11827,15682,6,1727,4,"Easy pickup, no problems.",2023-02-13 14:48:21
11828,11829,15684,818,6,2,Very clean car.,2023-12-01 11:59:40
11830,11831,15685,726,6,3,"Excellent service, will ride again.",2022-12-12 14:11:10
11832,11833,15687,1699,723,4,Super friendly and helpful.,2023-05-21 09:10:17
11834,11835,15689,1606,723,4,"Smooth ride, on time.",2024-06-01 05:02:34
11835,11836,15691,230,723,2,"Great driver, very professional!",2022-05-16 20:56:42
11836,11837,15693,867,723,3,"Great driver, very professional!",2024-03-25 12:22:45
11838,11839,15702,723,1413,4,"Great rider, very polite.",2023-01-01 09:42:23
11841,11842,15709,1011,723,5,Super friendly and helpful.,2022-01-13 23:16:54
11843,11844,15711,723,825,4,Loved the music selection!,2024-05-23 21:03:10
11844,11845,15712,723,286,3,Got there safely.,2023-07-21 18:59:15
11845,11846,15712,286,723,4,"Great driver, very professional!",2023-07-21 20:28:15
11846,11847,15713,723,202,3,Fine driver.,2022-03-30 08:01:42
11848,11849,15715,723,52,4,Very comfortable ride.,2023-12-20 02:00:28
11849,11850,15716,723,224,4,"Excellent service, will ride again.",2023-01-02 14:50:51
11850,11851,15716,224,723,3,"Great driver, very professional!",2023-01-02 15:25:51
11852,11853,15718,723,1134,4,"Easy pickup, no problems.",2022-01-08 19:11:27
11854,11855,15720,723,1984,3,Nothing to complain about.,2022-02-16 01:53:17
11855,11856,15722,588,1947,3,Average experience.,2022-08-15 20:00:35
11856,11857,15723,588,1532,4,Very comfortable ride.,2023-06-29 10:08:26
11857,11858,15724,588,1651,4,"Smooth ride, on time.",2023-04-14 14:33:26
11858,11859,15725,588,1091,5,"Quick and efficient, thanks!",2024-06-02 14:41:05
11859,11860,15726,1981,588,3,"Excellent service, will ride again.",2024-06-05 09:34:31
11863,11864,15730,434,588,2,"Excellent service, will ride again.",2023-11-24 21:23:24
11864,11865,15731,588,331,4,Very courteous driver.,2023-10-23 06:31:18
11865,11866,15732,588,164,3,Got there safely.,2022-08-08 07:19:54
11866,11867,15733,488,588,4,Super friendly and helpful.,2023-01-17 21:54:18
11867,11868,15734,588,766,4,"Great driver, very professional!",2023-10-05 00:27:47
11868,11869,15735,452,588,3,"Excellent service, will ride again.",2023-12-06 05:07:33
11869,11870,15736,588,52,3,"OK trip, nothing special.",2023-02-07 11:39:17
11870,11871,15736,52,588,4,Very clean car.,2023-02-07 10:05:17
11872,11873,15737,1956,588,4,Very clean car.,2023-03-03 14:17:44
11873,11874,15738,588,207,3,Acceptable ride.,2022-11-30 20:58:40
11874,11875,15738,207,588,3,Very clean car.,2022-11-30 20:43:40
11875,11876,15739,588,139,5,"Easy pickup, no problems.",2022-12-29 05:46:53
11876,11877,15740,588,1108,4,Loved the music selection!,2024-01-03 02:49:55
11877,11878,15740,1108,588,3,"Great driver, very professional!",2024-01-03 03:35:55
11878,11879,15741,588,940,4,Fast and safe driver.,2022-04-11 10:12:30
11879,11880,15742,588,31,3,Got there safely.,2023-07-26 18:04:04
11881,11882,15743,2,588,3,"Excellent service, will ride again.",2023-09-12 17:57:00
11886,11887,15748,867,240,3,Super friendly and helpful.,2023-10-25 13:20:24
11887,11888,15751,240,1794,3,Trip was okay.,2023-01-01 09:25:39
11888,11889,15751,1794,240,3,"Smooth ride, on time.",2023-01-01 11:36:39
11889,11890,15752,55,240,3,"Smooth ride, on time.",2022-10-15 09:20:32
11892,11893,15755,778,240,5,"Excellent service, will ride again.",2024-04-02 14:21:50
11893,11894,15757,240,1091,3,Fine driver.,2024-04-16 08:10:18
11895,11896,15759,1775,240,3,"Excellent service, will ride again.",2022-05-03 10:50:58
11896,11897,15760,240,323,3,Nothing to complain about.,2023-03-26 23:51:49
11898,11899,15761,1100,240,4,Super friendly and helpful.,2024-04-11 05:15:09
11900,11901,15763,240,1100,4,Loved the music selection!,2023-11-19 00:04:24
11901,11902,15766,777,232,3,Super friendly and helpful.,2023-10-31 10:43:05
11902,11903,15768,868,768,4,"Excellent service, will ride again.",2024-05-15 05:09:47
11903,11904,15770,768,1651,4,Very comfortable ride.,2022-02-16 16:27:15
11907,11908,15774,949,334,4,"5 stars, highly recommend!",2023-03-18 13:20:46
11908,11909,15775,949,1755,3,Fine driver.,2024-03-02 04:12:34
11909,11910,15776,949,818,3,Decent experience.,2023-12-06 19:58:54
11911,11912,15779,949,645,5,Car was spotless.,2022-09-13 12:07:41
11912,11913,15780,949,187,4,"Great driver, very professional!",2023-10-04 14:58:28
11913,11914,15781,949,1608,4,"Smooth ride, on time.",2023-05-25 12:04:20
11914,11915,15781,1608,949,4,"Excellent service, will ride again.",2023-05-25 13:35:20
11915,11916,15782,949,1371,5,"Great driver, very professional!",2024-04-08 01:30:40
11917,11918,15784,24,949,4,"Smooth ride, on time.",2023-09-23 23:15:35
11919,11920,15790,949,328,4,"Quick and efficient, thanks!",2022-08-29 08:41:14
11922,11923,15792,1548,949,4,Super friendly and helpful.,2024-02-27 22:31:32
11923,11924,15795,1053,1004,3,Very clean car.,2022-11-02 23:19:52
11924,11925,15798,448,34,4,Very clean car.,2024-06-27 14:45:22
11925,11926,15800,34,1001,5,Loved the music selection!,2022-12-27 20:28:50
11926,11927,15800,1001,34,3,"Great driver, very professional!",2022-12-27 22:15:50
11927,11928,15801,34,1812,4,"Excellent service, will ride again.",2022-02-27 10:01:46
11928,11929,15802,1040,34,4,"Great driver, very professional!",2022-05-26 04:22:32
11929,11930,15804,1494,34,3,"Excellent service, will ride again.",2022-09-13 13:57:20
11930,11931,15805,34,1207,4,"5 stars, highly recommend!",2023-07-14 17:15:58
11936,11937,15814,1074,1237,5,"Perfect trip, no issues.",2023-09-26 11:12:15
11937,11938,15814,1237,1074,3,"Excellent service, will ride again.",2023-09-26 12:45:15
11938,11939,15815,994,1400,5,"Perfect trip, no issues.",2022-06-11 18:24:40
11939,11940,15815,1400,994,3,Very clean car.,2022-06-11 18:45:40
11940,11941,15816,994,1117,4,Fast and safe driver.,2022-01-28 04:54:45
11942,11943,15818,994,389,4,"Easy pickup, no problems.",2024-02-20 02:17:57
11943,11944,15819,994,1755,3,Trip was okay.,2022-04-14 01:59:42
11944,11945,15819,1755,994,3,"Great driver, very professional!",2022-04-14 02:12:42
11945,11946,15820,1106,741,4,Fast and safe driver.,2024-02-13 12:23:22
11946,11947,15820,741,1106,5,"Smooth ride, on time.",2024-02-13 11:52:22
11947,11948,15821,1106,1724,5,Loved the music selection!,2022-05-26 05:24:11
11953,11954,15832,1040,1106,4,"Great driver, very professional!",2023-10-09 07:09:28
11955,11956,15834,1106,120,2,Driver was rude.,2022-03-17 09:02:11
11956,11957,15835,995,1106,2,Very clean car.,2023-03-29 11:22:52
11961,11962,15839,485,1106,2,"Smooth ride, on time.",2023-12-07 20:44:50
11962,11963,15840,1106,779,3,Average experience.,2022-05-18 02:07:49
11963,11964,15840,779,1106,3,Super friendly and helpful.,2022-05-18 03:41:49
11964,11965,15842,1106,515,3,Fine driver.,2023-05-09 14:56:01
11965,11966,15843,1106,1221,3,"OK trip, nothing special.",2022-02-13 12:10:55
11966,11967,15844,1106,1117,3,"OK trip, nothing special.",2023-11-26 07:57:52
11967,11968,15846,1355,1106,2,"Great driver, very professional!",2023-11-01 10:28:22
11968,11969,15847,1106,494,5,"Quick and efficient, thanks!",2023-04-20 21:19:33
11969,11970,15849,1106,52,5,"Perfect trip, no issues.",2024-03-11 20:58:56
11970,11971,15850,1894,1106,4,"Great driver, very professional!",2023-11-23 23:52:21
11973,11974,15856,1114,494,5,"Great rider, very polite.",2024-04-15 22:49:41
11976,11977,15861,506,50,2,"Smooth ride, on time.",2023-06-16 10:46:37
11979,11980,15865,1111,197,4,"Smooth ride, on time.",2023-07-20 11:38:34
11980,11981,15867,197,1183,3,"OK trip, nothing special.",2022-09-09 02:43:53
11981,11982,15872,1119,118,5,"Easy pickup, no problems.",2023-09-03 09:19:08
11982,11983,15873,1119,1607,3,Nothing to complain about.,2023-08-11 22:19:25
11985,11986,15875,66,1119,4,Very clean car.,2022-12-24 12:47:04
11987,11988,15880,1713,1119,3,Super friendly and helpful.,2022-02-23 22:59:41
11989,11990,15883,1081,1119,3,"Smooth ride, on time.",2022-11-30 07:27:51
11993,11994,15889,968,1100,5,Fast and safe driver.,2022-02-10 00:56:16
11994,11995,15890,968,1981,5,Car was spotless.,2022-09-26 12:47:40
11995,11996,15891,5,968,5,"Great driver, very professional!",2024-01-16 12:46:52
11997,11998,15893,968,1030,5,"Great rider, very polite.",2023-01-30 06:21:49
11999,12000,15895,155,968,3,Super friendly and helpful.,2023-02-04 08:36:02
12000,12001,15896,1461,968,3,Very clean car.,2024-01-02 13:46:58
12001,12002,15897,968,15,4,Loved the music selection!,2022-06-02 12:16:21
12002,12003,15898,968,1403,5,"Quick and efficient, thanks!",2024-06-04 14:23:21
12003,12004,15899,968,925,2,Car smelled bad.,2023-03-09 08:33:07
12004,12005,15900,777,968,3,"Excellent service, will ride again.",2024-01-09 02:33:42
12005,12006,15901,968,1699,3,Decent experience.,2023-02-16 20:38:16
12006,12007,15902,1091,968,3,Super friendly and helpful.,2022-08-05 08:02:01
12007,12008,15903,327,968,4,"Smooth ride, on time.",2022-06-16 19:45:46
12009,12010,15907,665,1822,5,Very clean car.,2023-03-04 23:15:16
12010,12011,15909,1822,1865,3,Average experience.,2022-03-03 18:19:59
12011,12012,15911,1693,945,4,Very clean car.,2024-04-29 13:20:31
12012,12013,15912,945,1267,3,Fine driver.,2024-02-05 12:28:29
12013,12014,15913,945,1991,3,Trip was okay.,2023-11-03 20:57:20
12014,12015,15914,288,945,3,Very clean car.,2024-01-21 11:34:33
12018,12019,15919,1981,945,4,Very clean car.,2023-03-08 21:05:25
12019,12020,15920,945,485,5,"Perfect trip, no issues.",2022-10-10 02:03:07
12024,12025,15927,1243,945,4,"Great driver, very professional!",2024-02-15 23:37:09
12025,12026,15928,945,995,3,Trip was okay.,2023-02-26 00:37:05
12027,12028,15930,945,1492,5,"Great rider, very polite.",2024-02-23 06:42:45
12028,12029,15931,945,1336,4,"Great driver, very professional!",2024-04-17 21:30:29
12029,12030,15933,945,389,4,Very clean car.,2022-09-02 04:45:17
12030,12031,15933,389,945,3,Very clean car.,2022-09-02 06:37:17
12032,12033,15936,945,1380,4,"Perfect trip, no issues.",2023-11-19 21:57:23
12033,12034,15938,1544,945,3,"Great driver, very professional!",2024-06-29 18:31:41
12034,12035,15939,945,867,4,Very comfortable ride.,2024-05-12 07:19:01
12035,12036,15939,867,945,3,Very clean car.,2024-05-12 09:51:01
12036,12037,15940,945,131,4,Super friendly and helpful.,2022-03-15 01:02:32
12037,12038,15941,945,1410,5,Very comfortable ride.,2023-06-15 22:21:33
12039,12040,15945,945,146,4,"Excellent service, will ride again.",2022-12-30 08:54:57
12042,12043,15948,945,1993,3,Decent experience.,2022-12-03 02:27:32
12043,12044,15949,945,891,4,"Excellent service, will ride again.",2023-08-20 09:07:07
12044,12045,15950,945,776,3,"OK trip, nothing special.",2022-02-11 17:29:59
12045,12046,15951,155,945,3,Super friendly and helpful.,2023-09-03 08:40:16
12049,12050,15954,1104,945,3,Super friendly and helpful.,2022-01-22 20:37:22
12050,12051,15955,945,66,4,"Smooth ride, on time.",2023-12-27 03:41:31
12051,12052,15956,945,1293,5,Very comfortable ride.,2022-12-23 20:28:14
12052,12053,15956,1293,945,4,Super friendly and helpful.,2022-12-23 21:11:14
12053,12054,15959,1826,945,4,Very clean car.,2024-02-07 02:34:37
12054,12055,15960,945,351,4,"Perfect trip, no issues.",2022-05-27 05:49:16
12055,12056,15960,351,945,4,"Excellent service, will ride again.",2022-05-27 04:44:16
12057,12058,15962,945,782,4,"Great driver, very professional!",2023-08-10 22:44:01
12058,12059,15962,782,945,4,"Great driver, very professional!",2023-08-10 23:59:01
12060,12061,15963,1461,945,3,"Smooth ride, on time.",2023-06-29 20:40:39
12061,12062,15968,31,945,3,"Excellent service, will ride again.",2022-05-29 19:33:24
12063,12064,15969,602,945,3,Super friendly and helpful.,2023-10-04 22:11:44
12064,12065,15970,945,324,4,"Smooth ride, on time.",2023-06-23 08:27:26
12067,12068,15973,945,645,4,"Great rider, very polite.",2022-01-17 09:09:19
12068,12069,15973,645,945,3,"Excellent service, will ride again.",2022-01-17 09:18:19
12069,12070,15974,319,945,5,Super friendly and helpful.,2022-02-14 08:33:29
12070,12071,15975,945,822,3,Got there safely.,2022-03-20 06:21:46
12071,12072,15975,822,945,2,Super friendly and helpful.,2022-03-20 06:32:46
12074,12075,15979,62,945,3,"Smooth ride, on time.",2023-09-03 19:01:25
12076,12077,15982,945,765,5,Very courteous driver.,2022-07-11 07:29:54
12077,12078,15983,945,690,4,Very courteous driver.,2022-09-09 16:32:22
12080,12081,15986,945,5,4,Very courteous driver.,2022-11-13 15:16:01
12081,12082,15988,1117,945,5,"Excellent service, will ride again.",2022-08-17 16:23:52
12083,12084,15990,945,728,5,Very courteous driver.,2023-02-01 11:10:31
12084,12085,15991,945,1606,4,Car was spotless.,2022-12-31 12:52:52
12085,12086,15993,1410,945,3,"Excellent service, will ride again.",2024-02-05 02:46:11
12086,12087,15995,52,945,3,"Excellent service, will ride again.",2022-10-28 12:36:20
12088,12089,15998,945,866,3,Nothing to complain about.,2022-12-23 08:07:31
12090,12091,16000,945,1947,5,"Smooth ride, on time.",2023-03-10 16:15:00
12092,12093,16002,945,55,4,Very courteous driver.,2023-01-29 04:49:02
12095,12096,16006,777,945,2,"Excellent service, will ride again.",2022-05-21 23:00:08
12096,12097,16007,553,945,4,"Smooth ride, on time.",2023-08-19 17:34:54
12097,12098,16009,945,318,4,Loved the music selection!,2022-06-18 23:24:21
12098,12099,16010,945,256,3,Trip was okay.,2023-11-12 08:37:50
12100,12101,16012,1622,1713,3,Decent experience.,2023-03-18 21:10:58
12101,12102,16014,1622,883,4,"Smooth ride, on time.",2023-12-11 01:31:41
12102,12103,16014,883,1622,3,"Excellent service, will ride again.",2023-12-11 01:52:41
12104,12105,16015,224,1622,3,"Great driver, very professional!",2022-08-30 09:35:29
12105,12106,16016,1622,1532,4,Loved the music selection!,2022-08-31 09:46:39
12106,12107,16018,1713,1622,5,Super friendly and helpful.,2024-06-22 12:28:32
12107,12108,16020,1941,1622,2,"Excellent service, will ride again.",2022-09-12 17:04:06
12108,12109,16024,542,1622,3,"Excellent service, will ride again.",2023-09-20 00:30:07
12110,12111,16027,1622,162,5,"Excellent service, will ride again.",2022-05-26 18:43:40
12111,12112,16027,162,1622,2,"Great driver, very professional!",2022-05-26 16:59:40
12112,12113,16028,1622,89,2,Had trouble finding the pickup spot.,2023-03-28 03:14:24
12113,12114,16031,1622,201,5,Very courteous driver.,2023-08-08 00:58:53
12115,12116,16033,478,1477,4,"Smooth ride, on time.",2024-04-22 06:26:30
12117,12118,16035,89,478,2,"Smooth ride, on time.",2022-02-27 17:11:34
12119,12120,16037,478,1427,4,Super friendly and helpful.,2022-08-20 11:33:09
12121,12122,16040,478,1438,2,Not very clean.,2023-04-06 06:29:06
12122,12123,16040,1438,478,4,Very clean car.,2023-04-06 05:44:06
12123,12124,16042,478,131,4,"Easy pickup, no problems.",2023-04-07 11:53:52
12125,12126,16046,478,1736,3,"OK trip, nothing special.",2022-12-17 21:16:40
12126,12127,16048,478,146,4,"Great rider, very polite.",2023-02-27 21:34:45
12127,12128,16048,146,478,3,Super friendly and helpful.,2023-02-27 20:34:45
12128,12129,16049,1894,478,4,"Excellent service, will ride again.",2023-04-22 10:06:58
12129,12130,16052,1724,478,4,"Great driver, very professional!",2022-08-27 03:58:52
12131,12132,16053,477,478,2,Very clean car.,2023-10-24 16:08:15
12132,12133,16056,478,1403,3,Nothing to complain about.,2022-08-05 15:36:01
12135,12136,16061,1031,693,3,Average experience.,2022-08-26 06:16:59
12137,12138,16062,1091,1031,3,"Great driver, very professional!",2023-10-24 23:35:30
12139,12140,16065,1031,800,4,"Smooth ride, on time.",2022-08-26 21:06:41
12140,12141,16065,800,1031,2,Very clean car.,2022-08-26 22:08:41
12141,12142,16067,1031,1343,5,Car was spotless.,2022-12-25 22:34:24
12143,12144,16070,1031,1853,4,Loved the music selection!,2022-02-28 01:26:14
12146,12147,16073,1031,472,3,Got there safely.,2022-04-10 23:30:32
12148,12149,16074,229,1168,3,"Excellent service, will ride again.",2023-09-30 21:52:42
12149,12150,16076,1168,1386,5,Very comfortable ride.,2023-05-23 04:22:03
12150,12151,16076,1386,1168,4,Very clean car.,2023-05-23 03:26:03
12151,12152,16078,258,1168,3,Super friendly and helpful.,2022-05-24 01:37:08
12152,12153,16080,1168,1336,4,Very comfortable ride.,2022-10-27 05:19:23
12154,12155,16082,1168,571,5,Very comfortable ride.,2024-06-21 03:04:02
12155,12156,16082,571,1168,3,Very clean car.,2024-06-21 03:43:02
12156,12157,16083,1168,40,2,Not very clean.,2022-01-05 12:03:32
12157,12158,16083,40,1168,3,"Smooth ride, on time.",2022-01-05 12:21:32
12158,12159,16084,1356,1168,3,"Smooth ride, on time.",2022-09-26 19:30:01
12159,12160,16085,1168,1948,3,"OK trip, nothing special.",2022-04-13 16:35:24
12160,12161,16085,1948,1168,4,"Great driver, very professional!",2022-04-13 17:32:24
12162,12163,16087,1168,1991,4,Loved the music selection!,2022-02-20 10:26:09
12163,12164,16087,1991,1168,2,"Excellent service, will ride again.",2022-02-20 12:46:09
12164,12165,16088,40,1168,4,"Smooth ride, on time.",2024-06-09 06:33:39
12165,12166,16089,1168,1948,4,Loved the music selection!,2024-06-18 23:26:57
12166,12167,16090,1168,1001,4,"Excellent service, will ride again.",2023-06-07 03:27:13
12167,12168,16090,1001,1168,4,"Excellent service, will ride again.",2023-06-07 04:03:13
12168,12169,16091,1168,1765,4,"Great rider, very polite.",2023-02-19 07:44:28
12169,12170,16093,1168,192,4,"Great driver, very professional!",2023-10-17 09:26:09
12170,12171,16093,192,1168,4,"Smooth ride, on time.",2023-10-17 09:06:09
12171,12172,16094,1168,1814,5,"Perfect trip, no issues.",2022-02-04 23:06:16
12172,12173,16096,1168,1371,4,"Easy pickup, no problems.",2022-02-09 13:18:01
12174,12175,16097,1210,1168,3,"Great driver, very professional!",2023-02-13 14:05:38
12175,12176,16098,1168,549,4,"Quick and efficient, thanks!",2022-07-13 06:45:26
12178,12179,16100,256,43,4,"Smooth ride, on time.",2023-01-31 19:20:22
12179,12180,16102,43,1099,3,Acceptable ride.,2022-03-17 19:33:20
12180,12181,16102,1099,43,3,"Great driver, very professional!",2022-03-17 21:33:20
12184,12185,16106,43,1983,3,"OK trip, nothing special.",2023-09-25 23:32:46
12185,12186,16108,43,452,4,"Easy pickup, no problems.",2023-10-12 12:37:34
12186,12187,16108,452,43,4,"Excellent service, will ride again.",2023-10-12 11:54:34
12187,12188,16112,43,776,3,Trip was okay.,2024-06-24 12:34:29
12189,12190,16115,43,461,4,"Smooth ride, on time.",2022-03-04 14:55:40
12192,12193,16117,1373,43,3,Very clean car.,2024-02-16 23:52:55
12194,12195,16120,522,842,3,Got there safely.,2024-04-27 04:31:58
12195,12196,16120,842,522,4,Very clean car.,2024-04-27 04:02:58
12197,12198,16124,11,1117,5,Super friendly and helpful.,2022-10-28 22:02:32
12202,12203,16128,86,1736,5,Fast and safe driver.,2022-10-23 08:14:40
12203,12204,16129,1684,86,4,"Great driver, very professional!",2023-07-28 06:52:38
12206,12207,16135,86,40,3,Trip was okay.,2023-04-18 20:03:04
12208,12209,16139,86,1812,4,"Easy pickup, no problems.",2022-01-30 07:24:37
12211,12212,16141,408,86,4,Super friendly and helpful.,2022-07-03 08:43:43
12213,12214,16143,327,86,1,Super friendly and helpful.,2023-10-18 19:43:53
12214,12215,16145,690,86,3,Very clean car.,2023-10-19 17:59:18
12217,12218,16149,86,1775,5,"Great driver, very professional!",2022-09-30 09:15:30
12218,12219,16150,1605,86,4,"Smooth ride, on time.",2023-06-04 22:32:58
12220,12221,16153,1775,86,4,"Excellent service, will ride again.",2024-06-06 20:07:32
12221,12222,16155,1091,259,3,"Excellent service, will ride again.",2022-01-31 14:56:00
12223,12224,16157,259,1293,4,"Quick and efficient, thanks!",2024-05-30 08:27:07
12224,12225,16157,1293,259,2,"Excellent service, will ride again.",2024-05-30 10:08:07
12225,12226,16158,259,825,4,"Excellent service, will ride again.",2024-05-29 07:22:55
12227,12228,16165,1043,1087,4,"Great driver, very professional!",2022-06-28 21:35:36
12228,12229,16166,795,1790,5,"Perfect trip, no issues.",2023-04-20 06:26:11
12229,12230,16169,1844,868,2,Car smelled bad.,2024-06-26 16:26:25
12230,12231,16169,868,1844,3,Very clean car.,2024-06-26 15:52:25
12232,12233,16172,1408,121,3,"OK trip, nothing special.",2022-08-18 06:20:49
12233,12234,16172,121,1408,3,Super friendly and helpful.,2022-08-18 05:22:49
12234,12235,16176,1072,1394,5,"Great driver, very professional!",2023-08-06 17:54:09
12235,12236,16176,1394,1072,3,Very clean car.,2023-08-06 20:09:09
12238,12239,16179,1072,1700,3,Average experience.,2024-02-14 10:17:28
12242,12243,16185,1072,258,4,"Easy pickup, no problems.",2022-04-27 20:10:31
12243,12244,16185,258,1072,3,"Great driver, very professional!",2022-04-27 19:25:31
12245,12246,16188,1072,665,4,Loved the music selection!,2022-12-31 04:21:29
12249,12250,16197,1227,1072,3,"Excellent service, will ride again.",2024-04-14 22:38:09
12250,12251,16198,1072,1547,4,"Great driver, very professional!",2022-01-10 10:15:01
12252,12253,16199,1371,1072,3,"Excellent service, will ride again.",2023-12-10 06:25:50
12255,12256,16204,1072,539,4,Car was spotless.,2024-01-22 01:42:23
12257,12258,16205,593,1072,4,"Smooth ride, on time.",2023-05-03 11:41:45
12258,12259,16206,1072,1479,5,Car was spotless.,2024-01-21 05:57:55
12259,12260,16208,1072,553,4,Loved the music selection!,2023-09-11 10:57:31
12261,12262,16210,549,1072,5,"Excellent service, will ride again.",2024-02-19 19:02:08
12262,12263,16211,1072,1607,2,Driver was late.,2024-03-05 14:41:22
12263,12264,16211,1607,1072,3,Very clean car.,2024-03-05 16:14:22
12264,12265,16212,1072,187,4,Loved the music selection!,2023-12-18 23:30:18
12265,12266,16212,187,1072,4,Very clean car.,2023-12-19 00:57:18
12267,12268,16213,318,1072,3,"Great driver, very professional!",2023-07-05 03:35:05
12268,12269,16214,1072,1724,5,Very courteous driver.,2022-02-17 00:55:30
12271,12272,16217,690,711,2,"Excellent service, will ride again.",2022-06-30 00:44:17
12275,12276,16224,1235,1894,3,Got there safely.,2023-02-24 00:53:24
12276,12277,16225,1302,124,3,Super friendly and helpful.,2023-06-08 12:25:15
12279,12280,16228,1139,124,4,"Smooth ride, on time.",2024-01-16 13:00:24
12282,12283,16231,124,15,4,"Quick and efficient, thanks!",2024-04-28 23:03:16
12283,12284,16231,15,124,3,Super friendly and helpful.,2024-04-29 00:15:16
12285,12286,16234,1300,89,3,Acceptable ride.,2024-02-13 19:10:19
12287,12288,16236,1300,1651,4,"Perfect trip, no issues.",2022-05-05 03:34:36
12289,12290,16239,1300,458,3,Average experience.,2024-05-08 08:34:26
12290,12291,16240,1300,986,5,"Excellent service, will ride again.",2022-05-11 16:45:19
12292,12293,16242,1060,1300,3,Super friendly and helpful.,2022-01-02 10:56:15
12294,12295,16245,1181,1300,4,"Great driver, very professional!",2023-01-20 01:31:40
12295,12296,16247,1300,1623,4,"5 stars, highly recommend!",2023-06-11 00:19:36
12296,12297,16248,1300,1607,4,Very clean car.,2024-02-25 13:03:32
12297,12298,16249,860,1300,3,Super friendly and helpful.,2024-01-06 17:16:30
12300,12301,16252,338,1300,4,Super friendly and helpful.,2022-10-13 16:50:06
12301,12302,16253,1207,1300,3,"Excellent service, will ride again.",2022-03-27 11:36:36
12304,12305,16257,1300,929,3,Acceptable ride.,2024-05-31 22:05:23
12305,12306,16258,1511,1197,3,Fine driver.,2023-12-30 15:53:03
12306,12307,16258,1197,1511,3,"Excellent service, will ride again.",2023-12-30 16:30:03
12308,12309,16260,227,104,3,Decent experience.,2023-02-18 16:35:58
12309,12310,16260,104,227,2,"Smooth ride, on time.",2023-02-18 16:58:58
12311,12312,16262,817,1881,4,Super friendly and helpful.,2023-01-04 18:06:53
12312,12313,16265,817,1427,4,"Excellent service, will ride again.",2024-05-26 10:53:37
12313,12314,16269,743,328,3,"OK trip, nothing special.",2023-04-25 10:45:46
12314,12315,16270,1415,1461,4,"5 stars, highly recommend!",2024-04-24 22:34:25
12315,12316,16270,1461,1415,2,"Great driver, very professional!",2024-04-25 00:25:25
12317,12318,16272,1450,614,3,Very clean car.,2023-05-21 13:54:17
12319,12320,16274,614,1207,5,"Excellent service, will ride again.",2023-06-27 23:21:16
12320,12321,16274,1207,614,2,"Excellent service, will ride again.",2023-06-28 01:16:16
12323,12324,16279,614,1564,4,Very comfortable ride.,2022-05-12 17:55:23
12325,12326,16280,614,1181,5,Very comfortable ride.,2023-12-27 21:12:02
12326,12327,16281,614,408,4,"Quick and efficient, thanks!",2023-04-20 05:38:03
12327,12328,16282,256,614,1,Super friendly and helpful.,2023-04-01 15:11:01
12328,12329,16285,614,1564,3,Trip was okay.,2022-04-26 03:59:57
12329,12330,16286,614,1060,5,"Great rider, very polite.",2022-12-02 10:40:39
12330,12331,16286,1060,614,3,Super friendly and helpful.,2022-12-02 11:30:39
12331,12332,16288,1564,165,4,Very clean car.,2024-03-20 06:32:45
12332,12333,16289,165,351,4,Very comfortable ride.,2023-05-14 10:41:42
12333,12334,16290,165,1999,5,"Great rider, very polite.",2024-03-21 19:01:57
12334,12335,16294,1243,740,4,"Smooth ride, on time.",2023-06-07 18:47:18
12337,12338,16297,740,1890,2,Not very clean.,2022-08-09 18:21:29
12338,12339,16297,1890,740,3,"Smooth ride, on time.",2022-08-09 17:45:29
12339,12340,16298,740,1196,3,Acceptable ride.,2022-04-01 12:36:50
12340,12341,16299,740,677,4,"Perfect trip, no issues.",2024-04-01 15:12:54
12341,12342,16299,677,740,2,"Smooth ride, on time.",2024-04-01 15:08:54
12342,12343,16300,1841,740,4,"Smooth ride, on time.",2024-05-01 08:10:49
12343,12344,16301,740,1221,4,"Quick and efficient, thanks!",2022-10-09 04:19:40
12344,12345,16302,740,1108,4,"Easy pickup, no problems.",2023-08-12 18:33:58
12345,12346,16303,740,878,3,Trip was okay.,2022-02-17 14:54:41
12347,12348,16305,585,740,4,Very clean car.,2023-04-05 11:20:30
12349,12350,16307,740,1547,4,"Easy pickup, no problems.",2024-05-10 10:03:01
12350,12351,16308,740,1482,2,Had trouble finding the pickup spot.,2024-01-12 07:36:58
12351,12352,16311,740,293,4,Very courteous driver.,2022-03-23 03:54:18
12354,12355,16314,740,125,3,Decent experience.,2023-02-07 14:17:47
12355,12356,16314,125,740,3,Very clean car.,2023-02-07 15:07:47
12357,12358,16316,740,286,4,"Perfect trip, no issues.",2022-04-16 18:05:39
12358,12359,16317,246,2,5,Super friendly and helpful.,2023-01-02 04:50:21
12359,12360,16318,258,246,3,"Smooth ride, on time.",2023-08-12 04:05:58
12360,12361,16319,430,980,2,"Great driver, very professional!",2022-03-20 00:45:13
12361,12362,16321,980,1775,3,Average experience.,2023-10-09 03:46:17
12362,12363,16321,1775,980,4,"Excellent service, will ride again.",2023-10-09 04:16:17
12363,12364,16323,953,1702,3,Nothing to complain about.,2022-10-02 02:45:45
12364,12365,16326,953,412,5,Very clean car.,2022-07-29 05:35:55
12365,12366,16330,953,919,5,Car was spotless.,2022-04-13 23:45:59
12366,12367,16330,919,953,2,"Excellent service, will ride again.",2022-04-14 00:31:59
12367,12368,16331,1437,953,2,"Excellent service, will ride again.",2023-10-06 06:54:55
12370,12371,16336,1343,953,4,Super friendly and helpful.,2023-01-12 10:46:52
12371,12372,16339,496,1350,4,"Easy pickup, no problems.",2022-08-07 23:34:49
12374,12375,16340,1739,496,4,"Excellent service, will ride again.",2022-02-11 01:00:26
12375,12376,16343,891,758,4,Very clean car.,2023-06-09 11:59:37
12377,12378,16345,777,758,3,Very clean car.,2023-06-29 11:43:31
12380,12381,16348,758,97,3,Got there safely.,2024-06-07 15:31:16
12384,12385,16355,1794,758,4,Super friendly and helpful.,2024-05-25 05:01:43
12385,12386,16356,758,940,4,"5 stars, highly recommend!",2022-10-23 12:08:11
12387,12388,16358,758,207,3,Nothing to complain about.,2023-07-11 06:58:30
12389,12390,16360,758,1497,5,"Perfect trip, no issues.",2023-10-20 04:14:52
12390,12391,16361,758,542,4,"Smooth ride, on time.",2023-02-25 06:00:30
12391,12392,16361,542,758,3,Super friendly and helpful.,2023-02-25 06:36:30
12392,12393,16362,758,1472,4,"Quick and efficient, thanks!",2023-03-18 20:23:38
12397,12398,16367,947,758,3,Very clean car.,2023-02-05 06:08:08
12398,12399,16370,758,1968,4,"Smooth ride, on time.",2024-01-31 16:31:50
12401,12402,16373,1081,758,4,Super friendly and helpful.,2023-08-24 18:06:08
12402,12403,16375,758,782,3,Got there safely.,2023-08-14 22:02:26
12403,12404,16376,758,1040,4,Very comfortable ride.,2022-02-04 07:49:55
12404,12405,16377,758,1288,4,Car was spotless.,2024-02-17 20:52:31
12405,12406,16379,132,758,3,"Great driver, very professional!",2023-12-22 11:05:04
12408,12409,16384,758,741,3,"OK trip, nothing special.",2022-06-17 09:47:01
12409,12410,16384,741,758,3,Super friendly and helpful.,2022-06-17 10:37:01
12411,12412,16386,1237,758,2,"Great driver, very professional!",2022-05-04 07:04:44
12412,12413,16389,758,1775,5,"Smooth ride, on time.",2022-07-29 12:41:05
12413,12414,16390,758,119,4,Super friendly and helpful.,2023-01-05 16:06:48
12415,12416,16393,758,1237,4,"5 stars, highly recommend!",2024-05-21 12:16:52
12418,12419,16401,758,759,4,Very courteous driver.,2022-12-03 06:42:41
12424,12425,16408,825,758,4,Very clean car.,2022-10-08 05:29:50
12427,12428,16414,758,467,3,"OK trip, nothing special.",2022-10-25 15:37:22
12428,12429,16415,758,1343,4,"5 stars, highly recommend!",2022-07-16 02:16:24
12431,12432,16417,121,758,3,"Smooth ride, on time.",2022-10-20 06:39:46
12433,12434,16420,758,1053,2,Took a longer route.,2023-01-01 19:34:53
12434,12435,16420,1053,758,3,"Smooth ride, on time.",2023-01-01 20:48:53
12435,12436,16422,758,202,4,"5 stars, highly recommend!",2022-12-03 07:29:31
12436,12437,16422,202,758,2,Super friendly and helpful.,2022-12-03 07:58:31
12438,12439,16423,328,758,3,Super friendly and helpful.,2022-04-17 11:08:27
12439,12440,16424,1693,222,5,Super friendly and helpful.,2023-09-28 01:39:46
12440,12441,16426,222,643,4,Very courteous driver.,2023-04-06 13:36:24
12441,12442,16428,222,1526,4,"Excellent service, will ride again.",2023-01-30 18:14:36
12442,12443,16430,222,1999,5,"Quick and efficient, thanks!",2023-11-14 12:57:40
12443,12444,16430,1999,222,2,"Great driver, very professional!",2023-11-14 15:24:40
12445,12446,16431,498,222,2,Super friendly and helpful.,2022-02-23 18:10:50
12446,12447,16432,222,1011,4,"Easy pickup, no problems.",2022-01-30 18:27:47
12447,12448,16434,222,1477,4,"Quick and efficient, thanks!",2022-04-11 15:02:32
12449,12450,16436,1328,222,4,Very clean car.,2022-12-05 16:58:03
12451,12452,16439,222,959,5,"Great rider, very polite.",2022-08-02 22:59:08
12452,12453,16445,549,315,4,Very clean car.,2022-01-19 00:37:39
12454,12455,16449,1861,508,5,Very comfortable ride.,2022-08-10 00:58:29
12455,12456,16449,508,1861,3,"Great driver, very professional!",2022-08-10 00:30:29
12456,12457,16450,1230,324,5,Car was spotless.,2023-08-20 11:00:47
12457,12458,16451,932,1230,3,Super friendly and helpful.,2023-09-30 23:29:27
12458,12459,16456,467,1426,5,"Smooth ride, on time.",2024-02-24 16:03:02
12460,12461,16458,1001,1426,3,"Excellent service, will ride again.",2024-04-26 20:56:21
12463,12464,16462,1790,1426,3,"Great driver, very professional!",2023-06-15 18:29:16
12466,12467,16464,1763,1426,2,Super friendly and helpful.,2022-05-10 11:04:22
12470,12471,16469,1529,1221,4,"Quick and efficient, thanks!",2023-02-18 17:23:32
12471,12472,16469,1221,1529,4,"Smooth ride, on time.",2023-02-18 18:02:32
12473,12474,16472,1529,1889,1,Rough driving.,2023-03-20 07:06:40
12474,12475,16474,1621,1492,3,Fine driver.,2024-01-29 15:14:18
12478,12479,16478,1295,187,4,Super friendly and helpful.,2023-03-12 16:27:41
12481,12482,16484,1708,224,3,Acceptable ride.,2022-01-07 03:05:30
12482,12483,16484,224,1708,4,"Excellent service, will ride again.",2022-01-07 03:22:30
12483,12484,16487,1170,1708,2,Very clean car.,2023-08-07 03:00:21
12485,12486,16488,1965,1708,3,Super friendly and helpful.,2023-03-11 16:13:35
12486,12487,16489,1708,1828,5,"Easy pickup, no problems.",2023-02-02 10:11:59
12487,12488,16493,113,1828,5,"Excellent service, will ride again.",2022-01-06 11:28:50
12488,12489,16494,113,822,3,Fine driver.,2024-04-03 04:49:44
12489,12490,16496,113,969,4,"Easy pickup, no problems.",2024-06-06 15:33:26
12491,12492,16499,113,210,4,Loved the music selection!,2023-10-18 00:07:18
12492,12493,16503,1532,113,3,Super friendly and helpful.,2022-10-19 17:35:40
12493,12494,16504,113,542,4,Very courteous driver.,2022-08-21 02:41:13
12494,12495,16504,542,113,2,"Excellent service, will ride again.",2022-08-21 03:26:13
12495,12496,16506,113,1790,4,Car was spotless.,2022-04-24 08:45:47
12496,12497,16506,1790,113,3,"Great driver, very professional!",2022-04-24 09:01:47
12497,12498,16507,113,1044,4,Very clean car.,2022-02-19 12:05:16
12498,12499,16507,1044,113,4,"Smooth ride, on time.",2022-02-19 12:25:16
12500,12501,16512,113,1001,3,Got there safely.,2024-05-14 01:34:05
12501,12502,16512,1001,113,4,"Smooth ride, on time.",2024-05-14 01:59:05
12502,12503,16514,113,1941,3,Decent experience.,2024-06-10 12:41:11
12503,12504,16514,1941,113,4,"Excellent service, will ride again.",2024-06-10 11:49:11
12505,12506,16515,341,113,4,"Excellent service, will ride again.",2023-02-28 23:32:27
12507,12508,16517,1702,113,4,Very clean car.,2023-11-14 12:16:18
12508,12509,16520,1794,113,2,"Great driver, very professional!",2022-09-22 07:55:25
12509,12510,16521,113,1948,4,"5 stars, highly recommend!",2024-03-16 07:08:27
12511,12512,16523,113,2,4,Very comfortable ride.,2023-03-23 12:59:18
12512,12513,16527,868,113,2,"Great driver, very professional!",2024-06-27 12:52:42
12513,12514,16528,194,113,5,"Smooth ride, on time.",2022-09-21 19:39:16
12514,12515,16530,113,1309,2,Driver was rude.,2024-05-08 11:58:39
12517,12518,16534,113,883,5,"Great driver, very professional!",2023-01-19 09:02:02
12518,12519,16535,113,446,5,Car was spotless.,2022-04-26 01:56:45
12519,12520,16537,113,40,3,Average experience.,2023-04-29 17:43:33
12520,12521,16538,113,1812,3,Fine driver.,2024-06-01 01:25:12
12521,12522,16538,1812,113,4,"Smooth ride, on time.",2024-06-01 02:02:12
12523,12524,16543,113,1088,4,Very clean car.,2022-02-07 10:27:21
12524,12525,16543,1088,113,5,Very clean car.,2022-02-07 12:06:21
12525,12526,16544,113,677,5,"Great rider, very polite.",2024-02-19 02:14:54
12527,12528,16545,693,113,4,Super friendly and helpful.,2022-03-16 17:08:26
12531,12532,16551,176,113,5,Very clean car.,2024-06-20 00:36:05
12534,12535,16554,113,834,3,Nothing to complain about.,2023-02-22 11:12:04
12537,12538,16557,1841,113,4,Very clean car.,2023-05-11 10:11:56
12538,12539,16559,113,1343,4,"5 stars, highly recommend!",2023-11-02 01:41:09
12539,12540,16561,1830,113,4,"Smooth ride, on time.",2023-09-02 23:03:57
12541,12542,16563,113,941,3,Got there safely.,2023-12-15 13:21:13
12542,12543,16563,941,113,2,Very clean car.,2023-12-15 13:25:13
12544,12545,16564,1352,299,3,"Smooth ride, on time.",2024-05-15 09:15:02
12545,12546,16565,1081,299,3,Super friendly and helpful.,2022-07-27 10:53:37
12546,12547,16567,1471,299,4,"Smooth ride, on time.",2022-06-08 02:03:15
12547,12548,16569,1702,1886,2,Very clean car.,2022-02-02 11:49:38
12548,12549,16571,1564,1973,2,"Smooth ride, on time.",2023-05-22 13:38:33
12550,12551,16572,1658,1973,4,Very clean car.,2024-03-16 20:48:44
12554,12555,16579,1773,508,5,Very comfortable ride.,2023-04-28 14:06:10
12555,12556,16581,1590,1773,4,Super friendly and helpful.,2023-03-01 15:03:11
12556,12557,16582,1773,959,5,"Easy pickup, no problems.",2022-04-13 15:26:05
12557,12558,16584,494,1773,3,"Great driver, very professional!",2024-02-14 05:19:06
12559,12560,16586,1608,1773,4,Very clean car.,2024-05-12 00:56:06
12562,12563,16593,1881,1773,5,"Excellent service, will ride again.",2023-08-05 10:26:26
12563,12564,16594,1181,1773,4,Super friendly and helpful.,2024-02-26 20:25:29
12565,12566,16595,1091,1773,4,Super friendly and helpful.,2022-03-15 04:18:29
12566,12567,16596,1773,1210,5,"5 stars, highly recommend!",2022-02-22 14:56:06
12568,12569,16600,1773,919,4,Very clean car.,2023-04-01 13:46:29
12570,12571,16601,919,1773,5,"Smooth ride, on time.",2022-03-13 06:33:55
12572,12573,16603,1773,485,5,Very clean car.,2022-03-29 19:55:33
12574,12575,16606,1494,1773,4,Super friendly and helpful.,2023-02-28 18:49:58
12576,12577,16608,1773,120,3,"OK trip, nothing special.",2024-03-31 08:57:41
12577,12578,16608,120,1773,3,"Excellent service, will ride again.",2024-03-31 10:30:41
12578,12579,16610,1773,1948,4,"Smooth ride, on time.",2022-11-11 05:54:26
12579,12580,16613,1773,1197,3,Trip was okay.,2024-03-09 21:43:34
12580,12581,16614,1773,1413,3,Nothing to complain about.,2023-11-04 01:03:21
12581,12582,16614,1413,1773,3,Super friendly and helpful.,2023-11-04 02:45:21
12583,12584,16616,1526,1773,4,Super friendly and helpful.,2024-02-23 07:19:05
12585,12586,16618,1773,665,4,"Excellent service, will ride again.",2023-09-01 16:20:25
12587,12588,16622,1773,1394,4,"Perfect trip, no issues.",2022-03-06 19:44:34
12589,12590,16624,1773,1479,4,Very comfortable ride.,2023-09-29 03:47:24
12590,12591,16628,1773,485,4,"Great rider, very polite.",2022-02-11 21:11:57
12592,12593,16634,1773,1053,3,Nothing to complain about.,2022-11-27 15:46:58
12593,12594,16636,1400,1334,4,"Excellent service, will ride again.",2022-05-01 03:28:03
12594,12595,16637,1334,1574,4,"5 stars, highly recommend!",2022-02-23 08:04:49
12595,12596,16637,1574,1334,3,"Smooth ride, on time.",2022-02-23 08:36:49
12597,12598,16639,14,1334,4,"Smooth ride, on time.",2024-03-10 20:50:14
12598,12599,16640,1507,1334,2,Very clean car.,2022-04-13 05:29:36
12599,12600,16641,1334,118,4,"Smooth ride, on time.",2023-07-29 03:20:40
12600,12601,16641,118,1334,3,Very clean car.,2023-07-29 04:02:40
12601,12602,16644,1334,1941,4,"Great driver, very professional!",2022-11-24 23:07:20
12603,12604,16647,1334,131,3,Fine driver.,2024-03-30 04:16:47
12604,12605,16650,1334,800,3,Got there safely.,2023-03-02 10:10:04
12605,12606,16652,168,1991,5,"Smooth ride, on time.",2022-09-18 13:59:27
12607,12608,16654,168,1207,2,Rough driving.,2024-01-21 11:20:03
12608,12609,16654,1207,168,4,Very clean car.,2024-01-21 12:28:03
12609,12610,16657,168,458,3,"OK trip, nothing special.",2024-05-14 16:11:09
12610,12611,16658,779,168,3,"Smooth ride, on time.",2023-08-29 13:57:52
12611,12612,16659,31,168,5,Very clean car.,2024-01-15 23:35:40
12612,12613,16660,139,168,3,"Smooth ride, on time.",2024-04-26 05:47:47
12614,12615,16663,1081,168,3,"Smooth ride, on time.",2023-12-29 20:17:28
12615,12616,16667,42,1427,3,Trip was okay.,2023-02-23 14:41:47
12616,12617,16668,42,959,4,"Easy pickup, no problems.",2023-11-16 06:54:22
12617,12618,16672,8,1343,4,Loved the music selection!,2022-11-03 14:25:54
12620,12621,16675,8,293,3,Fine driver.,2022-08-14 14:05:20
12621,12622,16678,8,147,4,Loved the music selection!,2023-07-10 09:29:44
12623,12624,16680,8,258,4,Very courteous driver.,2022-02-25 08:39:31
12625,12626,16684,271,8,3,"Great driver, very professional!",2023-10-14 13:13:24
12627,12628,16686,457,155,5,Very comfortable ride.,2023-03-18 21:46:38
12628,12629,16686,155,457,4,"Great driver, very professional!",2023-03-18 23:06:38
12629,12630,16687,457,1947,3,"OK trip, nothing special.",2024-04-27 04:00:16
12631,12632,16688,1991,457,3,"Excellent service, will ride again.",2022-09-03 21:48:29
12632,12633,16689,457,1561,5,"Great rider, very polite.",2024-06-05 14:32:12
12634,12635,16692,457,1741,3,Decent experience.,2024-05-07 12:28:34
12635,12636,16693,457,1471,4,Very courteous driver.,2023-08-20 17:48:58
12636,12637,16693,1471,457,3,"Smooth ride, on time.",2023-08-20 18:19:58
12638,12639,16695,1041,457,3,Very clean car.,2022-07-28 00:56:23
12640,12641,16699,457,1450,4,Car was spotless.,2023-12-14 16:20:34
12643,12644,16702,1371,457,3,"Excellent service, will ride again.",2022-04-21 00:35:16
12645,12646,16704,601,457,4,Very clean car.,2023-10-25 17:28:52
12646,12647,16706,1081,457,5,Very clean car.,2024-01-08 13:59:37
12648,12649,16707,825,457,4,"Smooth ride, on time.",2023-11-06 07:16:43
12649,12650,16709,457,866,4,"Great driver, very professional!",2022-07-07 02:07:54
12651,12652,16711,457,1532,4,"Great rider, very polite.",2022-09-21 14:04:48
12653,12654,16715,457,1060,5,Fast and safe driver.,2024-04-04 22:36:56
12654,12655,16715,1060,457,4,"Smooth ride, on time.",2024-04-04 23:23:56
12655,12656,16717,1999,457,2,"Great driver, very professional!",2023-09-29 00:56:26
12658,12659,16721,1207,457,2,Very clean car.,2023-02-28 07:04:08
12660,12661,16723,600,97,3,"OK trip, nothing special.",2024-05-02 20:51:17
12661,12662,16724,959,600,4,Very clean car.,2024-06-12 10:30:20
12663,12664,16726,1403,600,4,"Great driver, very professional!",2023-09-30 13:01:12
12666,12667,16730,1141,484,3,Very clean car.,2024-06-12 03:49:44
12667,12668,16731,1355,484,4,"Excellent service, will ride again.",2023-07-17 03:38:00
12668,12669,16733,38,766,4,Very comfortable ride.,2023-06-21 22:52:42
12671,12672,16740,112,389,3,Average experience.,2022-03-23 17:28:19
12673,12674,16741,112,176,3,Trip was okay.,2023-07-28 03:05:23
12674,12675,16742,1658,112,5,"Smooth ride, on time.",2022-10-05 17:53:46
12676,12677,16745,112,1640,4,"Smooth ride, on time.",2023-03-19 11:13:11
12679,12680,16748,112,543,4,Fast and safe driver.,2023-12-03 01:30:03
12680,12681,16749,112,288,3,Average experience.,2022-02-21 17:10:56
12682,12683,16752,112,202,4,"Great driver, very professional!",2022-02-26 22:58:48
12683,12684,16753,112,748,4,Fast and safe driver.,2024-01-30 19:12:40
12684,12685,16753,748,112,4,Very clean car.,2024-01-30 20:50:40
12685,12686,16755,112,1099,5,"Great driver, very professional!",2024-05-10 19:47:14
12689,12690,16759,112,932,5,"Easy pickup, no problems.",2023-02-12 20:03:12
12690,12691,16760,477,313,3,Super friendly and helpful.,2022-08-08 20:11:03
12693,12694,16764,313,139,4,Fast and safe driver.,2022-12-06 08:51:35
12695,12696,16765,65,313,2,Super friendly and helpful.,2023-12-28 00:54:40
12696,12697,16766,313,1237,5,"Great rider, very polite.",2024-06-24 01:03:58
12697,12698,16766,1237,313,4,"Excellent service, will ride again.",2024-06-24 02:26:58
12698,12699,16767,313,1084,2,Took too long.,2024-01-20 10:49:38
12699,12700,16767,1084,313,5,Super friendly and helpful.,2024-01-20 11:36:38
12700,12701,16769,1993,313,3,"Smooth ride, on time.",2024-05-12 17:03:12
12702,12703,16770,433,313,1,Very clean car.,2023-09-01 09:35:04
12703,12704,16771,313,1477,5,"5 stars, highly recommend!",2023-11-11 22:42:19
12704,12705,16771,1477,313,3,"Excellent service, will ride again.",2023-11-11 23:21:19
12705,12706,16772,313,1281,3,Decent experience.,2022-12-03 21:52:54
12706,12707,16773,1955,313,3,"Great driver, very professional!",2023-08-18 22:47:09
12709,12710,16777,313,324,5,"Quick and efficient, thanks!",2024-03-02 00:41:13
12710,12711,16777,324,313,2,"Great driver, very professional!",2024-03-02 00:39:13
12711,12712,16778,1386,313,3,Very clean car.,2023-07-27 11:24:24
12713,12714,16782,313,878,4,"Excellent service, will ride again.",2024-06-11 19:53:53
12714,12715,16782,878,313,4,Very clean car.,2024-06-11 19:39:53
12716,12717,16787,558,571,5,"Quick and efficient, thanks!",2023-09-16 05:51:01
12717,12718,16790,558,647,5,"Excellent service, will ride again.",2022-05-23 18:36:50
12719,12720,16792,558,1526,3,Acceptable ride.,2022-12-25 02:54:32
12721,12722,16794,65,558,4,Very clean car.,2024-05-09 11:04:39
12722,12723,16795,558,1477,3,Average experience.,2023-11-14 15:52:24
12723,12724,16798,558,898,5,"Smooth ride, on time.",2022-10-07 00:38:59
12724,12725,16798,898,558,3,Very clean car.,2022-10-06 23:46:59
12725,12726,16800,558,1975,5,"5 stars, highly recommend!",2023-10-24 12:29:52
12727,12728,16805,558,1558,3,Trip was okay.,2022-04-13 14:13:07
12730,12731,16812,1478,997,2,Took too long.,2022-06-07 23:48:48
12731,12732,16812,997,1478,4,Very clean car.,2022-06-07 23:29:48
12732,12733,16813,1478,1413,4,"Smooth ride, on time.",2022-06-06 00:01:22
12734,12735,16816,1355,1478,3,Very clean car.,2022-05-24 02:45:30
12735,12736,16817,129,940,5,Very clean car.,2022-04-20 23:44:30
12736,12737,16817,940,129,4,"Great driver, very professional!",2022-04-20 23:54:30
12740,12741,16821,1693,129,3,"Smooth ride, on time.",2023-08-05 13:49:42
12741,12742,16822,129,1397,3,Decent experience.,2024-02-25 00:38:37
12743,12744,16824,129,1741,3,Decent experience.,2022-03-15 00:47:06
12745,12746,16831,129,155,4,Very clean car.,2022-12-08 17:48:14
12746,12747,16831,155,129,4,"Smooth ride, on time.",2022-12-08 19:42:14
12748,12749,16832,929,129,4,"Smooth ride, on time.",2023-08-12 01:38:47
12750,12751,16833,1494,129,5,Super friendly and helpful.,2023-01-27 12:55:13
12751,12752,16835,129,748,5,Fast and safe driver.,2024-06-26 03:19:09
12752,12753,16835,748,129,5,"Smooth ride, on time.",2024-06-26 02:32:09
12753,12754,16839,822,129,3,"Smooth ride, on time.",2024-05-10 02:44:44
12758,12759,16846,129,1558,2,Took a longer route.,2023-10-01 08:49:47
12760,12761,16847,1955,129,3,Very clean car.,2022-04-10 06:43:29
12761,12762,16848,129,1991,4,Very courteous driver.,2023-12-09 07:56:16
12764,12765,16852,129,544,5,"Smooth ride, on time.",2024-03-30 03:40:08
12769,12770,16861,1739,1810,4,"Smooth ride, on time.",2023-11-25 01:40:37
12770,12771,16865,406,1794,4,"Smooth ride, on time.",2023-10-04 18:50:32
12771,12772,16866,1091,1002,3,"Excellent service, will ride again.",2023-11-17 13:38:00
12772,12773,16868,351,1002,4,"Smooth ride, on time.",2022-05-14 01:57:15
12773,12774,16870,1002,469,3,Fine driver.,2023-09-26 07:42:54
12777,12778,16875,76,430,3,Fine driver.,2024-06-19 03:46:42
12778,12779,16876,76,959,4,Car was spotless.,2022-12-31 22:15:31
12779,12780,16880,76,119,3,Decent experience.,2023-07-31 08:30:23
12781,12782,16890,974,76,5,"Great driver, very professional!",2023-12-25 02:22:48
12783,12784,16895,295,506,5,"Great rider, very polite.",2024-06-27 04:19:22
12784,12785,16896,295,1713,5,"5 stars, highly recommend!",2023-04-30 08:42:47
12786,12787,16900,295,860,3,Nothing to complain about.,2023-01-26 02:11:07
12787,12788,16901,1087,295,4,"Great driver, very professional!",2023-12-25 04:55:07
12788,12789,16902,295,1430,5,"Easy pickup, no problems.",2024-01-30 14:49:20
12789,12790,16903,1983,295,4,"Excellent service, will ride again.",2023-02-22 19:52:53
12791,12792,16916,392,1755,4,"Quick and efficient, thanks!",2022-04-25 07:51:06
12792,12793,16917,392,179,3,Got there safely.,2023-07-06 05:05:50
12795,12796,16923,272,1547,5,"Smooth ride, on time.",2022-11-26 13:52:41
12796,12797,16923,1547,272,4,"Smooth ride, on time.",2022-11-26 15:08:41
12797,12798,16924,272,194,3,"OK trip, nothing special.",2022-04-19 11:13:51
12798,12799,16926,272,1286,3,"OK trip, nothing special.",2023-03-22 02:56:01
12799,12800,16927,272,1288,4,Very courteous driver.,2023-02-08 08:27:57
12801,12802,16929,498,1771,3,Super friendly and helpful.,2022-04-06 23:12:51
12804,12805,16933,748,615,4,Super friendly and helpful.,2023-10-17 17:46:17
12805,12806,16936,543,615,3,Very clean car.,2022-10-17 15:02:14
12806,12807,16937,615,229,4,Loved the music selection!,2022-08-04 04:03:48
12807,12808,16938,615,510,4,Very comfortable ride.,2022-03-15 09:51:34
12808,12809,16939,615,1386,5,Car was spotless.,2024-03-05 08:52:11
12810,12811,16943,615,1336,4,"Great driver, very professional!",2023-03-19 10:39:31
12811,12812,16944,615,728,4,"Quick and efficient, thanks!",2022-05-14 09:28:50
12812,12813,16944,728,615,4,Super friendly and helpful.,2022-05-14 09:03:50
12816,12817,16954,615,433,5,"Great driver, very professional!",2024-01-04 14:00:58
12817,12818,16957,142,615,3,"Smooth ride, on time.",2024-03-12 21:49:30
12818,12819,16958,1569,615,3,Very clean car.,2023-08-27 15:33:11
12820,12821,16960,615,1956,3,Fine driver.,2022-10-04 05:01:53
12821,12822,16960,1956,615,2,Very clean car.,2022-10-04 07:16:53
12824,12825,16969,615,1356,3,Acceptable ride.,2022-09-18 04:36:00
12826,12827,16971,510,615,3,Very clean car.,2023-12-05 10:58:27
12828,12829,16974,615,665,2,Driver was rude.,2023-10-18 04:41:59
12829,12830,16974,665,615,4,Super friendly and helpful.,2023-10-18 03:20:59
12830,12831,16975,230,615,3,Very clean car.,2024-03-25 10:58:18
12832,12833,16977,615,1139,4,"5 stars, highly recommend!",2024-06-05 09:17:51
12833,12834,16977,1139,615,4,"Excellent service, will ride again.",2024-06-05 10:40:51
12835,12836,16978,1099,615,4,Super friendly and helpful.,2024-06-08 21:32:44
12837,12838,16979,1437,615,4,Super friendly and helpful.,2022-08-27 20:16:02
12840,12841,16984,615,1727,5,Super friendly and helpful.,2022-04-20 18:53:35
12841,12842,16985,615,1084,3,Average experience.,2022-01-09 02:34:24
12842,12843,16986,615,940,5,"5 stars, highly recommend!",2023-10-26 00:52:26
12844,12845,16989,615,543,5,Super friendly and helpful.,2024-04-25 02:01:34
12846,12847,16994,615,647,3,Acceptable ride.,2022-01-13 21:21:53
12847,12848,16998,615,940,5,Very courteous driver.,2022-05-25 01:22:54
12849,12850,16999,920,615,4,"Smooth ride, on time.",2022-02-22 02:39:18
12855,12856,17010,1332,891,4,"Excellent service, will ride again.",2023-02-12 11:38:33
12856,12857,17012,52,1332,4,"Excellent service, will ride again.",2023-04-11 08:04:41
12857,12858,17013,1332,1492,4,Very clean car.,2023-12-07 09:48:27
12858,12859,17013,1492,1332,3,Super friendly and helpful.,2023-12-07 11:18:27
12859,12860,17014,1332,920,2,Took too long.,2022-04-13 11:05:00
12860,12861,17015,1332,564,4,Very clean car.,2024-04-29 19:42:03
12861,12862,17016,1332,323,4,"Perfect trip, no issues.",2023-02-06 21:08:07
12862,12863,17017,1825,420,3,Super friendly and helpful.,2022-07-10 20:39:38
12864,12865,17018,1526,420,4,"Excellent service, will ride again.",2022-07-26 05:22:26
12866,12867,17019,1590,420,3,"Excellent service, will ride again.",2024-06-12 14:55:26
12868,12869,17020,1400,420,2,"Great driver, very professional!",2023-09-11 00:03:26
12870,12871,17021,119,1749,2,Super friendly and helpful.,2024-02-13 16:56:55
12871,12872,17023,1749,1709,2,Not very clean.,2022-03-11 08:57:35
12872,12873,17023,1709,1749,4,"Great driver, very professional!",2022-03-11 10:11:35
12873,12874,17024,1139,1749,4,"Smooth ride, on time.",2022-01-27 11:00:51
12876,12877,17028,1749,602,4,"Great driver, very professional!",2023-01-05 11:15:28
12878,12879,17030,1749,1141,4,Loved the music selection!,2022-04-14 15:09:43
12879,12880,17030,1141,1749,3,"Excellent service, will ride again.",2022-04-14 15:39:43
12880,12881,17033,40,1749,4,Super friendly and helpful.,2022-12-08 15:44:45
12883,12884,17039,1749,1311,3,Fine driver.,2022-08-17 04:22:10
12884,12885,17042,1749,1947,3,Nothing to complain about.,2024-01-12 12:59:55
12885,12886,17044,1984,1518,5,Very clean car.,2023-09-26 19:14:31
12888,12889,17048,1663,1134,2,Car smelled bad.,2023-05-22 16:12:01
12893,12894,17056,602,348,3,"Smooth ride, on time.",2022-09-06 14:06:05
12894,12895,17057,726,348,4,"Excellent service, will ride again.",2023-03-27 02:30:44
12895,12896,17059,645,348,5,"Smooth ride, on time.",2022-02-25 17:55:25
12896,12897,17060,878,348,3,Super friendly and helpful.,2024-06-16 19:00:05
12898,12899,17065,689,1987,5,"Excellent service, will ride again.",2022-11-15 05:36:41
12899,12900,17066,1962,1410,5,"Smooth ride, on time.",2022-11-28 21:29:46
12901,12902,17069,1962,570,3,Average experience.,2022-06-21 18:07:01
12904,12905,17071,1170,655,3,"Great driver, very professional!",2024-02-25 07:54:03
12906,12907,17073,655,608,4,Very courteous driver.,2022-09-27 05:28:28
12907,12908,17074,655,1775,3,Nothing to complain about.,2024-06-24 23:33:36
12908,12909,17074,1775,655,2,Very clean car.,2024-06-24 23:34:36
12909,12910,17075,655,1288,4,Very comfortable ride.,2023-06-18 07:25:40
12910,12911,17076,655,458,5,Very comfortable ride.,2023-11-16 06:51:01
12911,12912,17077,655,1371,4,"Great rider, very polite.",2024-05-18 07:56:48
12913,12914,17079,655,766,3,Trip was okay.,2024-06-20 16:22:24
12914,12915,17079,766,655,4,Very clean car.,2024-06-20 16:10:24
12916,12917,17082,44,655,4,"Great driver, very professional!",2023-01-18 08:53:14
12918,12919,17085,655,1410,5,"Perfect trip, no issues.",2022-04-02 18:18:23
12919,12920,17087,973,1060,4,Very clean car.,2024-03-28 00:00:16
12921,12922,17088,147,1382,4,Very clean car.,2023-09-16 17:58:49
12922,12923,17090,1382,919,5,Loved the music selection!,2023-01-26 20:34:27
12924,12925,17091,119,1382,2,Very clean car.,2023-12-27 03:16:46
12926,12927,17093,139,239,2,"Excellent service, will ride again.",2023-07-07 04:58:51
12927,12928,17095,239,1764,3,Acceptable ride.,2023-04-20 14:54:21
12928,12929,17096,239,202,4,"Easy pickup, no problems.",2023-02-10 10:18:04
12929,12930,17097,90,1653,3,Trip was okay.,2024-03-10 11:44:53
12930,12931,17097,1653,90,4,Super friendly and helpful.,2024-03-10 12:15:53
12931,12932,17100,963,1826,4,"Excellent service, will ride again.",2024-06-26 21:00:53
12933,12934,17102,229,963,2,"Smooth ride, on time.",2024-06-26 19:37:40
12935,12936,17109,811,1745,3,"Excellent service, will ride again.",2024-05-31 11:48:30
12938,12939,17115,1151,1651,5,Super friendly and helpful.,2023-03-01 07:26:13
12940,12941,17118,707,65,3,Average experience.,2022-04-05 12:29:45
12941,12942,17118,65,707,3,Super friendly and helpful.,2022-04-05 11:48:45
12942,12943,17119,1649,707,4,Super friendly and helpful.,2022-01-09 21:24:27
12944,12945,17128,1984,707,4,Very clean car.,2023-09-17 05:12:13
12945,12946,17129,433,707,4,"Great driver, very professional!",2022-12-24 02:06:46
12946,12947,17131,707,1413,4,Fast and safe driver.,2022-06-26 04:05:31
12947,12948,17132,707,1162,5,Fast and safe driver.,2023-04-17 11:42:55
12948,12949,17133,275,1547,3,Acceptable ride.,2024-04-15 01:48:18
12949,12950,17134,275,202,4,Car was spotless.,2024-01-21 00:54:21
12950,12951,17134,202,275,3,"Great driver, very professional!",2024-01-21 00:14:21
12952,12953,17139,1226,1288,3,Average experience.,2022-01-24 16:20:26
12953,12954,17140,1226,376,3,Fine driver.,2023-11-26 06:22:34
12954,12955,17140,376,1226,2,Very clean car.,2023-11-26 07:49:34
12956,12957,17142,1226,1790,4,Very comfortable ride.,2022-09-21 09:38:10
12957,12958,17142,1790,1226,3,"Great driver, very professional!",2022-09-21 10:28:10
12958,12959,17143,1226,866,4,"Easy pickup, no problems.",2023-01-29 07:38:48
12959,12960,17144,1226,833,3,Average experience.,2024-03-08 00:06:50
12960,12961,17145,1226,293,4,"5 stars, highly recommend!",2023-10-23 17:55:59
12962,12963,17146,1311,1226,3,"Smooth ride, on time.",2023-10-28 08:21:33
12963,12964,17147,1226,1081,4,Very comfortable ride.,2023-01-12 08:30:48
12964,12965,17148,1226,919,3,Average experience.,2024-04-18 21:00:22
12968,12969,17151,1226,1248,3,Got there safely.,2024-06-23 16:20:46
12969,12970,17152,1226,1999,4,"Great driver, very professional!",2023-01-25 18:58:40
12970,12971,17155,1162,350,1,"Smooth ride, on time.",2022-04-10 08:06:22
12971,12972,17156,350,1948,3,"OK trip, nothing special.",2022-10-31 11:06:52
12972,12973,17156,1948,350,3,Very clean car.,2022-10-31 13:11:52
12973,12974,17157,811,350,4,"Great driver, very professional!",2022-05-18 17:26:35
12974,12975,17160,350,1623,5,Fast and safe driver.,2022-03-22 14:48:29
12975,12976,17162,350,957,4,Car was spotless.,2023-09-14 05:47:46
12976,12977,17163,1881,350,3,Super friendly and helpful.,2022-09-15 05:27:43
12977,12978,17164,350,1170,5,"Easy pickup, no problems.",2023-08-17 07:48:42
12979,12980,17167,350,1207,3,Fine driver.,2023-05-10 00:05:39
12980,12981,17168,350,179,4,"Easy pickup, no problems.",2022-09-20 09:32:44
12981,12982,17168,179,350,3,Very clean car.,2022-09-20 09:15:44
12982,12983,17169,350,1030,5,"5 stars, highly recommend!",2022-05-30 16:22:13
12983,12984,17169,1030,350,3,"Smooth ride, on time.",2022-05-30 16:33:13
12984,12985,17170,350,705,4,"Excellent service, will ride again.",2024-04-18 23:36:22
12985,12986,17171,350,323,4,Very comfortable ride.,2023-05-23 12:08:29
12986,12987,17172,350,995,3,Average experience.,2023-02-23 01:17:27
12991,12992,17180,1481,1437,5,"Perfect trip, no issues.",2022-10-26 20:31:12
12992,12993,17181,1481,2,5,Super friendly and helpful.,2023-10-07 15:48:21
12993,12994,17182,1231,288,4,"Smooth ride, on time.",2023-10-28 11:41:21
12994,12995,17183,1231,1608,2,Took a longer route.,2022-08-18 06:28:49
12996,12997,17184,1231,1227,4,"Perfect trip, no issues.",2024-02-12 13:07:05
12998,12999,17187,782,1231,3,Very clean car.,2023-04-22 06:15:43
12999,13000,17190,1231,544,5,"Excellent service, will ride again.",2022-02-17 14:38:29
13000,13001,17191,1231,1755,2,Rough driving.,2022-04-04 07:13:21
13001,13002,17191,1755,1231,3,Super friendly and helpful.,2022-04-04 07:43:21
13002,13003,17193,256,1231,3,"Great driver, very professional!",2022-09-29 22:22:22
13003,13004,17195,1231,1181,4,Car was spotless.,2023-08-19 01:04:51
13004,13005,17197,1162,1231,4,"Smooth ride, on time.",2022-10-01 06:20:16
13005,13006,17199,1231,176,4,"Easy pickup, no problems.",2023-01-31 21:42:35
13006,13007,17200,1231,187,4,"Smooth ride, on time.",2023-04-23 12:18:22
13008,13009,17202,1231,1494,4,Car was spotless.,2023-03-26 01:05:25
13010,13011,17204,807,508,4,Very courteous driver.,2022-11-10 04:29:04
13011,13012,17204,508,807,2,"Great driver, very professional!",2022-11-10 03:53:04
13013,13014,17205,146,807,4,Super friendly and helpful.,2023-11-08 18:56:16
13015,13016,17207,608,807,3,"Smooth ride, on time.",2023-10-16 16:35:10
13018,13019,17214,402,1091,3,Nothing to complain about.,2022-02-11 13:05:57
13019,13020,17214,1091,402,3,Super friendly and helpful.,2022-02-11 13:19:57
13021,13022,17215,1562,1879,5,"Excellent service, will ride again.",2023-02-25 09:49:36
13023,13024,17221,1741,1879,2,"Great driver, very professional!",2023-10-10 16:41:09
13025,13026,17223,544,1879,3,Very clean car.,2022-11-23 16:13:36
13027,13028,17227,1879,1479,4,Car was spotless.,2023-12-14 22:36:18
13028,13029,17227,1479,1879,2,Super friendly and helpful.,2023-12-14 21:27:18
13029,13030,17228,1879,125,3,Fine driver.,2023-12-02 17:49:27
13030,13031,17229,1348,1965,4,Loved the music selection!,2023-11-22 23:30:29
13033,13034,17235,1483,1781,4,"5 stars, highly recommend!",2024-03-21 15:02:05
13037,13038,17242,1483,485,2,Not very clean.,2024-05-11 15:08:50
13038,13039,17243,1483,741,3,"OK trip, nothing special.",2022-11-05 07:20:16
13042,13043,17247,117,1483,3,"Great driver, very professional!",2023-05-12 05:26:24
13043,13044,17248,1483,1087,3,Trip was okay.,2024-01-30 16:53:56
13045,13046,17252,1483,1301,5,"Great driver, very professional!",2022-09-28 02:33:12
13046,13047,17252,1301,1483,3,"Smooth ride, on time.",2022-09-28 03:14:12
13047,13048,17253,1483,564,4,"Great driver, very professional!",2022-08-10 02:07:28
13049,13050,17254,645,1483,4,"Excellent service, will ride again.",2022-07-16 01:07:36
13051,13052,17256,878,1483,3,"Smooth ride, on time.",2023-10-16 09:23:46
13052,13053,17257,1483,1775,5,"Easy pickup, no problems.",2022-12-19 21:02:05
13053,13054,17259,488,1598,4,Super friendly and helpful.,2023-05-03 11:01:57
13055,13056,17262,868,1598,3,Super friendly and helpful.,2023-06-01 02:09:14
13056,13057,17265,748,1598,4,Super friendly and helpful.,2024-05-01 21:47:23
13058,13059,17266,1947,1598,2,Super friendly and helpful.,2022-07-24 03:57:26
13060,13061,17269,1653,1598,3,Very clean car.,2022-03-09 22:41:49
13061,13062,17271,1598,1196,4,"Great rider, very polite.",2023-08-12 14:12:23
13062,13063,17274,1980,1301,5,"Easy pickup, no problems.",2024-01-11 14:47:00
13063,13064,17274,1301,1980,3,"Great driver, very professional!",2024-01-11 15:35:00
13064,13065,17275,1980,1026,4,Super friendly and helpful.,2024-04-04 01:54:19
13065,13066,17277,1980,448,5,"Great rider, very polite.",2023-07-24 06:55:10
13066,13067,17277,448,1980,3,Very clean car.,2023-07-24 05:34:10
13067,13068,17278,2,1980,3,"Great driver, very professional!",2023-08-05 16:30:16
13068,13069,17279,1980,1702,4,Very comfortable ride.,2023-07-15 12:20:10
13072,13073,17284,1980,256,4,Car was spotless.,2022-09-23 03:21:04
13073,13074,17284,256,1980,3,"Great driver, very professional!",2022-09-23 04:04:04
13075,13076,17285,66,1980,3,Super friendly and helpful.,2024-06-08 12:39:57
13076,13077,17287,1980,192,5,"Great rider, very polite.",2022-01-16 15:46:22
13077,13078,17288,1438,1980,3,"Excellent service, will ride again.",2023-08-18 08:56:50
13078,13079,17289,1828,1980,3,Very clean car.,2024-04-18 17:21:17
13079,13080,17290,1980,1400,5,"Great driver, very professional!",2023-11-13 02:54:59
13080,13081,17290,1400,1980,3,Super friendly and helpful.,2023-11-13 04:25:59
13081,13082,17294,1980,139,4,"Quick and efficient, thanks!",2022-10-08 07:18:38
13082,13083,17294,139,1980,4,"Great driver, very professional!",2022-10-08 07:40:38
13086,13087,17298,1887,1937,4,Car was spotless.,2023-03-07 08:41:37
13087,13088,17298,1937,1887,3,"Great driver, very professional!",2023-03-07 08:58:37
13088,13089,17300,293,661,5,"Smooth ride, on time.",2023-12-14 21:08:23
13092,13093,17306,789,661,3,"Smooth ride, on time.",2024-04-10 14:12:44
13095,13096,17308,1649,661,2,Very clean car.,2023-05-09 09:31:01
13096,13097,17312,661,1607,3,Decent experience.,2024-02-16 03:09:12
13100,13101,17317,940,661,4,"Excellent service, will ride again.",2023-04-01 21:30:24
13101,13102,17319,1691,1105,5,"Easy pickup, no problems.",2023-10-16 16:07:00
13102,13103,17319,1105,1691,4,"Smooth ride, on time.",2023-10-16 15:09:00
13104,13105,17324,1987,1691,3,"Smooth ride, on time.",2022-06-18 16:56:30
13105,13106,17325,1691,974,4,"Smooth ride, on time.",2023-08-10 03:37:33
13106,13107,17327,1691,1991,3,Acceptable ride.,2023-08-08 08:56:02
13107,13108,17327,1991,1691,3,Very clean car.,2023-08-08 11:07:02
13108,13109,17329,1479,1691,4,"Smooth ride, on time.",2022-08-11 22:57:39
13109,13110,17330,1691,571,5,"Smooth ride, on time.",2022-02-16 02:05:25
13111,13112,17334,1691,1394,3,Decent experience.,2023-12-16 00:54:32
13113,13114,17336,202,1691,3,Very clean car.,2024-04-28 19:09:19
13115,13116,17342,508,1279,3,"Great driver, very professional!",2023-01-08 02:07:03
13116,13117,17344,1166,1794,4,"5 stars, highly recommend!",2022-09-08 14:17:10
13117,13118,17344,1794,1166,3,"Great driver, very professional!",2022-09-08 16:23:10
13118,13119,17345,947,1166,2,"Excellent service, will ride again.",2022-04-08 13:50:20
13119,13120,17349,1372,665,3,"OK trip, nothing special.",2024-03-18 10:09:35
13122,13123,17354,1558,1372,2,"Smooth ride, on time.",2023-07-19 02:48:42
13123,13124,17355,1724,1372,4,"Smooth ride, on time.",2022-03-06 01:10:51
13124,13125,17358,1372,1781,4,Very courteous driver.,2022-08-20 10:36:23
13125,13126,17359,1372,947,4,"Excellent service, will ride again.",2023-02-23 00:17:09
13126,13127,17361,1372,1474,4,Loved the music selection!,2023-03-16 02:54:49
13127,13128,17363,1131,1372,3,Very clean car.,2023-09-29 06:41:07
13128,13129,17365,461,1372,3,"Smooth ride, on time.",2023-02-21 01:12:01
13131,13132,17369,1372,1400,4,Super friendly and helpful.,2022-04-16 17:33:52
13132,13133,17369,1400,1372,2,"Smooth ride, on time.",2022-04-16 18:31:52
13134,13135,17373,1372,1736,4,"Perfect trip, no issues.",2023-05-12 17:54:55
13138,13139,17378,256,1372,3,Very clean car.,2023-11-26 06:58:28
13141,13142,17382,1372,508,5,Car was spotless.,2022-04-21 07:50:15
13142,13143,17384,1372,176,2,Took a longer route.,2022-09-08 20:14:15
13143,13144,17384,176,1372,3,"Excellent service, will ride again.",2022-09-08 19:42:15
13145,13146,17386,1372,1561,3,"OK trip, nothing special.",2024-06-14 04:10:57
13147,13148,17390,1288,1372,3,"Smooth ride, on time.",2023-01-04 01:26:23
13151,13152,17396,1372,508,4,Very courteous driver.,2023-03-15 00:06:07
13154,13155,17402,1881,1372,3,Super friendly and helpful.,2023-08-06 15:16:26
13155,13156,17406,1509,1372,3,"Great driver, very professional!",2022-01-13 07:09:38
13156,13157,17407,1755,1372,3,"Excellent service, will ride again.",2023-03-27 00:58:08
13158,13159,17409,1372,436,4,"5 stars, highly recommend!",2022-10-20 16:53:32
13159,13160,17412,1372,959,4,"Excellent service, will ride again.",2023-05-05 16:32:16
13160,13161,17412,959,1372,5,Super friendly and helpful.,2023-05-05 17:49:16
13162,13163,17415,867,1372,3,"Smooth ride, on time.",2024-03-06 03:52:07
13164,13165,17416,1281,1372,4,Super friendly and helpful.,2022-03-30 02:38:19
13166,13167,17418,1981,1372,4,"Great driver, very professional!",2023-09-17 22:45:38
13167,13168,17419,1984,1372,4,Super friendly and helpful.,2022-09-16 06:45:51
13171,13172,17426,1372,1397,2,Rough driving.,2022-03-18 16:33:28
13173,13174,17428,1372,131,4,Very courteous driver.,2024-05-03 09:45:05
13174,13175,17433,891,1372,4,Super friendly and helpful.,2024-05-29 20:39:28
13175,13176,17437,1526,1372,2,"Excellent service, will ride again.",2022-12-05 23:44:22
13176,13177,17438,452,1372,2,Very clean car.,2024-05-13 04:31:03
13177,13178,17444,382,1397,4,"Smooth ride, on time.",2022-04-13 10:11:23
13180,13181,17446,452,1959,2,"Excellent service, will ride again.",2023-05-11 15:08:35
13182,13183,17447,55,1959,5,"Smooth ride, on time.",2023-07-20 17:10:39
13183,13184,17448,1959,1001,4,Fast and safe driver.,2024-01-16 11:30:11
13186,13187,17451,1959,338,3,Fine driver.,2024-06-13 19:21:48
13187,13188,17452,1959,1739,3,Nothing to complain about.,2023-11-29 20:42:17
13189,13190,17454,1959,974,5,Loved the music selection!,2024-03-06 04:09:49
13190,13191,17455,677,1959,2,"Great driver, very professional!",2023-08-18 09:35:22
13191,13192,17456,1959,957,2,Driver was late.,2022-08-24 00:28:16
13192,13193,17457,1959,1999,4,Very courteous driver.,2023-08-05 16:36:43
13194,13195,17460,1527,288,4,Fast and safe driver.,2022-12-08 16:10:15
13199,13200,17468,1311,1527,2,"Smooth ride, on time.",2023-01-24 18:32:26
13200,13201,17469,1764,1527,3,"Excellent service, will ride again.",2024-01-18 21:50:54
13201,13202,17470,1527,1099,4,Super friendly and helpful.,2023-06-26 10:55:20
13202,13203,17472,1527,891,3,Average experience.,2022-08-24 21:42:20
13204,13205,17473,1227,1527,4,"Excellent service, will ride again.",2024-02-01 19:15:23
13207,13208,17479,1527,1309,4,"Smooth ride, on time.",2023-11-14 17:33:00
13208,13209,17481,553,1648,2,"Smooth ride, on time.",2023-07-10 07:01:07
13209,13210,17483,1648,434,5,"5 stars, highly recommend!",2022-07-10 15:45:01
13210,13211,17485,626,318,5,"Easy pickup, no problems.",2022-05-20 00:37:23
13211,13212,17489,1410,821,3,"Smooth ride, on time.",2023-10-02 02:36:44
13212,13213,17490,155,821,4,"Great driver, very professional!",2022-06-28 05:08:56
13214,13215,17492,821,467,4,Loved the music selection!,2024-04-01 03:34:47
13215,13216,17492,467,821,3,"Great driver, very professional!",2024-04-01 03:30:47
13218,13219,17495,821,339,1,Rough driving.,2022-11-29 15:47:14
13219,13220,17497,821,1948,4,"Easy pickup, no problems.",2022-09-08 16:32:03
13220,13221,17497,1948,821,4,"Excellent service, will ride again.",2022-09-08 17:50:03
13222,13223,17499,1131,821,4,Very clean car.,2022-04-21 15:03:34
13223,13224,17500,821,1288,3,Average experience.,2022-01-28 22:45:42
13224,13225,17501,821,997,4,"Smooth ride, on time.",2024-02-01 03:01:28
13226,13227,17502,1198,821,5,Super friendly and helpful.,2023-02-17 01:13:10
13227,13228,17503,821,1544,4,"Quick and efficient, thanks!",2024-04-16 15:40:44
13229,13230,17507,341,821,4,Super friendly and helpful.,2024-01-11 15:25:07
13231,13232,17508,593,1717,4,"Excellent service, will ride again.",2023-09-13 09:05:51
13233,13234,17509,187,1717,2,Very clean car.,2022-05-28 15:38:32
13234,13235,17511,1717,331,4,"Smooth ride, on time.",2022-11-04 06:23:24
13235,13236,17511,331,1717,3,Very clean car.,2022-11-04 05:18:24
13237,13238,17514,408,1717,4,"Excellent service, will ride again.",2024-05-27 17:08:48
13238,13239,17515,1717,162,5,Very comfortable ride.,2024-06-01 23:44:08
13240,13241,17516,318,1717,2,"Great driver, very professional!",2023-02-27 21:59:27
13241,13242,17517,323,1717,4,"Great driver, very professional!",2022-08-17 15:29:40
13242,13243,17518,1717,1564,4,"Excellent service, will ride again.",2022-12-31 06:14:41
13243,13244,17519,1717,1088,4,Fast and safe driver.,2024-04-19 15:08:26
13244,13245,17519,1088,1717,4,"Great driver, very professional!",2024-04-19 15:42:26
13245,13246,17520,1717,728,5,Car was spotless.,2023-06-27 09:08:55
13248,13249,17525,1717,969,3,Average experience.,2022-11-09 09:23:06
13251,13252,17528,1717,14,4,Super friendly and helpful.,2022-01-21 12:47:52
13253,13254,17533,1717,65,3,Got there safely.,2024-05-03 00:33:21
13257,13258,17538,1717,932,3,Trip was okay.,2023-01-28 03:07:21
13258,13259,17539,1717,1371,5,"Great rider, very polite.",2023-03-22 21:43:28
13259,13260,17540,1724,1717,4,"Smooth ride, on time.",2022-07-11 16:14:50
13260,13261,17543,327,1717,2,"Smooth ride, on time.",2022-11-24 17:02:28
13262,13263,17550,469,1717,3,Super friendly and helpful.,2024-04-08 02:54:23
13263,13264,17551,1717,2,5,Super friendly and helpful.,2022-05-26 22:17:59
13264,13265,17552,1717,194,4,"Easy pickup, no problems.",2022-10-22 08:05:05
13265,13266,17552,194,1717,4,Super friendly and helpful.,2022-10-22 10:21:05
13266,13267,17553,1717,1352,4,Very comfortable ride.,2023-07-25 03:34:56
13267,13268,17553,1352,1717,3,"Smooth ride, on time.",2023-07-25 05:09:56
13269,13270,17556,1668,335,3,Acceptable ride.,2022-10-17 03:34:55
13270,13271,17561,1668,1653,3,Trip was okay.,2022-05-18 05:51:16
13272,13273,17562,1651,1668,3,"Smooth ride, on time.",2023-09-28 07:06:17
13273,13274,17563,1668,920,3,Got there safely.,2023-03-28 17:59:47
13274,13275,17563,920,1668,3,Very clean car.,2023-03-28 18:15:47
13277,13278,17566,995,1668,2,Super friendly and helpful.,2023-02-28 15:38:40
13278,13279,17567,1755,1668,4,"Excellent service, will ride again.",2022-02-20 12:17:04
13279,13280,17568,1668,1653,5,"Perfect trip, no issues.",2022-06-20 18:13:53
13280,13281,17568,1653,1668,3,"Smooth ride, on time.",2022-06-20 17:57:53
13281,13282,17572,1758,1041,2,Had trouble finding the pickup spot.,2023-10-25 06:33:21
13282,13283,17573,1758,510,3,Acceptable ride.,2022-07-21 14:57:32
13283,13284,17573,510,1758,4,"Great driver, very professional!",2022-07-21 15:21:32
13285,13286,17575,1758,741,4,Car was spotless.,2023-09-14 20:00:05
13286,13287,17576,40,1758,4,"Great driver, very professional!",2022-04-01 10:57:06
13287,13288,17577,1758,1237,3,Trip was okay.,2024-04-28 20:21:15
13289,13290,17584,1644,1181,5,"Excellent service, will ride again.",2023-05-13 20:44:17
13290,13291,17584,1181,1644,3,"Great driver, very professional!",2023-05-13 20:21:17
13292,13293,17585,5,1644,3,Super friendly and helpful.,2023-12-29 07:20:10
13295,13296,17591,1644,14,3,Trip was okay.,2022-11-14 02:10:08
13296,13297,17591,14,1644,3,Super friendly and helpful.,2022-11-14 03:09:08
13298,13299,17593,1644,1509,4,"Perfect trip, no issues.",2023-10-21 14:26:51
13299,13300,17594,1644,1011,2,Driver was late.,2022-10-19 13:31:17
13301,13302,17596,1644,1995,3,Nothing to complain about.,2022-04-11 05:12:30
13302,13303,17599,1134,1644,3,Super friendly and helpful.,2023-01-19 07:18:06
13303,13304,17600,1197,1644,3,Super friendly and helpful.,2022-05-09 05:10:07
13304,13305,17601,1644,542,4,Very courteous driver.,2023-02-08 03:22:40
13307,13308,17603,39,14,3,Got there safely.,2023-02-02 10:53:57
13308,13309,17604,280,1026,4,Very clean car.,2022-08-14 22:34:24
13309,13310,17605,280,1775,5,Super friendly and helpful.,2023-06-27 19:38:27
13310,13311,17605,1775,280,3,"Great driver, very professional!",2023-06-27 21:55:27
13315,13316,17617,1153,1111,4,"5 stars, highly recommend!",2023-05-16 02:18:06
13319,13320,17626,572,192,5,"Excellent service, will ride again.",2022-10-21 09:39:43
13320,13321,17626,192,572,2,Super friendly and helpful.,2022-10-21 10:16:43
13321,13322,17627,822,572,4,Super friendly and helpful.,2022-06-09 22:40:42
13324,13325,17630,1591,986,5,Loved the music selection!,2023-07-06 23:28:11
13325,13326,17630,986,1591,4,Very clean car.,2023-07-06 23:54:11
13327,13328,17635,1545,1495,4,Car was spotless.,2022-04-14 16:22:34
13328,13329,17635,1495,1545,4,Very clean car.,2022-04-14 18:09:34
13331,13332,17637,125,1545,2,Super friendly and helpful.,2022-08-24 14:32:08
13332,13333,17638,1545,1105,5,"Perfect trip, no issues.",2023-09-25 03:52:40
13333,13334,17638,1105,1545,3,Super friendly and helpful.,2023-09-25 03:00:40
13334,13335,17643,1545,1100,3,Acceptable ride.,2022-02-26 06:59:26
13335,13336,17643,1100,1545,4,Super friendly and helpful.,2022-02-26 07:23:26
13337,13338,17645,1606,1545,4,Very clean car.,2024-01-15 14:12:22
13338,13339,17647,1545,199,4,"Perfect trip, no issues.",2024-06-14 07:55:47
13339,13340,17647,199,1545,4,"Excellent service, will ride again.",2024-06-14 09:26:47
13341,13342,17649,1545,1544,4,"Quick and efficient, thanks!",2023-01-07 12:42:37
13342,13343,17652,1545,1288,4,Very comfortable ride.,2023-06-13 12:20:30
13344,13345,17655,1545,1044,4,Car was spotless.,2024-03-20 10:10:57
13345,13346,17659,1545,1134,4,"Smooth ride, on time.",2024-01-04 10:00:27
13346,13347,17660,1545,1248,2,Driver was late.,2023-07-04 03:29:32
13347,13348,17661,1545,1812,5,Loved the music selection!,2023-08-24 15:42:07
13348,13349,17661,1812,1545,4,Very clean car.,2023-08-24 17:39:07
13351,13352,17665,1545,1544,4,"Smooth ride, on time.",2023-08-02 10:57:29
13353,13354,17666,1545,883,4,Super friendly and helpful.,2023-04-14 15:41:28
13354,13355,17667,1545,542,4,"Great driver, very professional!",2022-06-16 20:49:12
13357,13358,17676,1545,256,4,Very courteous driver.,2022-12-06 08:08:57
13359,13360,17677,1545,1394,3,Trip was okay.,2024-06-16 08:50:30
13360,13361,17678,1545,1825,3,Nothing to complain about.,2023-05-14 20:25:01
13362,13363,17681,1545,1397,4,Car was spotless.,2023-06-17 14:22:47
13363,13364,17682,1386,1545,4,"Smooth ride, on time.",2022-06-08 19:02:33
13364,13365,17683,1545,947,3,Trip was okay.,2023-12-24 04:55:46
13365,13366,17684,1776,1545,3,"Great driver, very professional!",2022-01-30 09:25:56
13367,13368,17685,477,1545,3,"Great driver, very professional!",2023-11-26 16:03:24
13368,13369,17687,1755,1545,3,Super friendly and helpful.,2024-06-10 07:42:46
13371,13372,17689,139,1545,3,Super friendly and helpful.,2023-05-18 20:21:33
13375,13376,17693,202,1545,3,Super friendly and helpful.,2023-08-03 22:31:37
13376,13377,17694,1545,1040,4,Fast and safe driver.,2023-06-04 14:43:43
13378,13379,17695,224,1545,3,"Smooth ride, on time.",2023-07-29 07:24:38
13379,13380,17697,1545,726,3,"OK trip, nothing special.",2022-10-12 08:40:26
13386,13387,17704,1545,1755,5,"Excellent service, will ride again.",2023-09-10 08:46:35
13388,13389,17705,1403,1545,3,Very clean car.,2022-09-02 15:51:39
13392,13393,17708,52,1545,3,"Smooth ride, on time.",2022-07-14 23:14:06
13393,13394,17709,1545,1311,3,Nothing to complain about.,2023-11-09 05:43:11
13395,13396,17710,324,1545,3,Very clean car.,2022-04-02 10:45:23
13396,13397,17711,1545,147,3,Fine driver.,2023-05-24 21:43:47
13398,13399,17712,1830,1545,3,"Smooth ride, on time.",2022-02-25 22:29:27
13399,13400,17713,1545,1443,2,Driver was rude.,2023-11-25 15:54:54
13401,13402,17716,1477,1545,2,"Smooth ride, on time.",2022-11-05 16:10:50
13404,13405,17723,1545,1991,2,Took too long.,2022-10-28 04:55:07
13405,13406,17723,1991,1545,4,"Smooth ride, on time.",2022-10-28 05:27:07
13407,13408,17724,120,1545,2,"Excellent service, will ride again.",2024-01-25 14:30:44
13411,13412,17729,1545,412,4,"Smooth ride, on time.",2022-08-23 04:41:47
13414,13415,17732,1545,412,3,"OK trip, nothing special.",2023-05-21 14:50:12
13418,13419,17737,833,174,1,Super friendly and helpful.,2022-11-22 18:46:42
13421,13422,17740,825,174,1,"Great driver, very professional!",2022-08-23 11:31:10
13422,13423,17741,174,1975,3,Average experience.,2023-10-27 20:05:22
13423,13424,17742,174,225,2,Car smelled bad.,2023-11-30 18:40:46
13424,13425,17743,174,1380,3,Fine driver.,2023-05-20 17:50:34
13425,13426,17745,174,929,3,Fine driver.,2024-06-26 14:27:05
13426,13427,17748,174,393,5,"Great driver, very professional!",2023-04-18 11:08:36
13427,13428,17749,174,488,4,Very clean car.,2022-06-13 07:36:48
13428,13429,17750,174,2,5,Fast and safe driver.,2023-07-11 07:38:13
13429,13430,17754,1762,1956,5,Very courteous driver.,2023-10-04 14:22:59
13430,13431,17755,922,1968,4,Loved the music selection!,2022-07-16 15:31:30
13433,13434,17757,1141,1367,4,Super friendly and helpful.,2024-02-07 11:18:37
13434,13435,17761,1367,1790,3,Got there safely.,2024-04-07 05:22:27
13435,13436,17762,1367,1400,5,"Smooth ride, on time.",2022-07-10 19:32:34
13440,13441,17765,664,1367,3,Super friendly and helpful.,2022-12-15 19:20:34
13441,13442,17766,1367,318,4,"Quick and efficient, thanks!",2023-11-24 00:09:19
13442,13443,17769,1367,488,3,Decent experience.,2022-12-12 19:14:49
13443,13444,17770,1367,1812,3,Trip was okay.,2022-03-11 02:15:34
13448,13449,17775,1360,1727,3,Got there safely.,2023-07-07 13:10:14
13455,13456,17786,1724,141,3,"Great driver, very professional!",2023-03-19 15:13:10
13456,13457,17788,986,141,4,Super friendly and helpful.,2022-02-14 17:09:59
13457,13458,17789,141,1562,5,"Quick and efficient, thanks!",2022-09-07 19:04:19
13458,13459,17790,141,883,3,Got there safely.,2023-12-10 10:01:37
13459,13460,17790,883,141,4,Very clean car.,2023-12-10 10:21:37
13463,13464,17795,1089,1894,2,Car smelled bad.,2024-03-14 00:56:38
13468,13469,17805,1089,539,4,Loved the music selection!,2024-05-02 22:57:24
13469,13470,17805,539,1089,4,Very clean car.,2024-05-02 22:27:24
13470,13471,17808,1089,452,4,"Perfect trip, no issues.",2023-05-02 20:42:43
13471,13472,17809,1089,977,3,Average experience.,2023-11-22 14:37:04
13472,13473,17811,1089,1105,4,Loved the music selection!,2022-07-29 09:33:28
13475,13476,17819,1380,1089,2,Very clean car.,2022-02-19 13:01:39
13476,13477,17820,1089,866,4,Very comfortable ride.,2024-02-12 21:04:56
13477,13478,17820,866,1089,3,"Smooth ride, on time.",2024-02-12 20:19:56
13478,13479,17821,1089,1865,3,"OK trip, nothing special.",2023-07-05 03:22:34
13479,13480,17823,1089,1509,4,Very clean car.,2023-10-17 06:38:08
13480,13481,17824,1089,726,2,Not very clean.,2023-07-26 22:15:22
13481,13482,17825,1089,908,3,Trip was okay.,2022-09-23 11:47:46
13485,13486,17832,1089,341,3,Decent experience.,2023-03-10 06:45:36
13486,13487,17832,341,1089,4,Super friendly and helpful.,2023-03-10 07:21:36
13487,13488,17835,1089,192,4,"Smooth ride, on time.",2024-02-24 18:15:01
13489,13490,17836,1983,1089,3,"Smooth ride, on time.",2023-10-09 14:57:02
13490,13491,17837,1089,1532,3,"OK trip, nothing special.",2022-05-06 15:48:42
13492,13493,17838,412,1089,2,"Excellent service, will ride again.",2023-07-11 13:44:42
13493,13494,17839,1089,825,3,Fine driver.,2024-03-01 00:50:48
13494,13495,17840,1089,977,3,Acceptable ride.,2022-01-01 18:31:20
13496,13497,17841,1606,1089,2,"Great driver, very professional!",2024-01-09 04:33:49
13497,13498,17842,1089,1881,4,"Perfect trip, no issues.",2022-08-15 16:08:37
13498,13499,17843,1089,1955,3,Acceptable ride.,2024-05-29 17:35:07
13499,13500,17843,1955,1089,4,"Excellent service, will ride again.",2024-05-29 18:18:07
13500,13501,17844,1089,997,4,Very comfortable ride.,2024-01-11 01:21:26
13501,13502,17845,472,1089,2,"Great driver, very professional!",2023-10-09 06:18:30
13502,13503,17849,1089,549,4,Car was spotless.,2024-03-20 20:26:15
13504,13505,17851,1089,52,4,Loved the music selection!,2023-06-01 14:27:10
13507,13508,17856,1089,469,2,Took a longer route.,2023-11-22 02:47:10
13508,13509,17856,469,1089,4,"Excellent service, will ride again.",2023-11-22 03:40:10
13510,13511,17860,1089,539,3,Got there safely.,2023-10-10 02:50:17
13511,13512,17863,1089,190,4,"Great rider, very polite.",2023-07-28 08:50:42
13512,13513,17864,1089,1221,5,Very clean car.,2024-05-08 13:28:49
13513,13514,17864,1221,1089,2,Super friendly and helpful.,2024-05-08 13:33:49
13514,13515,17865,1584,1089,3,"Great driver, very professional!",2022-03-05 19:15:30
13515,13516,17866,1089,742,4,Very comfortable ride.,2023-05-01 08:42:27
13521,13522,17874,1089,1099,4,"Smooth ride, on time.",2022-01-01 08:26:22
13522,13523,17874,1099,1089,4,"Great driver, very professional!",2022-01-01 09:05:22
13523,13524,17875,1089,1561,5,Super friendly and helpful.,2023-03-29 11:43:50
13525,13526,17879,1089,643,3,Nothing to complain about.,2022-11-28 22:20:58
13527,13528,17881,1131,1089,4,"Smooth ride, on time.",2023-07-25 18:06:45
13528,13529,17883,1089,248,5,Loved the music selection!,2023-06-21 17:01:51
13529,13530,17884,1089,1975,5,Car was spotless.,2022-03-21 01:10:27
13531,13532,17885,1089,230,3,Average experience.,2023-03-16 17:40:58
13532,13533,17885,230,1089,4,Super friendly and helpful.,2023-03-16 17:10:58
13533,13534,17888,916,1001,4,Car was spotless.,2022-03-22 11:32:20
13534,13535,17890,448,916,4,Super friendly and helpful.,2022-06-07 15:41:46
13535,13536,17891,162,916,5,"Great driver, very professional!",2023-10-13 04:13:54
13537,13538,17894,1087,916,4,"Smooth ride, on time.",2022-07-26 02:08:36
13538,13539,17895,916,224,3,Nothing to complain about.,2022-11-06 10:51:25
13539,13540,17899,916,1658,5,Car was spotless.,2022-01-19 21:36:28
13541,13542,17901,1561,1718,4,Super friendly and helpful.,2022-07-12 10:18:46
13542,13543,17906,1821,1649,2,Driver was rude.,2023-09-17 18:16:38
13543,13544,17906,1649,1821,5,"Smooth ride, on time.",2023-09-17 17:05:38
13545,13546,17908,1821,1713,3,Acceptable ride.,2024-01-17 14:58:21
13548,13549,17913,717,118,5,Very clean car.,2022-08-29 08:44:00
13552,13553,17918,1654,447,4,"Excellent service, will ride again.",2023-02-23 01:15:35
13555,13556,17921,447,2,5,Very courteous driver.,2024-02-19 15:33:15
13556,13557,17921,2,447,4,"Excellent service, will ride again.",2024-02-19 15:49:15
13558,13559,17923,447,1814,5,"Excellent service, will ride again.",2023-05-08 21:41:40
13559,13560,17924,447,1544,2,Car smelled bad.,2023-09-18 04:21:28
13560,13561,17924,1544,447,4,Very clean car.,2023-09-18 03:23:28
13561,13562,17925,335,447,4,Very clean car.,2023-05-16 13:36:12
13563,13564,17927,447,1088,3,Trip was okay.,2022-12-24 06:52:41
13566,13567,17931,643,447,2,Super friendly and helpful.,2023-07-04 06:57:51
13569,13570,17934,447,318,5,Very clean car.,2023-07-15 01:37:41
13570,13571,17937,447,1400,5,Fast and safe driver.,2023-08-31 05:07:38
13571,13572,17937,1400,447,4,Super friendly and helpful.,2023-08-31 07:25:38
13573,13574,17940,748,447,3,"Excellent service, will ride again.",2023-08-03 02:22:41
13575,13576,17941,776,447,4,"Smooth ride, on time.",2023-11-03 02:43:18
13577,13578,17945,447,341,5,"Perfect trip, no issues.",2022-11-03 20:59:15
13578,13579,17945,341,447,2,"Excellent service, will ride again.",2022-11-03 22:03:15
13580,13581,17947,1041,447,4,"Smooth ride, on time.",2022-09-18 22:21:58
13581,13582,17948,447,1427,3,Trip was okay.,2022-05-30 12:03:29
13582,13583,17948,1427,447,3,Super friendly and helpful.,2022-05-30 13:16:29
13584,13585,17950,447,121,4,Very comfortable ride.,2023-09-09 13:17:37
13586,13587,17951,1331,447,4,Very clean car.,2023-11-12 10:11:48
13587,13588,17952,1479,447,5,"Excellent service, will ride again.",2022-09-16 08:22:30
13590,13591,17957,447,510,3,Got there safely.,2023-05-01 03:28:25
13591,13592,17957,510,447,4,"Excellent service, will ride again.",2023-05-01 03:52:25
13592,13593,17958,447,394,4,"Excellent service, will ride again.",2023-01-06 00:44:51
13593,13594,17958,394,447,3,Very clean car.,2023-01-05 23:07:51
13594,13595,17959,447,1839,3,Fine driver.,2022-08-10 23:32:35
13596,13597,17961,447,1134,4,Loved the music selection!,2022-12-03 06:09:47
13599,13600,17963,461,447,2,"Excellent service, will ride again.",2023-01-11 14:01:43
13601,13602,17964,1205,447,4,Very clean car.,2022-11-10 02:48:01
13602,13603,17968,447,1812,3,Trip was okay.,2024-05-06 20:55:48
13603,13604,17969,447,957,4,Very courteous driver.,2023-10-10 11:27:21
13604,13605,17969,957,447,3,Very clean car.,2023-10-10 10:55:21
13607,13608,17973,726,447,3,Very clean car.,2024-02-20 21:21:50
13608,13609,17975,447,1526,4,Loved the music selection!,2022-09-08 04:50:08
13610,13611,17977,884,477,5,Super friendly and helpful.,2024-03-23 21:11:16
13611,13612,17977,477,884,2,Very clean car.,2024-03-23 21:07:16
13612,13613,17979,1080,920,4,Super friendly and helpful.,2023-08-14 08:31:43
13614,13615,17980,1955,1080,4,"Great driver, very professional!",2022-03-08 06:31:03
13615,13616,17981,1080,1544,4,"Great rider, very polite.",2024-01-04 20:07:18
13617,13618,17982,1981,1080,4,Super friendly and helpful.,2024-06-27 04:42:37
13618,13619,17984,1080,256,5,Super friendly and helpful.,2023-09-03 03:17:13
13619,13620,17986,1080,1699,3,Got there safely.,2023-03-17 10:05:45
13621,13622,17989,1080,643,5,Fast and safe driver.,2023-05-06 14:07:42
13622,13623,17989,643,1080,3,"Great driver, very professional!",2023-05-06 14:13:42
13623,13624,17991,201,1080,4,Super friendly and helpful.,2022-03-09 03:08:47
13624,13625,17992,1080,1752,3,Nothing to complain about.,2023-06-18 19:21:49
13625,13626,17992,1752,1080,3,"Smooth ride, on time.",2023-06-18 19:48:49
13626,13627,17993,1080,1084,4,Very courteous driver.,2023-02-19 04:46:21
13627,13628,17994,1080,1472,4,"5 stars, highly recommend!",2023-04-05 10:20:23
13629,13630,17996,1080,104,3,Fine driver.,2022-11-16 00:15:14
13632,13633,17999,1080,1607,4,"Quick and efficient, thanks!",2022-03-11 10:40:16
13633,13634,17999,1607,1080,4,"Excellent service, will ride again.",2022-03-11 11:28:16
13634,13635,18000,1394,1080,4,"Excellent service, will ride again.",2023-09-28 23:46:48
13635,13636,18003,697,1080,4,"Smooth ride, on time.",2023-03-14 06:00:38
13636,13637,18005,1080,1206,5,"Smooth ride, on time.",2024-01-25 14:26:10
13637,13638,18006,1080,1775,4,"Great rider, very polite.",2022-03-16 00:24:22
13638,13639,18006,1775,1080,2,Super friendly and helpful.,2022-03-16 01:27:22
13639,13640,18008,1080,825,4,"Excellent service, will ride again.",2024-01-19 21:36:36
13640,13641,18008,825,1080,2,"Great driver, very professional!",2024-01-19 21:44:36
13641,13642,18009,1080,256,4,Fast and safe driver.,2023-07-29 12:23:13
13642,13643,18011,1026,1080,3,"Great driver, very professional!",2022-11-13 10:15:56
13643,13644,18012,1080,450,4,"Excellent service, will ride again.",2022-12-04 18:48:07
13644,13645,18013,1080,1739,4,Loved the music selection!,2022-11-24 23:58:36
13647,13648,18018,834,1080,3,Very clean car.,2023-06-08 17:13:22
13648,13649,18019,1080,974,4,"Great driver, very professional!",2023-06-30 14:47:11
13649,13650,18019,974,1080,3,"Smooth ride, on time.",2023-06-30 17:32:11
13652,13653,18023,1080,235,4,Car was spotless.,2023-12-12 09:15:38
13653,13654,18025,1080,2,3,Nothing to complain about.,2022-04-07 16:01:18
13654,13655,18026,461,1080,2,"Smooth ride, on time.",2023-05-16 06:11:11
13655,13656,18028,1128,1080,5,"Excellent service, will ride again.",2023-09-03 15:39:12
13659,13660,18032,1080,121,4,Very clean car.,2022-02-23 10:45:14
13661,13662,18033,192,1080,2,"Excellent service, will ride again.",2022-03-22 15:34:04
13663,13664,18034,434,1080,4,"Excellent service, will ride again.",2023-01-05 06:22:17
13665,13666,18039,1080,1301,5,Loved the music selection!,2023-03-10 08:12:58
13667,13668,18048,1080,549,5,"Great driver, very professional!",2023-08-11 08:34:02
13668,13669,18050,1080,986,4,"Smooth ride, on time.",2023-07-30 20:30:32
13669,13670,18050,986,1080,3,Very clean car.,2023-07-30 22:30:32
13670,13671,18051,1302,1080,4,Super friendly and helpful.,2022-06-11 07:12:14
13673,13674,18055,1080,2,4,"Perfect trip, no issues.",2022-10-21 18:31:56
13674,13675,18057,834,1080,4,"Excellent service, will ride again.",2024-03-17 00:32:31
13675,13676,18060,1314,65,5,"Great rider, very polite.",2023-08-03 08:22:40
13676,13677,18063,1752,734,3,Super friendly and helpful.,2022-05-06 15:16:47
13677,13678,18064,734,860,3,Average experience.,2023-02-13 14:35:55
13678,13679,18065,734,66,3,Got there safely.,2022-08-17 21:20:53
13680,13681,18069,734,256,3,"OK trip, nothing special.",2023-09-29 04:08:55
13681,13682,18069,256,734,2,"Smooth ride, on time.",2023-09-29 04:38:55
13682,13683,18070,734,543,3,Nothing to complain about.,2023-03-03 00:28:51
13683,13684,18071,734,393,5,Very comfortable ride.,2023-02-19 08:09:46
13685,13686,18072,1331,734,4,"Excellent service, will ride again.",2024-01-08 04:31:49
13689,13690,18080,734,256,3,Decent experience.,2023-09-16 15:28:41
13690,13691,18081,201,734,2,Super friendly and helpful.,2023-01-17 01:21:24
13692,13693,18083,734,782,3,Fine driver.,2023-01-16 19:55:38
13693,13694,18084,55,1287,2,"Smooth ride, on time.",2022-06-08 19:03:47
13695,13696,18086,458,1287,3,"Great driver, very professional!",2024-01-19 23:50:18
13699,13700,18090,1287,258,4,Very courteous driver.,2023-07-21 20:00:09
13700,13701,18090,258,1287,3,Super friendly and helpful.,2023-07-21 22:07:09
13702,13703,18092,1287,1206,4,Loved the music selection!,2022-04-30 05:50:42
13704,13705,18093,65,1287,2,Super friendly and helpful.,2024-01-18 13:27:06
13705,13706,18094,508,1287,2,Super friendly and helpful.,2022-03-05 16:21:00
13706,13707,18095,1287,2,4,"Excellent service, will ride again.",2023-05-18 08:20:53
13709,13710,18102,1287,539,4,"Easy pickup, no problems.",2022-09-10 07:13:01
13710,13711,18103,1752,1287,3,"Great driver, very professional!",2023-02-09 04:33:59
13713,13714,18105,1287,1763,3,Average experience.,2024-03-11 11:28:12
13714,13715,18106,1287,1438,5,"Excellent service, will ride again.",2022-02-17 11:00:51
13715,13716,18106,1438,1287,4,"Smooth ride, on time.",2022-02-17 11:40:51
13719,13720,18113,1287,341,3,"OK trip, nothing special.",2022-02-08 23:00:27
13725,13726,18121,1287,131,3,Decent experience.,2023-02-03 20:03:26
13726,13727,18122,1287,235,4,"5 stars, highly recommend!",2023-08-15 03:13:48
13728,13729,18126,1948,1287,4,"Smooth ride, on time.",2022-12-09 16:21:10
13730,13731,18129,1287,1041,4,Very courteous driver.,2022-08-06 03:05:19
13731,13732,18129,1041,1287,2,Super friendly and helpful.,2022-08-06 02:25:19
13732,13733,18133,1287,1135,4,Super friendly and helpful.,2023-02-25 12:17:59
13737,13738,18137,1287,1605,4,Super friendly and helpful.,2024-01-05 07:48:33
13738,13739,18139,1812,1287,4,Super friendly and helpful.,2023-01-29 20:31:42
13740,13741,18142,1287,192,5,Fast and safe driver.,2023-06-22 08:46:51
13741,13742,18143,1507,1287,3,Very clean car.,2022-09-12 23:04:19
13743,13744,18152,1287,1302,5,"Great driver, very professional!",2022-08-07 10:58:03
13744,13745,18153,1287,1267,2,Had trouble finding the pickup spot.,2022-03-24 23:40:41
13745,13746,18154,1287,433,4,"Excellent service, will ride again.",2023-02-14 18:16:09
13746,13747,18154,433,1287,2,"Smooth ride, on time.",2023-02-14 17:20:09
13747,13748,18155,1287,328,3,Got there safely.,2022-12-23 08:49:50
13748,13749,18156,1287,97,4,Very comfortable ride.,2023-07-08 22:48:24
13749,13750,18156,97,1287,2,"Excellent service, will ride again.",2023-07-08 22:19:24
13750,13751,18159,1214,1356,4,Very comfortable ride.,2023-07-24 23:31:01
13752,13753,18163,1214,62,2,Driver was rude.,2022-06-28 12:45:01
13753,13754,18164,1214,1162,5,Fast and safe driver.,2023-06-27 20:39:45
13755,13756,18166,878,1214,4,Very clean car.,2024-01-01 09:19:52
13756,13757,18167,1214,1221,4,"Smooth ride, on time.",2022-03-30 14:20:28
13760,13761,18170,1214,542,4,Loved the music selection!,2024-05-04 22:09:33
13762,13763,18174,323,1214,4,Very clean car.,2024-02-05 13:34:25
13763,13764,18176,1214,908,3,Average experience.,2023-03-26 11:07:43
13765,13766,18179,1214,131,5,Fast and safe driver.,2022-11-01 13:47:57
13766,13767,18181,1214,510,4,Very clean car.,2022-12-08 00:51:42
13767,13768,18182,1437,1125,4,Super friendly and helpful.,2023-02-18 22:11:56
13768,13769,18185,1125,1413,2,Car smelled bad.,2023-05-09 02:12:31
13769,13770,18186,5,1125,3,"Excellent service, will ride again.",2022-08-03 01:31:01
13771,13772,18188,1651,1125,3,Super friendly and helpful.,2024-06-24 11:58:41
13772,13773,18189,1125,162,3,Trip was okay.,2022-07-04 19:10:43
13773,13774,18194,593,1125,3,Very clean car.,2022-05-06 16:12:43
13776,13777,18198,1309,1125,4,"Great driver, very professional!",2023-11-02 09:23:58
13778,13779,18199,1984,1125,3,"Smooth ride, on time.",2024-03-14 16:57:34
13779,13780,18200,1125,1654,3,Trip was okay.,2023-06-26 17:50:20
13781,13782,18202,1125,192,4,"Easy pickup, no problems.",2022-08-08 05:03:47
13782,13783,18205,1012,187,5,"Great rider, very polite.",2023-01-07 21:34:17
13783,13784,18205,187,1012,4,"Excellent service, will ride again.",2023-01-07 20:39:17
13784,13785,18207,1012,759,3,"OK trip, nothing special.",2022-04-29 13:41:53
13787,13788,18211,1012,202,3,Decent experience.,2022-01-13 17:43:53
13788,13789,18214,1205,1012,4,"Excellent service, will ride again.",2022-02-02 21:24:09
13790,13791,18216,1569,1012,3,"Excellent service, will ride again.",2022-04-01 05:15:39
13791,13792,18217,1012,1479,4,Fast and safe driver.,2022-04-04 05:04:16
13792,13793,18218,1012,1764,2,Took too long.,2023-05-27 05:26:42
13793,13794,18218,1764,1012,3,"Smooth ride, on time.",2023-05-27 04:36:42
13794,13795,18219,1012,742,4,"Excellent service, will ride again.",2022-05-14 22:32:39
13795,13796,18221,1012,1210,4,"Quick and efficient, thanks!",2022-09-27 09:43:39
13796,13797,18225,1012,125,3,"OK trip, nothing special.",2023-02-25 14:14:47
13797,13798,18226,1012,131,5,Fast and safe driver.,2023-09-14 00:58:40
13798,13799,18226,131,1012,4,Very clean car.,2023-09-14 00:53:40
13799,13800,18227,1012,339,4,"Perfect trip, no issues.",2024-05-19 10:59:45
13800,13801,18228,1012,977,2,Took too long.,2024-01-18 10:33:31
13801,13802,18229,1012,1397,3,Fine driver.,2023-03-30 15:18:42
13805,13806,18235,448,1012,3,Very clean car.,2023-07-24 01:09:33
13806,13807,18237,1012,601,2,Not very clean.,2022-10-14 05:29:08
13807,13808,18238,1012,1532,2,Not very clean.,2024-02-23 07:31:41
13809,13810,18239,1012,741,3,Acceptable ride.,2023-01-03 04:48:17
13810,13811,18239,741,1012,4,Super friendly and helpful.,2023-01-03 06:13:17
13812,13813,18241,1833,1497,4,"Easy pickup, no problems.",2022-05-10 15:28:36
13813,13814,18246,182,974,5,"Quick and efficient, thanks!",2023-09-12 01:31:39
13815,13816,18247,182,1526,5,Very clean car.,2022-08-15 05:01:33
13816,13817,18247,1526,182,5,"Excellent service, will ride again.",2022-08-15 05:13:33
13817,13818,18248,1183,182,4,Very clean car.,2023-09-13 05:36:31
13819,13820,18249,139,1315,2,"Smooth ride, on time.",2022-12-05 15:28:06
13820,13821,18250,800,273,4,Very clean car.,2024-06-25 22:01:00
13821,13822,18251,273,1623,4,Car was spotless.,2023-09-15 15:41:26
13822,13823,18251,1623,273,1,Very clean car.,2023-09-15 16:20:26
13824,13825,18254,273,1131,3,Average experience.,2023-07-25 21:39:46
13825,13826,18256,273,1087,4,"Great driver, very professional!",2022-10-21 23:09:53
13826,13827,18256,1087,273,3,"Smooth ride, on time.",2022-10-21 21:44:53
13827,13828,18257,273,664,3,Decent experience.,2023-12-06 21:50:57
13829,13830,18258,273,1035,3,"OK trip, nothing special.",2023-05-14 23:14:02
13830,13831,18258,1035,273,3,Very clean car.,2023-05-15 00:47:02
13832,13833,18259,1983,273,3,"Excellent service, will ride again.",2022-11-21 21:28:00
13834,13835,18262,273,959,5,"Great driver, very professional!",2023-04-09 08:20:20
13835,13836,18263,273,1894,4,"Great driver, very professional!",2023-09-14 20:33:33
13836,13837,18265,273,601,4,"Great driver, very professional!",2024-04-30 19:01:20
13842,13843,18274,271,273,3,"Great driver, very professional!",2022-11-10 16:19:33
13846,13847,18280,1628,1410,4,Very clean car.,2024-02-13 04:22:57
13847,13848,18283,1301,1628,4,Super friendly and helpful.,2023-01-31 07:34:50
13848,13849,18284,1796,1026,4,Very comfortable ride.,2023-07-11 12:13:12
13851,13852,18286,32,1001,5,"Quick and efficient, thanks!",2023-06-02 18:09:33
13853,13854,18288,778,32,3,Very clean car.,2022-10-22 11:39:28
13856,13857,18299,32,1993,3,Decent experience.,2022-12-21 06:38:48
13857,13858,18299,1993,32,4,"Great driver, very professional!",2022-12-21 06:24:48
13862,13863,18306,1996,842,4,"Quick and efficient, thanks!",2022-03-01 05:27:37
13863,13864,18308,1996,389,3,Decent experience.,2024-01-26 15:59:57
13865,13866,18309,256,1996,3,"Smooth ride, on time.",2024-04-21 04:49:47
13866,13867,18312,1996,932,5,Super friendly and helpful.,2022-11-23 15:21:54
13868,13869,18316,1996,327,4,"Easy pickup, no problems.",2022-07-30 00:47:57
13869,13870,18316,327,1996,3,Very clean car.,2022-07-30 02:53:57
13871,13872,18317,891,1996,2,Super friendly and helpful.,2022-03-30 07:05:01
13872,13873,18324,847,467,4,Fast and safe driver.,2022-05-16 17:38:01
13873,13874,18325,847,66,4,"Great driver, very professional!",2022-05-03 08:05:59
13874,13875,18325,66,847,3,"Excellent service, will ride again.",2022-05-03 09:31:59
13876,13877,18328,847,62,2,Not very clean.,2022-03-09 17:32:01
13878,13879,18333,847,1841,2,Driver was rude.,2023-11-13 20:43:35
13879,13880,18334,847,585,4,"Easy pickup, no problems.",2023-09-18 20:10:00
13881,13882,18335,1651,847,3,"Excellent service, will ride again.",2022-09-27 08:28:43
13882,13883,18336,847,229,4,Very clean car.,2022-07-02 14:37:48
13883,13884,18337,164,847,3,"Smooth ride, on time.",2023-05-19 18:10:33
13884,13885,18338,847,1497,4,Car was spotless.,2022-12-16 10:12:15
13885,13886,18342,847,66,4,Car was spotless.,2022-04-14 17:29:30
13888,13889,18347,645,598,3,"Smooth ride, on time.",2023-03-27 16:39:06
13889,13890,18349,1602,1479,4,"Quick and efficient, thanks!",2022-05-08 23:03:24
13890,13891,18349,1479,1602,5,Very clean car.,2022-05-08 22:32:24
13892,13893,18354,1141,377,2,Super friendly and helpful.,2022-12-31 16:16:38
13893,13894,18355,377,52,3,Decent experience.,2024-01-11 03:25:41
13894,13895,18355,52,377,4,"Smooth ride, on time.",2024-01-11 04:29:41
13896,13897,18358,1282,1623,5,Very courteous driver.,2023-11-14 13:06:26
13899,13900,18362,1555,1282,4,Super friendly and helpful.,2022-06-18 13:49:54
13901,13902,18365,1282,1355,4,"Easy pickup, no problems.",2022-10-05 00:20:56
13904,13905,18369,1282,31,3,"OK trip, nothing special.",2024-03-14 23:22:03
13907,13908,18374,1282,765,3,Decent experience.,2022-09-02 02:40:57
13908,13909,18374,765,1282,4,"Smooth ride, on time.",2022-09-02 02:25:57
13910,13911,18377,1282,258,4,"Great driver, very professional!",2024-01-10 20:55:20
13911,13912,18377,258,1282,3,"Smooth ride, on time.",2024-01-10 21:28:20
13912,13913,18379,1282,1700,3,"OK trip, nothing special.",2024-06-13 23:38:08
13913,13914,18379,1700,1282,3,"Excellent service, will ride again.",2024-06-14 00:43:08
13915,13916,18380,1693,1282,3,"Excellent service, will ride again.",2024-06-24 10:44:38
13916,13917,18381,664,1282,4,Super friendly and helpful.,2024-01-30 02:15:12
13918,13919,18383,1282,1111,1,Had trouble finding the pickup spot.,2022-12-09 19:27:07
13919,13920,18383,1111,1282,3,"Excellent service, will ride again.",2022-12-09 20:38:07
13920,13921,18384,1282,97,4,Car was spotless.,2022-03-22 13:11:46
13924,13925,18391,1282,1302,5,Very clean car.,2024-06-12 10:54:29
13926,13927,18393,1060,1282,3,Very clean car.,2022-04-17 06:22:26
13927,13928,18394,1564,1282,2,"Excellent service, will ride again.",2023-04-18 08:40:24
13929,13930,18398,1482,1282,2,"Great driver, very professional!",2023-12-12 02:57:56
13930,13931,18399,1282,883,5,Very comfortable ride.,2024-03-23 01:22:44
13931,13932,18400,1282,860,3,Got there safely.,2024-03-04 19:55:45
13932,13933,18401,1651,1282,4,Super friendly and helpful.,2022-12-06 15:11:28
13934,13935,18403,1282,542,5,Very comfortable ride.,2023-05-12 21:10:00
13936,13937,18405,1965,1282,2,"Great driver, very professional!",2023-09-12 08:13:58
13940,13941,18411,1410,1282,3,"Smooth ride, on time.",2022-11-25 00:49:06
13942,13943,18413,1393,593,5,Very courteous driver.,2022-11-30 21:18:18
13943,13944,18415,1651,1393,3,Super friendly and helpful.,2023-01-16 17:25:25
13944,13945,18416,1393,825,3,Fine driver.,2024-05-06 01:44:58
13947,13948,18422,1393,1170,5,"Great driver, very professional!",2022-07-11 16:11:14
13949,13950,18425,1393,1087,4,"Excellent service, will ride again.",2023-06-01 18:17:13
13951,13952,18428,1393,1227,5,Very clean car.,2022-07-21 11:52:35
13952,13953,18428,1227,1393,3,"Smooth ride, on time.",2022-07-21 13:34:35
13954,13955,18432,1393,665,3,Average experience.,2022-04-14 02:46:36
13958,13959,18434,1081,1393,3,"Excellent service, will ride again.",2022-04-14 07:46:22
13959,13960,18435,1393,1206,5,"5 stars, highly recommend!",2023-04-19 16:55:19
13960,13961,18436,1843,1087,4,"Quick and efficient, thanks!",2023-10-14 04:56:30
13962,13963,18437,1843,1948,5,"Great rider, very polite.",2022-08-19 08:42:53
13964,13965,18438,1843,139,5,Very comfortable ride.,2024-02-14 01:54:30
13965,13966,18439,1843,498,4,"Perfect trip, no issues.",2024-06-07 07:39:46
13967,13968,18441,1843,553,5,Car was spotless.,2023-04-28 06:25:53
13968,13969,18443,271,1843,4,"Great driver, very professional!",2024-06-20 12:28:57
13969,13970,18444,1843,986,3,Nothing to complain about.,2023-11-10 03:30:11
13970,13971,18445,1843,932,4,"Easy pickup, no problems.",2022-01-11 20:09:10
13972,13973,18447,1843,1894,3,"OK trip, nothing special.",2022-05-28 10:01:42
13973,13974,18448,1790,1843,3,Super friendly and helpful.,2022-05-26 08:00:39
13974,13975,18450,1843,506,4,"Great rider, very polite.",2024-03-16 11:30:17
13976,13977,18456,832,194,4,"Easy pickup, no problems.",2022-07-21 23:23:44
13977,13978,18456,194,832,4,"Great driver, very professional!",2022-07-21 22:16:44
13979,13980,18462,832,969,3,Fine driver.,2023-07-04 00:11:25
13980,13981,18464,599,765,4,Super friendly and helpful.,2023-04-17 00:41:01
13982,13983,18466,1563,201,4,Super friendly and helpful.,2022-05-03 00:46:59
13986,13987,18471,987,1700,5,"Easy pickup, no problems.",2023-04-02 10:33:15
13987,13988,18472,987,192,3,Acceptable ride.,2024-04-09 15:27:12
13988,13989,18473,82,1403,3,Trip was okay.,2023-11-07 08:11:56
13989,13990,18474,513,1795,4,Fast and safe driver.,2024-06-06 01:22:18
13990,13991,18475,14,513,2,Very clean car.,2024-06-26 16:07:35
13991,13992,18476,868,513,3,"Great driver, very professional!",2024-02-07 18:36:38
13996,13997,18481,52,843,4,"Smooth ride, on time.",2023-09-24 14:01:05
13997,13998,18482,843,65,4,Very courteous driver.,2024-05-01 05:20:34
13998,13999,18483,660,450,2,Rough driving.,2023-04-26 22:21:17
13999,14000,18488,1741,105,1,Super friendly and helpful.,2023-02-11 04:39:07
14000,14001,18490,105,1995,3,Decent experience.,2023-12-08 02:57:05
14001,14002,18490,1995,105,3,Very clean car.,2023-12-08 03:21:05
14002,14003,18492,640,389,4,Loved the music selection!,2023-02-13 14:40:12
14003,14004,18497,1556,1495,3,Average experience.,2022-05-13 14:25:27
14004,14005,18497,1495,1556,2,Very clean car.,2022-05-13 14:29:27
14006,14007,18500,1556,187,5,"Quick and efficient, thanks!",2024-06-08 10:47:57
14008,14009,18501,1830,1556,4,"Excellent service, will ride again.",2023-03-13 09:15:14
14009,14010,18502,1556,1991,3,Acceptable ride.,2023-12-20 06:01:09
14011,14012,18506,1556,1060,4,Very comfortable ride.,2023-02-12 11:19:27
14015,14016,18514,759,1388,3,"Smooth ride, on time.",2022-06-15 16:08:05
14017,14018,18518,1388,1227,4,Car was spotless.,2023-09-03 08:09:30
14018,14019,18519,1388,601,3,Trip was okay.,2022-08-17 11:26:34
14019,14020,18521,1388,1183,5,"Great rider, very polite.",2023-06-25 09:58:33
14021,14022,18522,986,1388,3,"Smooth ride, on time.",2022-09-25 01:50:31
14029,14030,18529,506,1388,3,"Excellent service, will ride again.",2022-05-12 06:46:36
14032,14033,18533,1388,434,5,"Smooth ride, on time.",2024-05-24 00:10:58
14033,14034,18533,434,1388,3,"Smooth ride, on time.",2024-05-24 01:57:58
14034,14035,18535,1388,508,5,Fast and safe driver.,2022-05-14 18:52:15
14036,14037,18537,1388,502,4,Very comfortable ride.,2022-02-12 17:02:03
14039,14040,18540,1210,1388,4,"Great driver, very professional!",2022-02-13 19:32:36
14040,14041,18541,1388,1781,3,"OK trip, nothing special.",2022-11-22 15:43:18
14042,14043,18542,1699,1388,4,Very clean car.,2024-05-28 18:54:31
14043,14044,18546,1388,224,4,"Perfect trip, no issues.",2023-04-30 12:46:27
14045,14046,18548,1388,867,3,Decent experience.,2022-11-25 07:50:34
14046,14047,18549,1388,192,3,Got there safely.,2023-05-12 22:35:09
14047,14048,18549,192,1388,4,Very clean car.,2023-05-13 00:16:09
14049,14050,18555,986,1388,4,"Great driver, very professional!",2023-01-05 08:14:49
14050,14051,18556,1388,1403,3,Nothing to complain about.,2023-12-11 10:54:05
14051,14052,18556,1403,1388,4,"Excellent service, will ride again.",2023-12-11 11:39:05
14054,14055,18561,201,1388,3,"Smooth ride, on time.",2023-03-26 20:29:36
14057,14058,18568,1388,258,5,Very clean car.,2023-08-07 00:49:40
14058,14059,18570,1388,328,4,"Great rider, very polite.",2022-02-23 05:48:00
14059,14060,18570,328,1388,3,"Great driver, very professional!",2022-02-23 04:32:00
14061,14062,18571,1350,1388,5,"Great driver, very professional!",2024-04-24 21:50:32
14062,14063,18572,1288,1388,4,Very clean car.,2023-11-21 05:10:06
14063,14064,18573,1388,1699,2,Driver was late.,2024-05-07 02:52:49
14065,14066,18574,1509,1388,3,Super friendly and helpful.,2024-06-10 18:46:25
14067,14068,18575,996,1388,3,"Great driver, very professional!",2024-05-21 23:55:20
14070,14071,18580,1388,1227,4,Very clean car.,2022-10-28 12:32:53
14072,14073,18582,1781,1388,3,"Smooth ride, on time.",2022-10-29 17:54:02
14074,14075,18584,1293,1388,3,"Great driver, very professional!",2023-05-09 03:10:15
14075,14076,18585,1388,24,3,Got there safely.,2023-06-22 02:59:48
14078,14079,18590,1237,33,4,Very clean car.,2023-04-25 20:46:29
14079,14080,18593,33,147,3,Average experience.,2023-07-18 06:50:43
14081,14082,18597,33,210,4,Car was spotless.,2024-03-21 14:15:46
14082,14083,18597,210,33,3,"Smooth ride, on time.",2024-03-21 14:26:46
14084,14085,18598,1288,33,3,Very clean car.,2022-06-08 06:47:43
14086,14087,18603,1831,201,5,Super friendly and helpful.,2022-02-07 13:38:18
14087,14088,18605,903,1983,4,"Great driver, very professional!",2022-11-10 14:19:46
14088,14089,18607,1215,1237,5,"Great driver, very professional!",2024-05-16 16:47:31
14089,14090,18608,1302,1215,2,Very clean car.,2023-02-19 13:03:50
14090,14091,18609,1215,494,5,"Quick and efficient, thanks!",2023-11-09 07:08:44
14091,14092,18610,1215,571,4,Very courteous driver.,2022-02-14 12:38:27
14092,14093,18610,571,1215,4,"Excellent service, will ride again.",2022-02-14 12:35:27
14093,14094,18612,1302,193,3,"Great driver, very professional!",2024-04-30 12:00:34
14097,14098,18616,1584,193,3,Super friendly and helpful.,2023-06-20 22:19:53
14101,14102,18621,248,1893,5,"Smooth ride, on time.",2023-05-07 00:04:41
14102,14103,18622,1893,1162,4,Very courteous driver.,2023-09-07 09:05:43
14103,14104,18622,1162,1893,5,Super friendly and helpful.,2023-09-07 09:13:43
14104,14105,18623,1893,1555,4,"5 stars, highly recommend!",2022-10-24 07:25:28
14105,14106,18625,1893,1948,3,Acceptable ride.,2023-04-14 16:49:19
14106,14107,18628,1623,1893,4,"Smooth ride, on time.",2023-10-01 23:58:33
14108,14109,18633,1893,1826,4,"Perfect trip, no issues.",2023-04-28 00:25:49
14109,14110,18634,1893,318,5,Very clean car.,2022-10-15 13:53:01
14110,14111,18634,318,1893,4,"Excellent service, will ride again.",2022-10-15 14:07:01
14111,14112,18635,5,1893,3,"Great driver, very professional!",2023-01-14 11:39:07
14113,14114,18638,1893,1653,4,Very comfortable ride.,2023-05-13 00:43:01
14114,14115,18639,1893,331,4,"Great rider, very polite.",2022-04-01 09:30:15
14116,14117,18643,1893,974,3,Trip was okay.,2023-07-03 21:19:17
14117,14118,18643,974,1893,2,"Smooth ride, on time.",2023-07-03 22:30:17
14118,14119,18645,1893,192,4,"Quick and efficient, thanks!",2024-01-29 14:24:36
14119,14120,18647,1756,630,4,"Excellent service, will ride again.",2022-07-28 23:37:14
14120,14121,18648,1756,1099,5,"Great rider, very polite.",2024-03-09 19:50:30
14121,14122,18649,970,1035,4,Very courteous driver.,2022-01-11 10:24:57
14122,14123,18650,542,970,4,Super friendly and helpful.,2023-08-22 03:36:45
14123,14124,18651,878,970,3,"Great driver, very professional!",2023-11-01 05:05:07
14124,14125,18652,970,1380,4,"5 stars, highly recommend!",2024-05-04 07:32:21
14125,14126,18652,1380,970,2,"Excellent service, will ride again.",2024-05-04 08:22:21
14126,14127,18653,970,1394,2,Took a longer route.,2022-02-28 18:23:39
14127,14128,18653,1394,970,2,"Excellent service, will ride again.",2022-02-28 18:21:39
14129,14130,18655,970,515,3,"OK trip, nothing special.",2023-04-08 04:19:55
14130,14131,18656,970,1461,4,"5 stars, highly recommend!",2022-07-20 20:10:37
14131,14132,18657,970,341,3,Nothing to complain about.,2023-07-18 15:24:23
14132,14133,18662,970,1237,4,"Great driver, very professional!",2023-06-27 15:18:29
14133,14134,18662,1237,970,3,Super friendly and helpful.,2023-06-27 15:44:29
14135,14136,18663,439,970,2,Super friendly and helpful.,2023-04-09 00:24:11
14136,14137,18664,1328,970,3,"Smooth ride, on time.",2022-02-06 15:43:03
14138,14139,18666,155,970,4,"Excellent service, will ride again.",2022-01-31 15:49:38
14139,14140,18667,970,1562,5,"Excellent service, will ride again.",2022-09-16 02:17:14
14140,14141,18669,1640,970,3,Very clean car.,2022-07-16 01:05:38
14142,14143,18673,1030,970,4,Super friendly and helpful.,2023-06-27 07:50:31
14143,14144,18676,970,1658,3,Got there safely.,2022-10-14 17:44:20
14144,14145,18676,1658,970,3,"Excellent service, will ride again.",2022-10-14 17:14:20
14147,14148,18680,970,570,4,Super friendly and helpful.,2023-02-11 01:49:48
14148,14149,18680,570,970,2,"Excellent service, will ride again.",2023-02-11 03:08:48
14149,14150,18681,324,970,4,"Smooth ride, on time.",2022-03-12 02:41:00
14152,14153,18685,1547,970,4,"Excellent service, will ride again.",2023-12-25 11:38:36
14154,14155,18687,970,860,4,"Easy pickup, no problems.",2023-06-04 23:18:08
14157,14158,18689,1104,970,4,"Great driver, very professional!",2022-02-13 06:28:14
14158,14159,18691,970,593,4,"Great rider, very polite.",2022-11-15 23:31:57
14160,14161,18695,1869,970,3,"Excellent service, will ride again.",2023-01-14 10:49:53
14161,14162,18696,15,970,4,"Smooth ride, on time.",2023-09-20 16:55:35
14163,14164,18698,1108,970,1,Very clean car.,2023-08-13 04:37:56
14167,14168,18700,66,970,4,"Smooth ride, on time.",2022-06-15 19:31:20
14172,14173,18706,970,1640,3,Trip was okay.,2023-07-22 11:31:43
14173,14174,18706,1640,970,2,"Excellent service, will ride again.",2023-07-22 12:21:43
14174,14175,18707,970,192,3,"OK trip, nothing special.",2023-03-25 16:32:07
14176,14177,18708,119,970,3,Super friendly and helpful.,2024-05-14 09:18:00
14177,14178,18709,970,1243,4,Very comfortable ride.,2023-01-28 15:34:39
14178,14179,18711,970,24,4,"5 stars, highly recommend!",2024-06-13 23:58:51
14180,14181,18712,970,1790,4,Fast and safe driver.,2023-09-24 21:04:57
14181,14182,18713,970,15,4,Super friendly and helpful.,2023-01-31 08:15:50
14182,14183,18713,15,970,3,Very clean car.,2023-01-31 07:17:50
14183,14184,18714,970,883,4,"Easy pickup, no problems.",2023-12-04 15:14:49
14184,14185,18715,970,5,3,Fine driver.,2024-06-01 16:06:19
14185,14186,18716,970,1181,5,"Perfect trip, no issues.",2024-04-19 20:45:28
14186,14187,18717,970,1450,2,Driver was late.,2022-04-21 22:39:29
14188,14189,18718,5,970,4,"Great driver, very professional!",2022-04-22 00:45:21
14189,14190,18722,1378,412,4,"Quick and efficient, thanks!",2023-11-23 14:30:21
14190,14191,18725,1378,1526,4,"Great driver, very professional!",2024-05-18 18:29:19
14191,14192,18725,1526,1378,2,Very clean car.,2024-05-18 18:07:19
14192,14193,18726,1378,1790,5,Very clean car.,2024-01-11 09:53:10
14193,14194,18727,1378,293,5,Super friendly and helpful.,2022-12-25 04:16:09
14196,14197,18730,1378,645,5,Fast and safe driver.,2022-05-17 05:52:54
14198,14199,18731,1378,1183,5,Very courteous driver.,2022-04-07 22:36:48
14204,14205,18735,1371,1378,4,"Smooth ride, on time.",2022-10-25 07:27:44
14206,14207,18737,1237,1378,5,"Great driver, very professional!",2022-03-23 03:30:03
14209,14210,18741,412,1378,4,Super friendly and helpful.,2022-12-21 22:45:30
14210,14211,18742,1378,1343,3,Trip was okay.,2023-09-15 23:33:06
14211,14212,18742,1343,1378,3,"Smooth ride, on time.",2023-09-15 22:26:06
14212,14213,18743,1378,1984,4,Very clean car.,2023-10-31 23:12:41
14215,14216,18746,608,1378,4,Super friendly and helpful.,2024-02-28 06:14:57
14219,14220,18754,1378,1795,4,"5 stars, highly recommend!",2022-08-26 00:12:39
14220,14221,18756,1378,1206,5,Super friendly and helpful.,2023-02-01 00:57:59
14221,14222,18757,1267,1378,4,Very clean car.,2022-08-27 07:40:59
14223,14224,18762,1378,1575,3,Nothing to complain about.,2022-06-30 23:10:47
14225,14226,18768,1378,748,5,"Great rider, very polite.",2022-04-19 04:25:52
14226,14227,18769,947,1378,2,Very clean car.,2024-03-25 16:01:42
14227,14228,18771,1378,1301,5,Very comfortable ride.,2022-06-11 02:25:56
14228,14229,18771,1301,1378,4,"Excellent service, will ride again.",2022-06-11 02:17:56
14229,14230,18772,1378,502,3,Fine driver.,2022-07-01 19:35:36
14232,14233,18777,898,1378,4,Very clean car.,2024-01-10 17:46:17
14234,14235,18779,643,1378,5,Super friendly and helpful.,2023-04-29 16:18:25
14236,14237,18782,1378,1207,4,"Easy pickup, no problems.",2022-04-28 14:24:55
14237,14238,18782,1207,1378,4,Super friendly and helpful.,2022-04-28 14:13:55
14238,14239,18783,1001,1378,3,"Smooth ride, on time.",2022-01-07 17:20:12
14239,14240,18785,1378,898,3,Acceptable ride.,2023-06-19 01:28:59
14240,14241,18790,1775,1378,4,"Smooth ride, on time.",2023-06-10 14:31:37
14242,14243,18793,1378,164,4,Loved the music selection!,2022-07-09 16:06:34
14243,14244,18793,164,1378,3,"Smooth ride, on time.",2022-07-09 17:08:34
14246,14247,18795,1091,1378,2,"Great driver, very professional!",2022-03-04 15:53:03
14249,14250,18802,1378,1739,5,"Quick and efficient, thanks!",2024-05-03 10:58:54
14255,14256,18813,1575,1378,3,Super friendly and helpful.,2022-12-27 01:52:56
14256,14257,18814,1419,593,4,"Great rider, very polite.",2023-03-09 01:36:52
14258,14259,18816,1548,77,3,"Great driver, very professional!",2023-12-20 21:02:33
14259,14260,18818,440,544,5,Super friendly and helpful.,2023-01-10 10:40:54
14260,14261,18818,544,440,4,"Great driver, very professional!",2023-01-10 12:07:54
14262,14263,18820,427,1243,5,Very comfortable ride.,2024-06-05 03:26:11
14263,14264,18821,1091,427,3,Very clean car.,2023-02-09 20:59:24
14264,14265,18823,1738,1584,4,"Excellent service, will ride again.",2022-03-21 16:54:04
14265,14266,18824,179,1738,4,"Smooth ride, on time.",2023-07-24 13:46:52
14266,14267,18825,1738,1293,5,Loved the music selection!,2022-05-12 12:50:43
14268,14269,18826,458,1738,3,"Great driver, very professional!",2023-03-13 15:52:39
14269,14270,18830,1738,1981,4,"Great driver, very professional!",2022-08-28 09:38:32
14270,14271,18835,1738,1170,5,"Great driver, very professional!",2024-04-21 22:51:03
14271,14272,18836,1738,202,3,Nothing to complain about.,2022-09-09 19:05:14
14273,14274,18837,940,1738,3,"Smooth ride, on time.",2022-02-08 00:01:44
14274,14275,18839,1738,351,4,Very courteous driver.,2024-04-08 10:33:39
14275,14276,18842,1738,52,5,"Smooth ride, on time.",2023-05-23 02:03:15
14276,14277,18842,52,1738,3,Very clean car.,2023-05-23 02:39:15
14278,14279,18844,1738,1709,4,Very comfortable ride.,2023-06-07 20:16:40
14280,14281,18846,818,1738,3,Very clean car.,2022-02-19 07:46:12
14282,14283,18854,293,1738,2,Very clean car.,2023-03-20 04:50:59
14283,14284,18857,1738,1741,4,Fast and safe driver.,2022-10-16 02:15:16
14285,14286,18861,612,1738,5,"Excellent service, will ride again.",2024-06-16 12:55:49
14288,14289,18863,1853,1738,3,Super friendly and helpful.,2023-04-21 01:15:33
14289,14290,18864,394,1738,3,"Smooth ride, on time.",2024-01-12 09:57:10
14291,14292,18866,789,1738,2,"Smooth ride, on time.",2023-09-28 19:51:37
14292,14293,18868,1738,1091,3,Fine driver.,2024-05-06 05:52:58
14293,14294,18869,1738,1355,3,Nothing to complain about.,2022-11-27 03:21:49
14295,14296,18874,1221,1643,4,Super friendly and helpful.,2024-01-16 19:23:35
14296,14297,18880,62,754,3,"Excellent service, will ride again.",2023-01-11 19:36:38
14297,14298,18881,754,1987,5,"Quick and efficient, thanks!",2022-09-25 22:37:41
14298,14299,18881,1987,754,4,"Great driver, very professional!",2022-09-25 23:19:41
14301,14302,18884,1701,1640,2,Had trouble finding the pickup spot.,2024-02-03 20:41:06
14302,14303,18885,1937,1701,3,Super friendly and helpful.,2023-10-11 08:00:45
14303,14304,18886,1701,430,4,Very comfortable ride.,2022-01-31 05:06:53
14305,14306,18891,430,1701,4,"Excellent service, will ride again.",2023-12-25 12:54:48
14307,14308,18893,1701,544,5,Loved the music selection!,2022-05-01 22:31:13
14308,14309,18895,1701,327,3,Acceptable ride.,2023-03-02 11:31:48
14310,14311,18898,176,1701,3,Very clean car.,2023-06-01 05:17:57
14311,14312,18899,1128,1701,4,"Excellent service, will ride again.",2022-01-31 11:32:39
14313,14314,18903,1701,1649,3,Fine driver.,2024-06-21 17:17:08
14314,14315,18905,1336,1701,4,Very clean car.,2023-11-06 14:40:13
14318,14319,18912,1701,1205,2,Took too long.,2022-01-23 10:09:57
14320,14321,18913,286,1701,3,"Smooth ride, on time.",2022-02-21 12:37:31
14322,14323,18917,1701,1356,4,Super friendly and helpful.,2022-02-24 07:35:03
14324,14325,18919,1701,643,4,Super friendly and helpful.,2023-09-25 05:53:59
14327,14328,18922,1471,1701,3,"Great driver, very professional!",2022-04-17 01:01:09
14328,14329,18923,1701,477,2,Rough driving.,2024-02-07 07:07:40
14332,14333,18933,1701,1562,5,"Easy pickup, no problems.",2024-03-24 17:37:49
14335,14336,18937,1701,162,4,"Smooth ride, on time.",2022-04-06 13:29:03
14339,14340,18941,1701,1606,4,Super friendly and helpful.,2024-04-09 16:39:36
14340,14341,18941,1606,1701,3,"Great driver, very professional!",2024-04-09 17:37:36
14341,14342,18942,1701,585,5,"Easy pickup, no problems.",2024-02-10 15:43:54
14342,14343,18945,1701,570,4,Very comfortable ride.,2024-03-07 00:53:10
14345,14346,18947,1701,1026,4,"Great driver, very professional!",2024-03-01 10:08:13
14346,14347,18947,1026,1701,3,"Excellent service, will ride again.",2024-03-01 11:02:13
14348,14349,18948,439,1701,2,Super friendly and helpful.,2022-12-21 16:45:02
14349,14350,18952,1701,199,4,Loved the music selection!,2022-05-17 14:43:48
14350,14351,18952,199,1701,4,"Great driver, very professional!",2022-05-17 14:09:48
14351,14352,18953,1701,1776,4,"Great driver, very professional!",2023-01-24 05:57:39
14352,14353,18954,1701,1653,4,"Excellent service, will ride again.",2024-04-14 04:51:45
14354,14355,18957,932,631,4,"Smooth ride, on time.",2022-06-27 12:51:36
14356,14357,18958,62,631,4,Super friendly and helpful.,2024-06-14 09:38:39
14357,14358,18960,271,538,4,"Excellent service, will ride again.",2022-08-21 10:11:14
14359,14360,18964,883,1120,3,Super friendly and helpful.,2023-04-10 23:37:27
14360,14361,18967,1120,1828,5,"Excellent service, will ride again.",2022-07-03 17:51:21
14363,14364,18970,1814,1120,4,"Smooth ride, on time.",2023-11-18 13:08:53
14364,14365,18971,1117,1120,5,"Great driver, very professional!",2024-04-01 11:36:23
14365,14366,18972,969,1120,3,"Excellent service, will ride again.",2022-02-12 16:23:09
14368,14369,18974,645,1120,3,Very clean car.,2024-02-02 08:09:19
14371,14372,18977,1154,1088,4,"5 stars, highly recommend!",2023-08-11 20:50:28
14373,14374,18979,919,1154,4,Very clean car.,2023-09-14 16:52:17
14374,14375,18980,1154,1060,3,"OK trip, nothing special.",2022-06-04 18:51:56
14378,14379,18988,226,132,4,"Excellent service, will ride again.",2023-04-20 16:20:52
14379,14380,18989,1876,331,5,Very courteous driver.,2023-05-17 00:44:59
14380,14381,18990,1876,1128,1,Not very clean.,2024-02-25 02:59:06
14382,14383,18991,199,1876,4,"Great driver, very professional!",2022-01-23 23:02:43
14383,14384,18994,1876,1830,4,"Excellent service, will ride again.",2023-04-09 22:12:10
14386,14387,18998,1937,1876,4,Super friendly and helpful.,2022-10-03 12:24:00
14387,14388,18999,1876,1044,4,Fast and safe driver.,2022-05-12 02:10:32
14388,14389,18999,1044,1876,4,Very clean car.,2022-05-12 02:31:32
14389,14390,19000,1876,1814,3,Nothing to complain about.,2023-11-23 06:26:34
14390,14391,19003,1876,1413,4,Very comfortable ride.,2024-04-28 22:38:53
14392,14393,19008,1876,1087,4,"Great rider, very polite.",2022-12-17 09:02:18
14393,14394,19009,1876,1494,4,Very courteous driver.,2023-08-17 15:16:13
14394,14395,19009,1494,1876,3,Super friendly and helpful.,2023-08-17 15:08:13
14395,14396,19010,1104,1876,4,"Excellent service, will ride again.",2022-11-27 07:58:17
14396,14397,19012,1876,202,4,Super friendly and helpful.,2024-01-14 01:27:51
14397,14398,19013,1461,1876,1,"Great driver, very professional!",2024-01-25 04:21:41
14398,14399,19014,1876,1755,3,Average experience.,2023-09-10 13:18:46
14399,14400,19014,1755,1876,4,"Smooth ride, on time.",2023-09-10 12:50:46
14400,14401,19015,1876,1830,3,Got there safely.,2023-11-11 11:36:13
14401,14402,19015,1830,1876,4,"Excellent service, will ride again.",2023-11-11 12:25:13
14403,14404,19017,1876,1544,5,"Perfect trip, no issues.",2022-03-27 06:13:08
14404,14405,19018,1876,1309,2,Took too long.,2023-10-07 06:34:14
14405,14406,19019,608,1876,4,"Smooth ride, on time.",2023-06-29 07:16:42
14406,14407,19020,1876,1100,5,"Perfect trip, no issues.",2023-11-24 16:27:02
14407,14408,19021,1876,1983,3,Nothing to complain about.,2023-08-04 22:44:18
14408,14409,19021,1983,1876,3,"Great driver, very professional!",2023-08-04 22:18:18
14412,14413,19023,351,1876,3,Super friendly and helpful.,2024-06-02 15:27:09
14413,14414,19026,612,1876,3,Super friendly and helpful.,2023-04-10 00:22:23
14414,14415,19027,1876,1933,3,Average experience.,2022-08-14 07:49:42
14415,14416,19029,1764,1876,3,Super friendly and helpful.,2023-10-28 18:37:29
14416,14417,19031,1876,1183,3,Acceptable ride.,2024-05-14 16:07:11
14420,14421,19036,1876,571,5,"Easy pickup, no problems.",2023-08-05 23:08:41
14421,14422,19036,571,1876,2,Very clean car.,2023-08-05 23:04:41
14423,14424,19038,1876,932,4,"Excellent service, will ride again.",2022-07-06 08:27:16
14424,14425,19039,1876,553,4,Loved the music selection!,2022-03-26 18:14:06
14425,14426,19040,1608,1876,4,"Excellent service, will ride again.",2024-02-23 17:16:35
14426,14427,19042,1876,1812,2,Not very clean.,2024-01-22 15:41:08
14429,14430,19047,1876,1041,4,"Quick and efficient, thanks!",2023-01-15 16:50:06
14430,14431,19048,1876,842,3,Trip was okay.,2023-04-06 14:34:46
14431,14432,19048,842,1876,3,"Excellent service, will ride again.",2023-04-06 14:51:46
14433,14434,19050,1876,1227,5,"Great driver, very professional!",2024-05-22 08:55:27
14434,14435,19053,1876,1100,5,Loved the music selection!,2024-02-06 01:29:31
14435,14436,19053,1100,1876,4,Very clean car.,2024-02-06 03:19:31
14437,14438,19056,920,1876,3,"Great driver, very professional!",2023-11-25 21:40:10
14439,14440,19057,1336,1876,3,"Excellent service, will ride again.",2022-07-13 23:27:11
14444,14445,19062,1026,1876,3,"Great driver, very professional!",2023-07-21 14:52:13
14445,14446,19064,1876,564,4,"5 stars, highly recommend!",2023-10-28 02:59:39
14446,14447,19065,1876,494,3,Acceptable ride.,2023-04-14 22:58:41
14450,14451,19073,1825,1876,2,Super friendly and helpful.,2023-11-04 02:02:13
14451,14452,19074,1544,1876,3,Super friendly and helpful.,2024-01-16 01:28:44
14452,14453,19075,24,1876,3,"Excellent service, will ride again.",2024-06-24 11:50:00
14454,14455,19079,125,1594,3,"Smooth ride, on time.",2023-09-08 04:46:07
14455,14456,19081,1748,194,5,"Excellent service, will ride again.",2023-03-31 13:21:45
14458,14459,19082,2,1748,4,Super friendly and helpful.,2024-06-03 06:58:36
14459,14460,19083,776,1748,3,"Excellent service, will ride again.",2023-04-05 23:02:04
14460,14461,19084,1748,1713,4,"Smooth ride, on time.",2023-09-25 18:22:30
14461,14462,19085,1748,1162,5,Very comfortable ride.,2024-05-16 09:17:49
14462,14463,19087,789,1748,2,"Great driver, very professional!",2022-07-18 15:55:57
14465,14466,19090,89,1748,5,Super friendly and helpful.,2022-04-27 21:50:06
14466,14467,19091,1748,199,5,Fast and safe driver.,2023-11-16 08:22:17
14467,14468,19092,1748,1623,4,"Easy pickup, no problems.",2022-06-01 23:49:44
14470,14471,19094,1293,1748,3,Super friendly and helpful.,2024-02-06 03:18:34
14471,14472,19097,1748,1999,3,Average experience.,2024-01-25 12:11:41
14472,14473,19098,1748,1427,3,Acceptable ride.,2022-03-09 02:31:10
14473,14474,19098,1427,1748,3,"Smooth ride, on time.",2022-03-09 02:16:10
14474,14475,19100,1748,339,3,Trip was okay.,2022-01-01 10:29:01
14476,14477,19101,1105,1256,2,"Smooth ride, on time.",2022-08-20 20:23:47
14478,14479,19105,1256,436,5,"Easy pickup, no problems.",2024-05-01 12:41:36
14479,14480,19106,1256,1649,3,Nothing to complain about.,2023-09-01 21:19:53
14481,14482,19109,693,1256,3,Super friendly and helpful.,2023-02-26 09:20:45
14482,14483,19110,1256,726,3,Average experience.,2022-03-18 06:19:25
14483,14484,19110,726,1256,3,"Great driver, very professional!",2022-03-18 05:34:25
14486,14487,19112,997,1256,3,"Great driver, very professional!",2023-10-20 16:14:49
14487,14488,19113,1256,31,5,"5 stars, highly recommend!",2023-06-26 03:58:08
14488,14489,19115,1763,1256,4,"Excellent service, will ride again.",2024-03-23 09:07:49
14492,14493,19120,1871,1237,4,Super friendly and helpful.,2023-01-01 00:09:34
14496,14497,19125,1286,1871,5,"Smooth ride, on time.",2022-12-23 04:13:52
14498,14499,19128,1871,31,5,"Perfect trip, no issues.",2022-12-18 13:54:47
14499,14500,19129,142,1871,1,Super friendly and helpful.,2022-01-17 17:08:56
14502,14503,19134,1141,1871,3,Very clean car.,2024-06-04 15:53:53
14503,14504,19138,1871,585,5,Car was spotless.,2023-06-26 06:11:02
14504,14505,19140,1871,40,4,"5 stars, highly recommend!",2023-07-03 08:23:15
14505,14506,19143,1871,192,5,"Great rider, very polite.",2023-09-28 00:23:28
14506,14507,19143,192,1871,3,Very clean car.,2023-09-28 01:51:28
14507,14508,19145,1871,187,5,Super friendly and helpful.,2022-07-19 16:58:31
14508,14509,19145,187,1871,4,Very clean car.,2022-07-19 16:52:31
14511,14512,19151,1871,1131,4,Loved the music selection!,2024-06-11 12:57:56
14512,14513,19153,1580,977,4,"Quick and efficient, thanks!",2022-11-06 11:48:49
14513,14514,19154,1580,1741,4,"Excellent service, will ride again.",2022-04-17 08:11:50
14514,14515,19155,146,1580,4,Very clean car.,2023-08-18 18:12:12
14515,14516,19157,728,1580,4,"Great driver, very professional!",2022-10-28 06:14:22
14517,14518,19159,1580,52,4,"Great driver, very professional!",2024-02-21 13:41:05
14518,14519,19161,1374,469,3,"OK trip, nothing special.",2022-03-19 06:05:33
14519,14520,19162,1374,825,4,"Easy pickup, no problems.",2023-01-26 19:16:23
14520,14521,19163,697,1374,2,Super friendly and helpful.,2024-01-16 06:58:14
14521,14522,19164,866,1374,2,"Smooth ride, on time.",2022-02-15 02:46:13
14522,14523,19166,40,1374,3,Very clean car.,2022-10-19 03:11:00
14524,14525,19169,1374,293,4,Very comfortable ride.,2023-09-01 03:06:13
14526,14527,19173,1374,1509,3,Average experience.,2022-11-21 16:28:02
14527,14528,19175,940,1374,4,"Excellent service, will ride again.",2022-02-02 21:24:34
14528,14529,19178,1931,1331,5,"Great rider, very polite.",2024-01-09 14:11:23
14529,14530,19179,1081,1931,2,Very clean car.,2023-05-18 06:40:37
14530,14531,19181,898,1931,2,"Smooth ride, on time.",2022-06-04 01:13:16
14531,14532,19184,1931,434,3,Decent experience.,2022-05-04 00:03:56
14533,14534,19186,1931,1023,3,Nothing to complain about.,2022-11-27 05:41:38
14534,14535,19188,1146,1311,4,Loved the music selection!,2024-05-27 14:48:25
14535,14536,19189,1041,1827,4,Very clean car.,2022-12-14 23:44:10
14538,14539,19193,1827,1356,4,Very comfortable ride.,2022-01-08 08:37:38
14541,14542,19198,1827,115,4,Car was spotless.,2023-04-16 09:04:57
14542,14543,19199,1827,194,4,"Excellent service, will ride again.",2024-03-23 17:48:34
14545,14546,19202,376,1827,2,"Smooth ride, on time.",2022-12-06 22:48:36
14547,14548,19207,1865,400,1,"Great driver, very professional!",2024-03-22 19:23:11
14548,14549,19209,331,400,4,Very clean car.,2023-03-01 16:40:31
14550,14551,19211,509,1001,3,Average experience.,2023-01-23 13:39:18
14551,14552,19211,1001,509,4,Super friendly and helpful.,2023-01-23 12:54:18
14553,14554,19214,509,1196,3,Got there safely.,2024-02-14 02:14:11
14554,14555,19217,509,1562,4,Car was spotless.,2022-09-23 04:57:49
14557,14558,19222,509,1400,4,Very comfortable ride.,2023-03-19 23:44:46
14558,14559,19222,1400,509,3,Super friendly and helpful.,2023-03-20 00:34:46
14560,14561,19227,509,1371,5,"Great driver, very professional!",2023-09-01 09:04:56
14561,14562,19229,509,142,4,Very courteous driver.,2022-03-28 02:50:09
14562,14563,19230,509,1700,3,Nothing to complain about.,2023-07-17 05:29:49
14563,14564,19230,1700,509,4,Super friendly and helpful.,2023-07-17 05:30:49
14565,14566,19234,509,1352,4,"Easy pickup, no problems.",2022-11-02 16:07:23
14567,14568,19237,1099,509,3,Very clean car.,2023-02-13 23:09:00
14569,14570,19243,1658,509,4,"Excellent service, will ride again.",2022-05-29 23:22:15
14570,14571,19245,509,1099,4,Very clean car.,2024-01-08 05:17:30
14571,14572,19245,1099,509,3,"Great driver, very professional!",2024-01-08 05:29:30
14572,14573,19246,509,1134,5,Very courteous driver.,2022-05-13 06:24:23
14573,14574,19246,1134,509,3,"Great driver, very professional!",2022-05-13 05:27:23
14577,14578,19249,331,509,3,"Smooth ride, on time.",2022-07-01 07:34:09
14579,14580,19252,1237,509,3,"Excellent service, will ride again.",2022-03-31 06:28:30
14580,14581,19254,509,52,4,"Perfect trip, no issues.",2024-03-17 18:07:07
14581,14582,19254,52,509,3,"Excellent service, will ride again.",2024-03-17 19:57:07
14583,14584,19258,1427,509,3,Super friendly and helpful.,2022-07-08 11:23:08
14584,14585,19259,509,1088,3,Acceptable ride.,2023-09-17 06:35:01
14585,14586,19259,1088,509,4,Very clean car.,2023-09-17 06:52:01
14587,14588,19263,509,271,5,Super friendly and helpful.,2024-05-17 05:43:40
14589,14590,19265,509,1575,4,"Excellent service, will ride again.",2023-06-14 09:44:28
14590,14591,19265,1575,509,4,Very clean car.,2023-06-14 09:28:28
14593,14594,19270,509,131,3,Trip was okay.,2022-11-15 18:15:18
14594,14595,19272,509,1790,5,Very comfortable ride.,2023-05-20 03:23:40
14595,14596,19272,1790,509,4,"Smooth ride, on time.",2023-05-20 03:37:40
14596,14597,19274,509,318,5,Very comfortable ride.,2022-12-24 17:57:02
14599,14600,19279,1584,509,4,Very clean car.,2022-12-20 18:50:07
14601,14602,19280,1607,509,3,"Great driver, very professional!",2023-03-10 20:49:44
14602,14603,19282,509,1301,4,Fast and safe driver.,2023-07-05 00:31:34
14604,14605,19284,509,571,4,"Excellent service, will ride again.",2024-05-21 06:10:21
14605,14606,19285,509,162,5,Very courteous driver.,2024-06-11 23:45:56
14606,14607,19286,509,553,4,"Quick and efficient, thanks!",2022-08-21 14:44:40
14607,14608,19287,509,1060,2,Took too long.,2024-03-31 20:35:54
14609,14610,19291,509,742,4,"Easy pickup, no problems.",2023-09-01 12:30:09
14612,14613,19293,1584,509,4,Super friendly and helpful.,2022-02-24 00:15:50
14614,14615,19296,365,1890,3,Fine driver.,2023-12-17 19:31:55
14615,14616,19297,365,1162,4,Car was spotless.,2024-02-26 08:07:54
14617,14618,19299,365,941,2,Driver was late.,2022-06-11 08:17:01
14618,14619,19301,974,365,4,"Smooth ride, on time.",2022-11-17 03:33:27
14620,14621,19303,292,867,4,Fast and safe driver.,2023-06-18 15:10:20
14621,14622,19303,867,292,4,Super friendly and helpful.,2023-06-18 14:52:20
14623,14624,19307,1724,205,3,"Great driver, very professional!",2023-09-22 13:09:37
14625,14626,19311,498,205,4,"Great driver, very professional!",2022-02-16 08:38:52
14627,14628,19316,205,842,4,Very clean car.,2023-06-07 18:10:50
14631,14632,19321,2,205,4,Super friendly and helpful.,2023-01-11 15:28:25
14633,14634,19326,379,412,4,Super friendly and helpful.,2022-06-25 08:06:08
14635,14636,19329,131,379,4,Super friendly and helpful.,2022-10-09 05:50:27
14636,14637,19331,379,1309,4,"Easy pickup, no problems.",2022-04-15 16:52:29
14638,14639,19337,379,1386,5,Very clean car.,2023-08-01 11:49:19
14639,14640,19338,379,1558,3,Nothing to complain about.,2023-08-10 10:17:56
14640,14641,19340,430,379,4,Very clean car.,2022-07-09 19:29:56
14643,14644,19343,379,1044,4,"Perfect trip, no issues.",2023-06-22 18:56:44
14645,14646,19347,379,1336,3,Trip was okay.,2023-11-22 15:34:02
14646,14647,19350,1892,1492,4,"5 stars, highly recommend!",2023-06-09 01:30:08
14648,14649,19352,864,498,4,Fast and safe driver.,2022-03-02 06:32:14
14650,14651,19357,864,1450,4,"Smooth ride, on time.",2024-04-01 02:12:51
14651,14652,19357,1450,864,3,"Excellent service, will ride again.",2024-04-01 02:50:51
14652,14653,19358,864,256,4,Very comfortable ride.,2024-04-17 12:14:00
14653,14654,19362,864,1248,3,Trip was okay.,2024-02-27 19:43:50
14654,14655,19363,864,585,3,Got there safely.,2022-10-15 13:27:43
14655,14656,19364,121,864,1,Super friendly and helpful.,2024-01-13 14:42:34
14656,14657,19365,864,1060,3,Average experience.,2022-12-22 18:20:02
14657,14658,19366,864,1221,4,Loved the music selection!,2023-10-27 11:34:45
14658,14659,19366,1221,864,3,Very clean car.,2023-10-27 09:54:45
14660,14661,19367,1105,864,5,"Smooth ride, on time.",2023-03-28 11:20:54
14662,14663,19369,506,864,4,"Great driver, very professional!",2023-06-30 00:11:38
14663,14664,19370,864,461,3,Got there safely.,2022-04-01 18:42:17
14665,14666,19375,1477,864,5,"Excellent service, will ride again.",2024-06-16 00:18:18
14667,14668,19378,542,864,3,"Great driver, very professional!",2024-01-04 05:25:56
14669,14670,19382,864,1526,2,Not very clean.,2022-12-29 21:00:41
14670,14671,19383,864,664,3,Decent experience.,2023-09-16 23:41:29
14673,14674,19385,1243,864,3,"Great driver, very professional!",2024-05-25 08:18:17
14674,14675,19386,864,1975,4,Very clean car.,2023-10-31 17:24:45
14675,14676,19388,864,1937,5,Car was spotless.,2024-02-25 09:55:23
14676,14677,19388,1937,864,4,"Smooth ride, on time.",2024-02-25 09:43:23
14677,14678,19389,777,864,2,"Smooth ride, on time.",2022-04-28 00:19:57
14678,14679,19390,864,1999,5,Super friendly and helpful.,2024-01-26 20:29:14
14681,14682,19394,1724,864,3,"Smooth ride, on time.",2023-06-27 19:01:05
14685,14686,19401,864,742,3,Decent experience.,2024-02-08 00:17:56
14686,14687,19401,742,864,2,Very clean car.,2024-02-08 01:38:56
14687,14688,19403,864,452,3,Decent experience.,2022-03-26 11:05:24
14689,14690,19408,864,1427,5,"Smooth ride, on time.",2023-12-31 17:43:11
14691,14692,19410,864,544,4,"Quick and efficient, thanks!",2022-06-18 23:13:19
14692,14693,19410,544,864,5,"Excellent service, will ride again.",2022-06-19 00:56:19
14694,14695,19412,334,864,3,"Excellent service, will ride again.",2022-05-08 11:29:06
14695,14696,19413,864,726,3,Average experience.,2023-10-06 23:13:23
14696,14697,19414,864,341,4,Very courteous driver.,2022-04-07 20:19:07
14698,14699,19416,864,351,3,Acceptable ride.,2024-03-12 07:48:27
14699,14700,19419,864,833,3,Fine driver.,2023-05-14 06:46:38
14701,14702,19422,864,1403,5,Fast and safe driver.,2022-09-02 11:04:25
14704,14705,19424,1795,864,3,"Excellent service, will ride again.",2022-11-26 10:55:36
14709,14710,19429,1482,1192,2,Super friendly and helpful.,2022-08-13 19:59:23
14710,14711,19430,1192,319,4,"Quick and efficient, thanks!",2024-01-25 07:05:50
14712,14713,19433,1192,288,3,Trip was okay.,2023-03-09 20:36:18
14715,14716,19437,1192,1336,3,Nothing to complain about.,2023-05-04 10:22:55
14716,14717,19439,1192,1128,2,Took too long.,2022-12-02 01:53:32
14717,14718,19442,779,1670,3,"Great driver, very professional!",2024-06-03 00:19:06
14718,14719,19443,1670,323,4,"Excellent service, will ride again.",2023-02-03 11:25:54
14719,14720,19444,1128,1670,2,Super friendly and helpful.,2023-03-21 08:36:37
14721,14722,19447,1670,461,4,"Quick and efficient, thanks!",2022-11-21 06:25:15
14722,14723,19449,1482,1670,2,"Great driver, very professional!",2022-06-05 18:27:30
14727,14728,19459,1023,1670,3,"Smooth ride, on time.",2023-05-01 15:05:30
14728,14729,19460,1670,1968,4,"Smooth ride, on time.",2023-12-19 23:04:15
14729,14730,19463,866,1670,2,"Great driver, very professional!",2022-05-08 19:57:17
14730,14731,19464,192,1670,5,"Smooth ride, on time.",2024-01-09 15:31:30
14732,14733,19466,977,1670,3,"Smooth ride, on time.",2023-08-29 00:16:36
14733,14734,19468,1670,412,3,Average experience.,2023-06-01 02:24:37
14734,14735,19473,1670,1948,2,Had trouble finding the pickup spot.,2022-09-09 21:30:35
14736,14737,19475,1670,996,3,Fine driver.,2024-03-13 14:28:10
14738,14739,19480,65,1670,3,Very clean car.,2023-11-08 18:28:16
14740,14741,19481,1825,1670,5,"Great driver, very professional!",2023-06-23 10:25:37
14741,14742,19483,1670,1331,5,Loved the music selection!,2022-10-12 20:59:51
14742,14743,19483,1331,1670,3,"Great driver, very professional!",2022-10-12 23:10:51
14743,14744,19486,1670,1606,4,"Excellent service, will ride again.",2023-04-28 22:52:41
14744,14745,19486,1606,1670,3,Super friendly and helpful.,2023-04-28 22:57:41
14745,14746,19487,1670,697,4,Very comfortable ride.,2022-09-22 11:28:31
14746,14747,19487,697,1670,2,Super friendly and helpful.,2022-09-22 13:03:31
14750,14751,19493,822,1670,3,Very clean car.,2023-04-24 09:36:07
14751,14752,19494,1670,323,3,Got there safely.,2024-01-01 16:35:41
14752,14753,19494,323,1670,4,"Excellent service, will ride again.",2024-01-01 15:51:41
14754,14755,19496,1670,1302,3,Trip was okay.,2022-12-17 03:29:59
14755,14756,19497,1670,439,2,Rough driving.,2024-03-06 17:12:44
14756,14757,19497,439,1670,4,Very clean car.,2024-03-06 16:33:44
14758,14759,19498,485,1670,3,Very clean car.,2022-05-24 02:17:55
14762,14763,19502,1564,1670,2,Very clean car.,2022-06-02 19:12:33
14764,14765,19504,1670,446,3,Average experience.,2022-02-28 20:24:50
14767,14768,19511,732,1328,4,Very courteous driver.,2022-12-12 16:54:22
14768,14769,19511,1328,732,3,Very clean car.,2022-12-12 16:52:22
14769,14770,19512,732,1544,5,"Great rider, very polite.",2022-07-18 19:30:23
14770,14771,19513,732,1709,3,Fine driver.,2023-12-27 03:04:56
14771,14772,19513,1709,732,4,Super friendly and helpful.,2023-12-27 02:27:56
14778,14779,19526,732,726,3,Acceptable ride.,2023-12-26 12:50:04
14779,14780,19528,732,1301,4,Very courteous driver.,2023-10-31 12:43:31
14780,14781,19529,434,938,3,"Excellent service, will ride again.",2022-01-23 05:57:11
14784,14785,19538,940,1671,3,Very clean car.,2022-06-30 00:14:15
14786,14787,19539,741,1671,3,"Great driver, very professional!",2024-01-30 15:59:28
14789,14790,19541,1623,1671,3,"Smooth ride, on time.",2023-12-27 18:23:51
14791,14792,19544,1671,1794,5,"Easy pickup, no problems.",2023-05-03 20:49:42
14795,14796,19550,1671,335,4,"Great rider, very polite.",2024-03-13 23:02:41
14799,14800,19556,878,1671,3,"Smooth ride, on time.",2023-12-01 00:26:54
14800,14801,19557,1671,1555,4,"Excellent service, will ride again.",2023-12-22 14:42:19
14803,14804,19559,1671,1826,3,"OK trip, nothing special.",2023-11-24 01:19:58
14804,14805,19562,1671,1044,3,Nothing to complain about.,2023-11-25 13:46:15
14805,14806,19562,1044,1671,2,"Smooth ride, on time.",2023-11-25 13:06:15
14806,14807,19563,1671,335,5,"Quick and efficient, thanks!",2023-10-24 21:47:16
14807,14808,19564,1671,1497,4,"Excellent service, will ride again.",2022-01-10 00:07:37
14808,14809,19565,1671,351,3,Average experience.,2022-03-14 02:22:29
14812,14813,19571,351,1671,2,Super friendly and helpful.,2022-03-30 14:38:38
14813,14814,19572,1671,1394,3,Average experience.,2023-04-12 19:57:24
14814,14815,19572,1394,1671,1,Very clean car.,2023-04-12 20:29:24
14815,14816,19574,1671,1841,4,Super friendly and helpful.,2022-12-28 02:00:46
14816,14817,19576,1671,1084,2,Took a longer route.,2024-01-22 13:48:35
14817,14818,19577,1671,1181,5,"Perfect trip, no issues.",2022-11-19 03:55:44
14818,14819,19578,1671,1181,4,"Smooth ride, on time.",2023-07-01 18:27:36
14822,14823,19582,434,1671,3,Super friendly and helpful.,2023-04-27 18:20:10
14823,14824,19583,1671,1356,4,Super friendly and helpful.,2024-02-10 07:08:08
14825,14826,19585,1671,1839,3,"OK trip, nothing special.",2023-04-05 08:17:23
14826,14827,19590,1671,1790,5,"Great driver, very professional!",2022-07-22 21:31:14
14827,14828,19591,1671,14,4,"Quick and efficient, thanks!",2022-03-18 02:07:51
14829,14830,19592,1671,1956,4,"Great rider, very polite.",2024-03-08 00:06:18
14830,14831,19592,1956,1671,4,"Smooth ride, on time.",2024-03-08 01:16:18
14831,14832,19593,24,1671,3,Very clean car.,2023-03-04 05:28:15
14833,14834,19594,125,1671,4,Very clean car.,2022-07-05 19:02:07
14834,14835,19595,1671,1987,4,"5 stars, highly recommend!",2023-06-14 02:45:14
14835,14836,19597,1671,742,4,Super friendly and helpful.,2023-03-06 18:13:05
14837,14838,19600,1671,996,5,"Great driver, very professional!",2023-08-25 13:20:19
14838,14839,19600,996,1671,4,"Great driver, very professional!",2023-08-25 14:09:19
14840,14841,19602,1111,1671,3,Super friendly and helpful.,2023-11-17 09:11:02
14841,14842,19603,1671,162,5,"Perfect trip, no issues.",2023-08-23 18:45:55
14843,14844,19608,1671,510,3,Fine driver.,2023-05-23 01:44:29
14845,14846,19610,1671,1324,4,Very clean car.,2022-11-26 18:20:00
14846,14847,19611,293,1671,2,Very clean car.,2023-10-26 19:14:32
14847,14848,19612,472,1671,3,"Smooth ride, on time.",2023-11-22 00:38:23
14850,14851,19616,1671,1243,5,"Great rider, very polite.",2023-03-03 08:13:40
14851,14852,19618,1671,645,5,Very clean car.,2023-05-22 00:17:42
14852,14853,19621,1671,485,5,"5 stars, highly recommend!",2022-08-20 02:05:15
14853,14854,19622,1671,1841,3,"OK trip, nothing special.",2022-12-23 14:35:21
14854,14855,19625,786,1765,3,Average experience.,2023-12-13 03:45:44
14856,14857,19627,659,1100,4,"Great rider, very polite.",2023-04-10 20:23:51
14857,14858,19627,1100,659,3,Super friendly and helpful.,2023-04-10 19:19:51
14858,14859,19628,659,1764,4,Car was spotless.,2022-02-22 14:44:28
14859,14860,19628,1764,659,3,"Excellent service, will ride again.",2022-02-22 16:40:28
14860,14861,19629,659,256,5,Very courteous driver.,2022-08-02 19:15:15
14861,14862,19630,659,908,3,Acceptable ride.,2023-09-24 13:48:01
14862,14863,19633,1095,833,5,Super friendly and helpful.,2023-03-03 04:03:05
14864,14865,19634,997,1095,3,"Great driver, very professional!",2023-04-10 16:58:17
14865,14866,19635,1095,1495,3,Nothing to complain about.,2022-11-10 07:23:54
14867,14868,19636,1095,1044,4,Car was spotless.,2024-05-01 09:18:02
14869,14870,19639,1095,957,3,Nothing to complain about.,2022-03-18 12:42:11
14870,14871,19639,957,1095,3,Super friendly and helpful.,2022-03-18 13:41:11
14872,14873,19641,1400,1095,2,Super friendly and helpful.,2023-05-07 23:31:22
14875,14876,19644,1198,1095,2,"Smooth ride, on time.",2023-11-12 06:49:36
14876,14877,19648,1095,932,4,"Great driver, very professional!",2023-11-04 06:27:24
14878,14879,19652,1095,929,3,Average experience.,2022-04-06 20:11:37
14879,14880,19652,929,1095,3,"Great driver, very professional!",2022-04-06 21:10:37
14880,14881,19653,1095,1547,4,Loved the music selection!,2024-03-29 11:17:12
14881,14882,19654,1732,1035,4,"5 stars, highly recommend!",2022-08-01 01:47:42
14882,14883,19655,1111,1732,3,"Excellent service, will ride again.",2022-10-17 16:22:30
14885,14886,19658,1991,1732,3,"Excellent service, will ride again.",2023-10-02 04:06:09
14887,14888,19660,1693,1732,4,"Excellent service, will ride again.",2022-08-04 05:17:47
14890,14891,19666,1732,1999,4,Car was spotless.,2023-05-20 21:36:48
14891,14892,19668,1732,1108,4,Very comfortable ride.,2024-01-10 14:49:43
14894,14895,19672,1853,1732,4,Super friendly and helpful.,2024-06-26 11:28:50
14896,14897,19674,1608,1732,2,"Smooth ride, on time.",2022-08-08 00:01:36
14897,14898,19675,1605,1732,3,Very clean car.,2022-07-13 03:01:39
14899,14900,19677,1732,593,4,"Excellent service, will ride again.",2024-05-30 02:56:05
14900,14901,19681,1732,121,4,"Smooth ride, on time.",2024-06-15 01:50:34
14902,14903,19682,1310,1732,4,"Great driver, very professional!",2023-06-10 18:54:24
14905,14906,19685,1732,766,2,Took too long.,2022-04-15 09:05:47
14907,14908,19687,1732,1955,5,Very comfortable ride.,2024-02-23 07:23:37
14909,14910,19690,765,1732,3,"Excellent service, will ride again.",2023-06-12 22:52:45
14910,14911,19691,1732,834,4,Very courteous driver.,2022-02-05 04:29:34
14912,14913,19694,1732,1197,4,"Perfect trip, no issues.",2023-11-15 13:06:08
14914,14915,19698,1732,1606,4,"Perfect trip, no issues.",2022-02-14 01:44:32
14918,14919,19704,1812,1732,3,"Excellent service, will ride again.",2022-07-19 19:14:50
14921,14922,19709,136,1732,3,"Great driver, very professional!",2022-06-25 04:56:58
14922,14923,19710,1350,1732,3,Super friendly and helpful.,2022-03-20 04:59:14
14924,14925,19713,117,1732,3,"Smooth ride, on time.",2023-10-26 05:19:28
14929,14930,19721,1732,142,4,Loved the music selection!,2023-12-06 20:42:19
14930,14931,19723,1732,553,3,"OK trip, nothing special.",2023-01-05 02:24:45
14931,14932,19724,1732,162,3,Got there safely.,2023-06-22 18:40:25
14932,14933,19726,1732,1041,4,Very comfortable ride.,2023-10-20 20:33:51
14933,14934,19727,1732,1060,3,Average experience.,2023-10-25 09:20:26
14934,14935,19727,1060,1732,3,"Great driver, very professional!",2023-10-25 09:16:26
14937,14938,19734,1732,726,2,Driver was late.,2023-05-20 03:11:45
14938,14939,19734,726,1732,3,Very clean car.,2023-05-20 03:16:45
14940,14941,19735,132,1732,5,"Great driver, very professional!",2024-01-14 23:47:57
14941,14942,19736,1732,271,3,Acceptable ride.,2023-05-30 20:25:23
14943,14944,19738,1732,1336,4,Loved the music selection!,2023-04-04 04:32:47
14946,14947,19743,1732,539,4,"Excellent service, will ride again.",2022-08-23 21:05:41
14947,14948,19743,539,1732,3,"Great driver, very professional!",2022-08-23 21:01:41
14951,14952,19747,338,79,4,"Great driver, very professional!",2023-04-24 16:38:48
14953,14954,19749,691,458,2,Not very clean.,2024-05-29 00:43:17
14954,14955,19750,691,728,5,"5 stars, highly recommend!",2024-02-24 15:25:48
14955,14956,19750,728,691,4,"Great driver, very professional!",2024-02-24 14:01:48
14957,14958,19753,1373,691,3,Very clean car.,2023-03-22 21:25:53
14961,14962,19760,1410,691,5,Super friendly and helpful.,2024-05-25 22:13:03
14962,14963,19763,691,1011,3,Trip was okay.,2023-11-27 01:15:33
14964,14965,19767,1087,691,4,"Great driver, very professional!",2023-02-11 01:36:11
14965,14966,19768,691,448,4,"5 stars, highly recommend!",2022-06-09 21:50:59
14966,14967,19768,448,691,5,"Smooth ride, on time.",2022-06-09 23:35:59
14969,14970,19770,691,1881,5,Fast and safe driver.,2022-06-24 01:27:01
14970,14971,19770,1881,691,4,Very clean car.,2022-06-24 01:18:01
14971,14972,19775,691,833,3,Decent experience.,2023-10-03 23:49:00
14972,14973,19776,691,1781,3,Acceptable ride.,2022-04-15 13:51:24
14973,14974,19776,1781,691,3,"Smooth ride, on time.",2022-04-15 12:52:24
14977,14978,19782,1310,691,3,"Smooth ride, on time.",2022-03-30 07:22:36
14978,14979,19783,691,932,4,"Quick and efficient, thanks!",2023-11-21 11:18:03
14979,14980,19785,1088,691,4,Super friendly and helpful.,2024-03-21 10:13:53
14983,14984,19791,691,1281,2,Had trouble finding the pickup spot.,2024-05-01 23:18:04
14984,14985,19792,389,691,4,Super friendly and helpful.,2023-12-31 03:32:20
14985,14986,19794,691,1301,4,Car was spotless.,2023-04-10 04:26:40
14987,14988,19796,1400,691,3,"Great driver, very professional!",2023-05-26 09:45:29
14991,14992,19802,691,782,4,"Great rider, very polite.",2022-11-11 22:54:12
14992,14993,19803,1555,691,3,"Great driver, very professional!",2023-12-20 03:10:46
14994,14995,19809,691,1482,3,Average experience.,2024-06-15 21:31:56
14995,14996,19809,1482,691,3,Very clean car.,2024-06-15 21:04:56
14996,14997,19813,1828,923,3,Very clean car.,2023-08-08 19:24:51
14998,14999,19814,1853,656,3,"Smooth ride, on time.",2023-05-05 16:24:11
15000,15001,19817,867,656,4,"Excellent service, will ride again.",2024-04-03 14:19:55
15003,15004,19821,1965,656,3,"Excellent service, will ride again.",2022-07-26 15:09:25
15004,15005,19822,1569,656,3,"Great driver, very professional!",2022-10-26 15:02:25
15005,15006,19823,656,1968,4,"Perfect trip, no issues.",2024-02-16 23:48:56
15006,15007,19823,1968,656,3,Very clean car.,2024-02-17 01:11:56
15007,15008,19824,656,643,3,Decent experience.,2022-12-20 03:00:14
15009,15010,19827,199,656,5,Very clean car.,2022-08-05 10:14:10
15010,15011,19828,656,1555,4,Very comfortable ride.,2022-08-13 04:23:53
15011,15012,19830,656,1941,3,Average experience.,2023-04-23 16:01:22
15013,15014,19833,656,997,5,Loved the music selection!,2023-02-26 00:06:24
15014,15015,19838,831,1713,3,Acceptable ride.,2023-12-13 19:34:48
15015,15016,19839,831,1948,3,Nothing to complain about.,2023-10-02 22:30:23
15018,15019,19842,831,256,3,"OK trip, nothing special.",2022-07-15 18:53:05
15019,15020,19849,831,1141,3,Fine driver.,2024-02-08 07:48:44
15020,15021,19850,831,1355,3,Nothing to complain about.,2024-02-22 04:34:56
15021,15022,19850,1355,831,3,Very clean car.,2024-02-22 05:52:56
15022,15023,19853,1413,831,4,Very clean car.,2022-09-07 23:33:50
15025,15026,19855,31,831,3,"Excellent service, will ride again.",2023-05-28 18:03:52
15027,15028,19857,831,608,3,Fine driver.,2024-01-11 21:48:09
15028,15029,19857,608,831,3,"Smooth ride, on time.",2024-01-11 22:33:09
15029,15030,19858,1336,831,3,Very clean car.,2023-10-10 17:14:36
15031,15032,19859,1397,831,4,"Great driver, very professional!",2022-07-15 04:02:32
15033,15034,19862,831,544,4,Car was spotless.,2023-09-21 08:55:27
15035,15036,19865,831,1812,5,"Great driver, very professional!",2023-12-25 15:07:40
15036,15037,19866,1999,831,4,Super friendly and helpful.,2024-06-07 19:33:28
15038,15039,19868,932,831,3,Very clean car.,2022-04-26 18:39:54
15040,15041,19873,831,1955,4,Fast and safe driver.,2023-04-18 15:48:35
15041,15042,19875,831,1105,4,Very clean car.,2022-07-17 11:34:17
15045,15046,19883,831,469,3,Decent experience.,2022-11-06 07:43:52
15048,15049,19889,818,831,4,Super friendly and helpful.,2023-03-26 06:46:13
15050,15051,19893,1403,831,3,"Excellent service, will ride again.",2022-02-11 02:00:27
15052,15053,19895,831,1397,3,Fine driver.,2024-03-23 18:35:27
15053,15054,19895,1397,831,3,Super friendly and helpful.,2024-03-23 18:30:27
15054,15055,19896,831,1605,4,"5 stars, highly recommend!",2022-10-08 21:34:22
15055,15056,19897,831,1562,4,Fast and safe driver.,2022-10-25 07:04:15
15061,15062,19905,831,677,3,Decent experience.,2023-01-12 11:38:13
15064,15065,19910,831,1987,3,Acceptable ride.,2022-10-14 10:08:27
15065,15066,19910,1987,831,3,Super friendly and helpful.,2022-10-14 12:01:27
15066,15067,19917,1775,831,2,"Smooth ride, on time.",2023-05-08 21:42:46
15068,15069,19920,831,1981,5,"Excellent service, will ride again.",2023-10-13 22:37:03
15069,15070,19921,831,139,5,Very clean car.,2022-01-15 13:37:12
15071,15072,19922,831,104,4,"Quick and efficient, thanks!",2022-10-23 08:12:33
15074,15075,19924,1509,831,3,"Smooth ride, on time.",2022-08-30 12:41:18
15076,15077,19925,564,831,4,"Great driver, very professional!",2023-02-24 17:26:19
15078,15079,19926,1243,1283,4,"Excellent service, will ride again.",2022-03-28 10:07:11
15080,15081,19927,1981,1283,4,Super friendly and helpful.,2023-10-18 16:12:03
15081,15082,19928,1283,977,3,Trip was okay.,2023-04-13 03:26:08
15082,15083,19929,1283,1352,4,"Great rider, very polite.",2022-08-23 00:19:06
15083,15084,19931,1283,1141,3,Nothing to complain about.,2023-02-08 12:28:47
15084,15085,19933,1283,1371,4,"Great rider, very polite.",2023-06-03 21:14:55
15085,15086,19934,142,1283,3,"Smooth ride, on time.",2024-02-29 09:59:02
15087,15088,19939,1283,271,5,"5 stars, highly recommend!",2023-12-24 16:50:38
15088,15089,19939,271,1283,5,"Excellent service, will ride again.",2023-12-24 16:30:38
15089,15090,19940,1283,898,4,Fast and safe driver.,2023-06-08 02:51:48
15090,15091,19941,1283,705,5,"5 stars, highly recommend!",2022-03-30 17:17:19
15091,15092,19942,1283,115,4,Car was spotless.,2023-07-26 23:18:14
15092,15093,19944,1283,1736,4,Very courteous driver.,2024-05-31 13:38:46
15093,15094,19944,1736,1283,4,Very clean car.,2024-05-31 15:19:46
15094,15095,19945,1283,1134,2,Driver was late.,2023-04-14 01:49:41
15095,15096,19947,1283,571,5,"Smooth ride, on time.",2024-05-15 18:38:54
15096,15097,19949,1283,1309,3,Nothing to complain about.,2022-03-22 05:19:47
15097,15098,19951,1283,601,4,"Easy pickup, no problems.",2022-04-16 08:14:59
15099,15100,19952,1283,1380,5,"Great rider, very polite.",2022-04-04 06:15:43
15100,15101,19955,607,335,3,Trip was okay.,2024-05-26 20:53:54
15101,15102,19959,607,1561,4,Loved the music selection!,2022-01-10 17:21:55
15102,15103,19959,1561,607,3,Very clean car.,2022-01-10 19:23:55
15105,15106,19965,607,502,4,Very comfortable ride.,2022-05-26 00:07:33
15106,15107,19966,811,607,3,"Great driver, very professional!",2022-02-07 21:33:59
15108,15109,19968,607,1443,2,Car smelled bad.,2022-05-29 00:24:13
15110,15111,19970,553,607,3,"Smooth ride, on time.",2022-06-23 00:00:57
15111,15112,19971,607,1001,4,"Easy pickup, no problems.",2024-01-19 11:06:01
15112,15113,19972,643,607,3,Very clean car.,2024-05-05 22:35:44
15116,15117,19978,868,607,2,Super friendly and helpful.,2023-07-01 19:54:57
15118,15119,19980,607,1937,4,"Easy pickup, no problems.",2023-04-04 08:48:25
15119,15120,19981,607,132,4,Very comfortable ride.,2022-02-17 21:32:06
15122,15123,19984,1495,607,4,Very clean car.,2023-10-27 23:06:57
15125,15126,19987,1206,607,4,Super friendly and helpful.,2023-01-06 14:58:32
15126,15127,19988,607,488,3,Fine driver.,2024-02-15 00:57:36
15127,15128,19988,488,607,3,Super friendly and helpful.,2024-02-15 01:45:36
15128,15129,19989,607,1243,5,"Perfect trip, no issues.",2024-03-17 03:19:57
15130,15131,19994,818,607,2,"Great driver, very professional!",2024-02-16 12:30:37
15131,15132,19995,1917,1709,4,"Quick and efficient, thanks!",2023-02-24 08:35:14
15133,15134,19996,1780,201,5,"Great rider, very polite.",2024-06-05 08:26:15
15134,15135,19997,327,1780,3,Super friendly and helpful.,2022-04-14 09:07:13
