,rider_id,user_id,rating,total_trips,created_at,name,email,phone,city,date_joined,is_driver
0,1,1958,4.66,1,2020-09-13 01:52:12,Catherine Perez,catherine.perez@protonmail.com,+1-599-361-7601,New York,2022-09-15,0
1,2,373,3.76,2,2019-11-03 13:23:24,Diane Peterson,diane.peterson@icloud.com,+1-794-804-4621,Houston,2021-02-05,0
2,3,680,3.03,8,2020-01-23 08:54:39,Stephen Parker,stephen.parker@icloud.com,+1-574-726-5514,Houston,2023-03-27,0
3,4,1190,3.31,1,2019-11-06 23:53:19,Timothy Lee,timothy.lee@protonmail.com,+1-499-825-8233,Houston,2023-02-09,0
4,5,1970,3.71,36,2023-09-17 01:02:59,Scott James,scott.james@hotmail.com,+1-628-520-4094,New York,2022-06-21,0
5,6,619,3.44,9,2023-10-01 12:03:44,Christine Cooper,christine.cooper@hotmail.com,+1-774-943-1144,New York,2022-10-01,0
6,7,1617,4.36,15,2024-05-17 22:17:03,Donald James,donald.james@yahoo.com,+1-504-298-9772,Chicago,2023-01-27,0
7,8,1817,4.92,2,2019-10-06 12:05:05,Sharon Cook,sharon.cook@outlook.com,+1-288-985-3241,Los Angeles,2023-02-07,0
8,9,475,4.93,3,2023-03-12 16:22:52,Amanda Ward,amanda.ward@yahoo.com,+1-363-202-5060,Chicago,2020-06-29,0
9,10,679,4.33,3,2024-05-12 04:06:12,Susan Martin,susan.martin@hotmail.com,+1-867-699-5155,Los Angeles,2023-10-17,0
10,11,1127,3.87,1,2021-03-25 10:27:12,Anthony Diaz,anthony.diaz@yahoo.com,+1-489-844-4102,Houston,2020-01-05,0
11,12,1500,4.07,12,2021-03-13 10:03:20,Larry Taylor,larry.taylor@outlook.com,+1-569-859-6920,Los Angeles,2020-05-02,0
12,13,212,4.56,1,2023-01-26 13:47:03,Angela Howard,angela.howard@yahoo.com,+1-935-247-5772,Houston,2019-01-04,0
13,14,421,3.4,25,2022-10-07 03:51:26,Margaret Lopez,margaret.lopez@gmail.com,+1-343-870-3017,Houston,2020-12-20,0
14,15,1409,4.51,1,2020-02-12 01:52:03,Lisa Reyes,lisa.reyes@protonmail.com,+1-291-208-8125,New York,2019-11-25,0
15,16,551,3.29,12,2020-11-04 05:38:50,Sharon Bennett,sharon.bennett@hotmail.com,+1-613-539-8821,Houston,2019-01-10,0
16,17,455,4.96,3,2020-04-19 15:04:42,Kevin Phillips,kevin.phillips@protonmail.com,+1-953-434-6211,Houston,2020-07-10,0
17,18,907,3.28,14,2020-05-16 09:47:55,Anna Smith,anna.smith@icloud.com,+1-710-967-4878,Los Angeles,2021-04-21,0
18,19,1568,4.84,1,2023-04-29 09:56:25,Karen Price,karen.price@hotmail.com,+1-280-740-2528,Chicago,2023-12-17,0
19,20,309,3.03,11,2019-11-26 17:40:08,George Thomas,george.thomas@yahoo.com,+1-750-502-9664,Chicago,2023-01-30,0
20,21,1056,4.51,17,2021-06-26 07:51:04,Timothy Foster,timothy.foster@outlook.com,+1-770-839-1665,New York,2020-11-02,0
21,22,308,3.51,11,2020-04-23 08:44:09,Ronald Stewart,ronald.stewart@hotmail.com,+1-584-182-9835,Chicago,2022-08-31,0
22,23,310,3.69,2,2023-10-25 17:30:05,Mark Smith,mark.smith@gmail.com,+1-505-574-9920,Houston,2021-12-25,0
23,24,507,3.31,1,2024-05-15 11:46:12,Emma Turner,emma.turner@icloud.com,+1-432-666-1999,Houston,2023-08-04,0
24,25,610,4.72,1,2020-07-09 00:13:49,Christine Edwards,christine.edwards@yahoo.com,+1-848-821-7025,Chicago,2023-05-09,0
25,26,1697,4.47,12,2022-01-04 00:41:19,Richard King,richard.king@outlook.com,+1-811-418-3839,Houston,2022-10-22,0
26,27,409,3.81,1,2022-03-17 09:09:59,Pamela Taylor,pamela.taylor@icloud.com,+1-696-907-6631,New York,2019-04-05,0
27,28,1270,3.37,14,2024-04-03 20:22:53,Susan Nguyen,susan.nguyen@yahoo.com,+1-548-952-1891,Los Angeles,2021-11-30,0
28,29,1946,4.99,3,2021-11-14 16:20:50,Barbara Adams,barbara.adams@outlook.com,+1-239-250-2656,Houston,2021-11-15,0
29,30,1021,3.42,13,2019-06-03 04:44:26,Charles Sanders,charles.sanders@hotmail.com,+1-578-495-7108,New York,2020-08-05,0
30,31,391,4.8,5,2021-01-22 14:57:34,Amanda Johnson,amanda.johnson@hotmail.com,+1-339-299-7290,Houston,2021-04-17,0
31,32,1062,4.67,4,2024-05-28 05:13:21,Betty Baker,betty.baker@yahoo.com,+1-809-964-7623,New York,2020-04-21,0
32,33,482,4.58,4,2023-01-27 13:03:16,Charles Cox,charles.cox@protonmail.com,+1-345-892-2817,Los Angeles,2024-05-21,0
33,34,851,4.73,1,2021-01-30 01:50:12,Jessica Myers,jessica.myers@outlook.com,+1-537-639-7779,Chicago,2022-11-26,0
34,35,381,3.13,2,2019-12-23 11:39:43,Gregory Collins,gregory.collins@hotmail.com,+1-229-855-4232,Houston,2022-04-27,0
35,36,1553,4.06,5,2021-04-23 16:41:05,Carol Edwards,carol.edwards@protonmail.com,+1-911-113-5698,New York,2019-11-16,0
36,37,1929,3.79,18,2023-03-08 21:29:56,Joshua Collins,joshua.collins@gmail.com,+1-547-493-3947,Houston,2019-11-05,0
37,38,417,3.55,16,2021-01-04 04:54:21,Sandra Roberts,sandra.roberts@gmail.com,+1-948-925-2678,New York,2020-10-03,0
38,39,651,3.01,8,2021-09-06 11:08:23,Eric Morgan,eric.morgan@gmail.com,+1-606-472-9227,New York,2022-09-19,0
39,40,1592,3.46,4,2023-10-03 09:53:47,Brandon Sanchez,brandon.sanchez@gmail.com,+1-940-783-3369,Los Angeles,2022-09-22,0
40,41,627,4.9,3,2020-01-15 02:49:04,Barbara Miller,barbara.miller@yahoo.com,+1-457-671-2154,Chicago,2024-02-09,0
41,42,1923,4.31,1,2021-10-03 12:07:27,Gary Cruz,gary.cruz@hotmail.com,+1-674-823-4977,New York,2021-03-04,0
42,43,217,3.3,1,2019-08-11 21:06:20,Jennifer Rivera,jennifer.rivera@icloud.com,+1-546-933-3868,Houston,2022-11-25,0
43,44,1149,3.44,1,2022-04-12 07:01:49,Michael Gray,michael.gray@outlook.com,+1-530-917-1909,New York,2022-01-25,0
44,45,1330,3.35,0,2019-06-28 02:58:40,Maria Price,maria.price@hotmail.com,+1-482-306-1121,Chicago,2021-07-01,0
45,46,913,4.02,1,2021-06-10 03:07:53,Gary Howard,gary.howard@protonmail.com,+1-539-531-6782,Los Angeles,2020-08-15,0
46,47,1290,4.33,18,2020-12-13 05:16:08,Emily Edwards,emily.edwards@yahoo.com,+1-846-699-6896,New York,2024-06-20,0
47,48,1694,4.14,7,2023-01-11 04:42:04,Sarah Hall,sarah.hall1@outlook.com,+1-714-781-3540,New York,2022-12-31,0
48,49,138,4.31,2,2022-04-14 14:55:10,Jason Scott,jason.scott@gmail.com,+1-906-479-4559,Houston,2021-06-29,0
49,50,1546,3.13,1,2021-05-10 03:20:47,Gary Moore,gary.moore@gmail.com,+1-261-457-6912,Chicago,2020-08-26,0
50,51,108,4.58,1,2019-05-20 21:53:54,Rachel Martin,rachel.martin@hotmail.com,+1-237-229-9229,Los Angeles,2023-11-17,0
51,52,536,3.72,3,2021-02-20 03:45:37,Carol Scott,carol.scott@protonmail.com,+1-532-982-5536,Los Angeles,2022-09-05,0
52,53,1429,4.14,1,2020-06-25 11:15:02,Charles Clark,charles.clark@yahoo.com,+1-966-300-1149,Los Angeles,2023-01-26,0
53,54,1164,4.87,16,2019-07-29 01:42:50,Dorothy Baker,dorothy.baker@yahoo.com,+1-416-289-2281,Los Angeles,2023-11-21,0
54,55,1257,3.74,19,2022-08-23 02:52:15,Benjamin Brooks,benjamin.brooks@outlook.com,+1-935-326-4838,Houston,2024-06-04,0
55,56,1066,4.95,1,2021-04-11 14:46:56,Sarah Brown,sarah.brown@gmail.com,+1-955-154-2117,Houston,2022-10-20,0
56,57,1990,3.14,1,2023-10-26 04:54:10,Emily Martin,emily.martin@protonmail.com,+1-911-231-3400,Los Angeles,2023-10-26,0
57,58,1720,4.53,3,2021-11-29 05:50:27,Raymond James,raymond.james@protonmail.com,+1-834-555-1698,Los Angeles,2024-05-25,0
58,59,73,3.66,1,2021-04-23 21:23:40,Matthew Nguyen,matthew.nguyen@yahoo.com,+1-569-283-5952,New York,2022-12-21,0
59,60,702,3.03,20,2019-10-11 17:36:34,Diane Price,diane.price@yahoo.com,+1-710-854-4271,Chicago,2023-02-15,0
60,61,872,4.15,6,2022-03-14 02:44:49,Maria Peterson,maria.peterson@gmail.com,+1-204-418-1721,New York,2020-11-13,0
61,62,1269,4.18,4,2020-10-19 04:04:17,Kathleen Collins,kathleen.collins1@gmail.com,+1-806-916-6477,Los Angeles,2020-05-21,0
62,63,170,4.18,0,2022-11-01 18:30:16,Edward Diaz,edward.diaz@gmail.com,+1-207-309-5938,Chicago,2023-04-21,0
63,64,1909,4.09,4,2022-01-16 11:58:29,Gregory Brooks,gregory.brooks@yahoo.com,+1-686-243-8655,Los Angeles,2021-02-01,0
64,65,622,4.61,4,2019-07-07 00:41:51,Jonathan Mitchell,jonathan.mitchell@icloud.com,+1-720-556-8975,New York,2020-08-30,0
65,66,1549,3.95,10,2019-01-02 15:21:56,Patricia Long,patricia.long@hotmail.com,+1-580-155-2736,New York,2021-09-03,0
66,67,1186,4.62,89,2019-02-26 10:07:11,Mark Rivera,mark.rivera@outlook.com,+1-548-903-6820,New York,2023-04-27,0
67,68,738,3.51,44,2022-09-12 05:53:06,James Bell,james.bell@outlook.com,+1-393-521-8161,Houston,2020-05-26,0
68,69,1924,4.95,16,2019-02-16 07:41:26,Thomas Green,thomas.green1@yahoo.com,+1-609-891-6359,Los Angeles,2023-08-06,0
69,70,902,3.14,1,2023-03-22 10:09:53,Matthew Gomez,matthew.gomez@hotmail.com,+1-568-960-7835,Chicago,2020-08-13,0
70,71,264,3.19,67,2019-10-07 00:22:31,Maria Nelson,maria.nelson@hotmail.com,+1-731-567-3440,Chicago,2020-11-02,0
71,72,1635,3.3,1,2019-08-16 17:01:05,Angela Allen,angela.allen@icloud.com,+1-619-400-9691,Los Angeles,2021-03-26,0
72,73,756,4.88,22,2023-11-11 19:37:06,Jennifer Ward,jennifer.ward@protonmail.com,+1-686-804-3539,Los Angeles,2023-04-28,0
73,74,567,3.49,1,2022-08-28 22:51:37,Elizabeth Anderson,elizabeth.anderson@icloud.com,+1-885-605-3443,New York,2023-05-16,0
74,75,359,4.81,1,2024-04-11 05:14:00,William Perez,william.perez@hotmail.com,+1-482-531-5911,Houston,2023-05-22,0
75,76,1784,3.81,14,2023-07-11 19:19:34,Michelle Howard,michelle.howard@outlook.com,+1-897-525-2169,Houston,2023-11-29,0
76,77,35,4.13,15,2022-11-11 05:28:37,Ashley Jackson,ashley.jackson@protonmail.com,+1-904-105-2746,Houston,2020-03-24,0
77,78,820,3.81,1,2023-10-26 17:26:56,Jason Hill,jason.hill@hotmail.com,+1-963-941-5485,Chicago,2023-05-15,0
78,79,1122,4.91,25,2023-01-14 10:14:26,Elizabeth Morris,elizabeth.morris@yahoo.com,+1-468-818-3764,New York,2021-04-01,0
79,80,1118,3.43,6,2020-05-27 13:19:47,David Anderson,david.anderson@yahoo.com,+1-455-628-3131,Houston,2023-06-12,0
80,81,48,3.85,4,2023-02-12 08:09:56,Stephen Brown,stephen.brown@hotmail.com,+1-806-677-1444,New York,2022-08-09,0
81,82,1627,3.46,1,2024-02-14 04:03:26,Angela Martin,angela.martin@yahoo.com,+1-573-217-4554,New York,2020-11-01,0
82,83,1024,4.97,15,2020-07-29 22:30:31,Rebecca Moore,rebecca.moore@icloud.com,+1-812-188-3353,Chicago,2020-09-13,0
83,84,1034,3.26,8,2022-04-24 20:01:30,Cynthia Myers,cynthia.myers@yahoo.com,+1-565-267-1866,Los Angeles,2021-01-09,0
84,85,1007,4.35,2,2019-03-29 23:34:15,Melissa Torres,melissa.torres@gmail.com,+1-351-461-5659,Houston,2024-05-12,0
85,86,1719,3.92,67,2021-11-19 14:32:15,Andrew Flores,andrew.flores@gmail.com,+1-777-498-1180,Los Angeles,2019-03-11,0
86,87,616,4.39,3,2023-07-06 22:49:26,Patrick Green,patrick.green@icloud.com,+1-425-288-9529,New York,2023-05-30,0
87,88,618,4.07,1,2023-01-16 06:04:26,Mark Ramirez,mark.ramirez@protonmail.com,+1-539-439-6911,Los Angeles,2020-03-23,0
88,89,1957,4.3,39,2022-07-30 00:03:35,Kevin Hall,kevin.hall1@hotmail.com,+1-355-573-9175,Chicago,2021-12-26,0
89,90,1273,3.7,1,2024-06-03 08:10:18,Thomas Davis,thomas.davis@hotmail.com,+1-256-408-8075,New York,2019-07-28,0
90,91,972,4.87,4,2024-05-14 08:10:30,Joseph Martinez,joseph.martinez@yahoo.com,+1-938-555-6340,Houston,2020-02-12,0
91,92,952,4.37,1,2021-08-17 07:21:54,Margaret James,margaret.james@protonmail.com,+1-735-569-9791,Chicago,2023-02-26,0
92,93,22,3.41,1,2024-02-16 06:26:52,Patricia Anderson,patricia.anderson@outlook.com,+1-382-694-5349,New York,2019-08-11,0
93,94,1351,3.18,3,2022-04-02 13:13:37,Susan Adams,susan.adams@outlook.com,+1-775-741-4105,Chicago,2024-03-28,0
94,95,828,3.66,2,2020-08-08 06:20:25,Benjamin Sullivan,benjamin.sullivan@icloud.com,+1-808-649-9605,New York,2021-12-02,0
95,96,561,3.06,5,2023-05-12 06:20:11,Larry Allen,larry.allen@hotmail.com,+1-918-256-4366,New York,2020-09-08,0
96,97,303,4.34,2,2023-12-02 11:05:22,Angela Stewart,angela.stewart@gmail.com,+1-664-235-9409,Houston,2021-07-24,0
97,98,499,4.27,1,2020-07-18 11:42:51,Catherine Bell,catherine.bell@protonmail.com,+1-947-653-5346,Los Angeles,2020-09-01,0
98,99,424,3.47,61,2020-03-25 15:58:45,Jonathan Richardson,jonathan.richardson@icloud.com,+1-393-865-7418,Los Angeles,2022-08-16,0
99,100,546,3.09,1,2020-01-12 02:14:43,Matthew Rogers,matthew.rogers@gmail.com,+1-897-490-9680,Los Angeles,2021-04-26,0
100,101,1078,4.17,4,2021-12-29 12:59:50,Jack Ward,jack.ward@gmail.com,+1-983-740-6591,Houston,2019-07-19,0
101,102,1364,4.68,22,2021-12-20 15:11:16,Patricia Robinson,patricia.robinson@protonmail.com,+1-539-450-4969,Chicago,2022-01-09,0
102,103,525,3.97,1,2022-03-20 19:51:30,Robert Flores,robert.flores@gmail.com,+1-569-821-4262,Los Angeles,2021-01-24,0
103,104,1285,3.54,1,2021-05-28 14:13:22,Alexander Nelson,alexander.nelson@icloud.com,+1-779-443-5909,Houston,2020-11-04,0
104,105,654,4.13,1,2022-11-18 00:53:37,Amanda Garcia,amanda.garcia@yahoo.com,+1-979-599-4796,New York,2020-06-25,0
105,106,437,4.6,15,2021-06-01 15:27:54,Jessica Brown,jessica.brown@outlook.com,+1-639-378-9582,New York,2020-06-22,0
106,107,773,3.96,1,2019-06-05 03:55:14,Patrick Davis,patrick.davis@icloud.com,+1-472-641-1666,New York,2023-09-05,0
107,108,1613,3.0,4,2022-07-31 13:57:39,Jessica Brooks,jessica.brooks@icloud.com,+1-601-963-5263,Chicago,2024-04-26,0
108,109,342,4.94,1,2022-12-13 10:16:20,Stephanie Carter,stephanie.carter@hotmail.com,+1-765-587-1919,New York,2022-12-10,0
109,110,1436,3.79,1,2021-08-18 14:38:26,Jessica Anderson,jessica.anderson@gmail.com,+1-324-600-9351,Chicago,2019-02-17,0
110,111,1516,4.09,3,2022-09-14 07:13:16,David Foster,david.foster@icloud.com,+1-470-839-3189,Houston,2024-01-14,0
111,112,1432,3.99,2,2021-07-14 01:23:33,Angela James,angela.james@outlook.com,+1-807-544-3434,Houston,2020-05-16,0
112,113,751,4.14,3,2024-01-17 15:41:12,Carolyn Clark,carolyn.clark@hotmail.com,+1-598-797-6113,Los Angeles,2019-11-21,0
113,114,958,3.9,2,2021-08-19 14:42:00,Janet Howard,janet.howard@icloud.com,+1-340-429-4493,New York,2022-04-29,0
114,115,1059,4.77,1,2019-10-04 14:19:32,Frank Mitchell,frank.mitchell@yahoo.com,+1-213-790-9055,New York,2021-03-22,0
115,116,1770,3.84,37,2020-09-17 10:29:05,Pamela Ross,pamela.ross@icloud.com,+1-987-631-5261,Chicago,2024-05-20,0
116,117,317,3.77,3,2021-12-15 19:51:27,Linda Gomez,linda.gomez@icloud.com,+1-952-279-7999,Houston,2019-04-07,0
117,118,344,3.85,3,2019-04-15 22:25:32,Shirley Garcia,shirley.garcia@yahoo.com,+1-416-988-8790,Los Angeles,2019-04-06,0
118,119,901,3.51,12,2021-10-24 05:15:06,Ronald Collins,ronald.collins@icloud.com,+1-416-778-3841,Houston,2019-10-12,0
119,120,1681,3.07,18,2022-06-17 14:12:02,Jack Hall,jack.hall@icloud.com,+1-463-779-8970,Los Angeles,2021-01-16,0
120,121,1665,3.49,6,2021-09-04 20:19:19,Dorothy Thomas,dorothy.thomas@icloud.com,+1-286-462-8069,Chicago,2019-11-05,0
121,122,45,4.4,1,2023-01-01 01:06:36,Amanda Hill,amanda.hill@hotmail.com,+1-629-651-9947,Chicago,2021-09-26,0
122,123,1944,3.4,69,2024-01-04 12:49:50,Stephen Gonzalez,stephen.gonzalez@yahoo.com,+1-944-248-9084,Houston,2024-01-03,0
123,124,1079,4.48,2,2021-04-26 07:35:12,Jeffrey Hall,jeffrey.hall@outlook.com,+1-621-459-1924,Chicago,2020-05-22,0
124,125,74,4.13,39,2024-03-30 06:29:33,Stephen Taylor,stephen.taylor@outlook.com,+1-246-155-5786,Chicago,2022-07-30,0
125,126,799,3.37,0,2022-12-13 20:24:08,George Wood,george.wood@hotmail.com,+1-838-249-8216,New York,2024-03-07,0
126,127,1682,3.88,3,2019-12-08 11:28:49,Jacob Johnson,jacob.johnson@outlook.com,+1-508-827-6467,Houston,2019-08-19,0
127,128,1137,4.77,1,2023-10-23 17:42:50,Timothy Collins,timothy.collins@outlook.com,+1-469-727-5321,Los Angeles,2021-06-11,0
128,129,294,4.3,9,2020-03-02 17:47:44,Dorothy Roberts,dorothy.roberts@yahoo.com,+1-657-871-5374,Los Angeles,2020-09-10,0
129,130,1888,4.14,3,2022-03-27 02:33:18,Gary Sullivan,gary.sullivan@protonmail.com,+1-968-658-2702,New York,2021-01-26,0
130,131,1169,3.45,2,2020-10-01 16:10:14,Patricia Clark,patricia.clark@hotmail.com,+1-864-248-4961,Houston,2023-09-21,0
131,132,1679,3.1,0,2022-02-26 12:54:40,Jennifer Williams,jennifer.williams@icloud.com,+1-896-397-4740,Chicago,2023-03-27,0
132,133,1791,4.19,4,2019-01-25 17:19:09,Heather Thomas,heather.thomas@icloud.com,+1-252-721-8738,Houston,2020-10-11,0
133,134,1753,3.36,2,2021-12-22 16:20:13,Mary Robinson,mary.robinson@hotmail.com,+1-965-870-9785,New York,2023-07-01,0
134,135,1057,3.22,1,2023-07-02 14:18:25,Amy Anderson,amy.anderson@hotmail.com,+1-490-567-6111,Houston,2020-04-07,0
135,136,836,3.32,21,2022-07-08 18:41:37,Steven Adams,steven.adams@protonmail.com,+1-864-828-3686,New York,2019-07-06,0
136,137,1392,4.35,3,2022-08-18 07:06:00,Linda Sullivan,linda.sullivan@yahoo.com,+1-977-296-5249,Houston,2021-06-21,0
137,138,644,3.6,5,2019-09-01 11:10:42,Jack Gray,jack.gray@hotmail.com,+1-483-960-6889,Chicago,2022-10-23,0
138,139,603,4.71,1,2024-03-22 21:14:13,Kathleen Ward,kathleen.ward@icloud.com,+1-883-827-7839,Los Angeles,2023-12-03,0
139,140,1322,3.58,1,2023-06-18 15:03:56,Edward Rodriguez,edward.rodriguez@icloud.com,+1-595-292-8778,New York,2020-11-04,0
140,141,1008,4.24,1,2023-10-05 14:08:15,Lisa Watson,lisa.watson@yahoo.com,+1-928-648-5673,Chicago,2024-06-16,0
141,142,613,4.68,21,2021-11-08 01:10:34,Brenda King,brenda.king@yahoo.com,+1-364-698-5178,New York,2020-11-07,0
142,143,1857,4.22,2,2021-12-19 07:32:07,James Wright,james.wright@protonmail.com,+1-414-873-9007,Houston,2020-10-03,0
143,144,780,4.85,1,2022-07-10 02:09:47,Donald Kelly,donald.kelly@icloud.com,+1-419-484-5162,Los Angeles,2024-05-23,0
144,145,1652,4.31,1,2021-02-09 13:14:25,Jennifer Anderson,jennifer.anderson@gmail.com,+1-511-176-5320,Los Angeles,2022-11-09,0
145,146,1804,3.6,12,2021-10-23 12:58:28,Laura Turner,laura.turner@protonmail.com,+1-660-858-8138,Los Angeles,2023-04-01,0
146,147,1711,4.51,0,2021-06-26 17:01:11,William Smith,william.smith@yahoo.com,+1-818-223-9516,New York,2020-05-21,0
147,148,266,4.49,1,2021-08-13 00:46:31,Angela Reed,angela.reed@hotmail.com,+1-925-676-5911,Houston,2023-07-29,0
148,149,1171,4.42,33,2019-08-15 18:49:18,Jeffrey Williams,jeffrey.williams@gmail.com,+1-370-256-8295,Houston,2021-08-23,0
149,150,234,4.58,1,2021-08-06 16:44:02,Andrew Myers,andrew.myers@hotmail.com,+1-404-225-3223,New York,2021-07-14,0
150,151,1988,4.22,16,2022-05-13 20:15:09,Jonathan Torres,jonathan.torres@gmail.com,+1-426-479-6942,Los Angeles,2020-09-20,0
151,152,1793,4.14,15,2024-02-18 22:46:35,Timothy Robinson,timothy.robinson@hotmail.com,+1-522-866-2890,Chicago,2021-06-30,0
152,153,960,4.18,2,2024-03-02 07:34:18,Catherine Mitchell,catherine.mitchell@icloud.com,+1-368-549-4991,New York,2019-10-01,0
153,154,345,3.48,1,2021-03-14 01:34:06,Barbara Price,barbara.price@outlook.com,+1-756-677-1539,Chicago,2024-03-17,0
154,155,1276,3.55,4,2022-11-01 20:49:30,Cynthia Parker,cynthia.parker@icloud.com,+1-834-203-6564,New York,2021-07-18,0
155,156,68,3.57,5,2023-11-22 05:08:08,Alexander Young,alexander.young@outlook.com,+1-879-695-7046,Houston,2022-02-07,0
156,157,1488,4.76,2,2022-06-27 13:41:26,Brandon Powell,brandon.powell@gmail.com,+1-644-591-5742,Los Angeles,2021-09-22,0
157,158,346,3.53,86,2023-06-22 16:19:09,Kevin Williams,kevin.williams@yahoo.com,+1-801-247-7525,New York,2020-09-04,0
158,159,1049,4.52,4,2023-10-11 01:49:46,Elizabeth Jackson,elizabeth.jackson@protonmail.com,+1-484-693-6698,Los Angeles,2019-11-25,0
159,160,183,3.34,2,2020-11-28 14:04:44,Linda Rivera,linda.rivera@icloud.com,+1-275-417-8565,Houston,2019-03-19,0
160,161,30,3.1,3,2021-10-16 15:28:17,Ryan Edwards,ryan.edwards@protonmail.com,+1-418-623-8752,Chicago,2022-09-11,0
161,162,1837,4.0,36,2020-02-03 15:01:02,Samuel Anderson,samuel.anderson@icloud.com,+1-825-437-3117,New York,2024-04-30,0
162,163,181,4.21,55,2023-01-22 01:47:19,Justin Ward,justin.ward@hotmail.com,+1-897-678-6295,Los Angeles,2019-11-06,0
163,164,1819,4.45,2,2020-11-09 22:30:01,Christopher Rogers,christopher.rogers@outlook.com,+1-482-564-9402,New York,2022-12-18,0
164,165,1058,4.98,1,2023-07-15 12:40:41,Larry Turner,larry.turner@outlook.com,+1-638-293-2140,Houston,2024-04-07,0
165,166,1247,4.29,49,2023-06-11 23:50:44,Stephen Kelly,stephen.kelly@gmail.com,+1-507-191-7476,New York,2023-08-28,0
166,167,890,4.17,17,2021-04-17 15:29:01,Kathleen Roberts,kathleen.roberts@gmail.com,+1-548-313-8063,Houston,2022-03-07,0
167,168,53,3.2,2,2020-05-04 22:28:00,Ashley Sanchez,ashley.sanchez@gmail.com,+1-836-256-4908,Chicago,2021-08-27,0
168,169,1714,3.21,1,2019-01-25 18:44:26,Emma King,emma.king@icloud.com,+1-897-549-3018,Houston,2019-10-27,0
169,170,1806,5.0,4,2023-11-10 01:21:51,James Cox,james.cox@icloud.com,+1-578-790-8430,Houston,2020-10-18,0
170,171,935,3.89,5,2019-07-10 03:41:47,Kimberly Parker,kimberly.parker@protonmail.com,+1-883-888-6298,Los Angeles,2019-11-28,0
171,172,579,4.38,2,2019-12-24 17:43:25,Jonathan Myers,jonathan.myers@protonmail.com,+1-833-197-8091,Chicago,2021-09-13,0
172,173,752,4.72,0,2019-05-15 16:32:21,Samuel Morales,samuel.morales@gmail.com,+1-962-662-9534,New York,2020-06-02,0
173,174,1695,3.96,10,2021-07-25 06:55:29,Paul Jackson,paul.jackson@protonmail.com,+1-401-542-2322,Los Angeles,2020-03-24,0
174,175,517,4.8,2,2023-05-31 03:32:23,Stephanie Jackson,stephanie.jackson@icloud.com,+1-823-797-7581,New York,2021-03-21,0
175,176,1656,3.7,1,2021-06-10 21:08:53,Kimberly Adams,kimberly.adams@protonmail.com,+1-694-331-2504,Los Angeles,2023-04-19,0
176,177,1641,4.26,20,2022-07-06 12:29:27,Raymond Torres,raymond.torres@protonmail.com,+1-974-545-6206,Los Angeles,2020-02-10,0
177,178,1593,3.74,29,2023-01-08 08:55:28,Heather Sullivan,heather.sullivan@protonmail.com,+1-950-424-1232,Chicago,2024-01-11,0
178,179,72,4.6,1,2020-02-14 20:02:53,Jack Murphy,jack.murphy@outlook.com,+1-941-703-9595,Los Angeles,2019-07-25,0
179,180,1046,4.72,28,2020-01-26 09:57:33,Kathleen Collins,kathleen.collins@gmail.com,+1-401-210-1537,New York,2021-08-18,0
180,181,219,3.07,4,2019-02-01 13:37:57,Betty Garcia,betty.garcia@yahoo.com,+1-242-423-6080,Houston,2023-07-28,0
181,182,71,3.09,3,2021-05-14 03:26:50,Jessica Sullivan,jessica.sullivan@icloud.com,+1-980-806-4033,Chicago,2020-03-19,0
182,183,135,4.13,2,2021-08-03 16:42:54,Jennifer Jones,jennifer.jones@outlook.com,+1-704-218-2592,Chicago,2023-12-23,0
183,184,1610,3.76,2,2019-07-19 02:46:10,Pamela Collins,pamela.collins@yahoo.com,+1-769-500-4156,Houston,2023-08-24,0
184,185,481,3.3,4,2024-03-13 02:52:12,Thomas Baker,thomas.baker@protonmail.com,+1-381-921-6301,New York,2019-02-14,0
185,186,915,3.45,4,2019-06-19 15:50:36,Samuel Nguyen,samuel.nguyen@icloud.com,+1-373-686-1845,Los Angeles,2023-07-15,0
186,187,269,4.65,12,2020-03-15 10:10:06,Rachel Ward,rachel.ward@icloud.com,+1-433-838-1841,Houston,2019-12-16,0
187,188,684,4.79,3,2022-01-10 08:14:44,Margaret Morgan,margaret.morgan@hotmail.com,+1-546-920-1852,Chicago,2021-03-07,0
188,189,764,3.21,1,2019-12-23 16:00:52,Dorothy Bailey,dorothy.bailey@outlook.com,+1-664-100-9289,Houston,2023-02-11,0
189,190,548,3.41,4,2022-12-04 17:46:01,Kevin Sanders,kevin.sanders@yahoo.com,+1-997-182-8988,Los Angeles,2022-07-16,0
190,191,911,3.67,3,2022-05-07 12:10:01,Jack Reyes,jack.reyes@protonmail.com,+1-279-800-9834,Los Angeles,2022-06-09,0
191,192,672,4.73,2,2023-07-01 19:34:36,Karen Richardson,karen.richardson@gmail.com,+1-381-587-1639,New York,2019-07-10,0
192,193,819,4.41,1,2022-05-01 16:17:02,Kevin Jackson,kevin.jackson@protonmail.com,+1-230-883-6221,Houston,2024-05-22,0
193,194,1014,3.38,22,2023-12-15 07:11:02,James Powell,james.powell@icloud.com,+1-719-439-5842,Houston,2024-01-09,0
194,195,78,3.67,18,2023-01-04 10:39:01,Justin Hill,justin.hill@gmail.com,+1-454-221-7818,Chicago,2023-05-08,0
195,196,1090,4.93,1,2023-09-22 11:55:41,Gregory Bailey,gregory.bailey@outlook.com,+1-404-524-7591,Los Angeles,2022-07-03,0
196,197,1480,4.88,22,2019-09-03 01:48:56,Edward Mitchell,edward.mitchell@outlook.com,+1-573-538-3984,Los Angeles,2019-08-11,0
197,198,1918,4.85,3,2024-03-08 14:25:00,Gregory Nelson,gregory.nelson@gmail.com,+1-292-416-3317,Los Angeles,2021-07-28,0
198,199,735,3.44,1,2019-08-02 16:55:53,Timothy Turner,timothy.turner@outlook.com,+1-359-410-1172,New York,2021-12-07,0
199,200,573,3.52,3,2022-01-25 00:32:45,Joseph Evans,joseph.evans@hotmail.com,+1-667-378-7319,Houston,2023-06-27,0
200,201,221,4.11,24,2020-08-10 16:14:16,Michael James,michael.james@outlook.com,+1-479-227-7029,Houston,2023-12-27,0
201,202,649,3.52,0,2021-10-13 17:58:54,Robert Bell,robert.bell@outlook.com,+1-756-652-8734,Chicago,2021-01-19,0
202,203,321,3.79,1,2020-11-18 12:22:28,Jason Torres,jason.torres@icloud.com,+1-742-237-7363,Chicago,2020-06-06,0
203,204,1542,3.17,82,2020-11-23 06:50:00,Amy Parker,amy.parker@hotmail.com,+1-910-523-6463,Chicago,2023-07-01,0
204,205,1239,4.87,3,2023-09-08 01:24:36,Eric Roberts,eric.roberts@gmail.com,+1-475-162-6215,Houston,2022-02-06,0
205,206,1439,3.74,5,2020-09-27 23:48:15,William Sanders,william.sanders@icloud.com,+1-389-515-1323,Houston,2022-02-12,0
206,207,1228,3.59,1,2020-07-24 07:45:39,Lisa Foster,lisa.foster@gmail.com,+1-785-745-6060,New York,2022-08-11,0
207,208,1138,3.38,1,2022-06-19 17:37:26,Lisa Green,lisa.green@protonmail.com,+1-703-882-3478,Houston,2019-04-19,0
208,209,944,3.32,1,2020-02-26 16:54:05,Deborah Myers,deborah.myers@hotmail.com,+1-324-680-9770,Los Angeles,2020-11-13,0
209,210,1368,3.07,3,2021-02-11 13:30:39,Emma Bell,emma.bell@yahoo.com,+1-441-619-2280,Houston,2023-01-24,0
210,211,527,3.39,1,2022-11-22 11:06:40,Nicholas Diaz,nicholas.diaz@hotmail.com,+1-381-991-8775,Los Angeles,2020-12-06,0
211,212,415,3.59,10,2021-04-03 17:00:49,Thomas Cox,thomas.cox@yahoo.com,+1-731-796-8291,New York,2019-01-17,0
212,213,870,3.81,0,2019-12-01 20:45:58,Carol Murphy,carol.murphy@protonmail.com,+1-736-417-6363,Chicago,2023-04-25,0
213,214,529,3.04,0,2020-12-21 18:28:48,Michael Lee,michael.lee@icloud.com,+1-998-319-4626,Chicago,2022-10-19,0
214,215,841,4.33,25,2023-12-06 06:35:35,Laura Torres,laura.torres@protonmail.com,+1-385-220-3155,Chicago,2019-01-08,0
215,216,152,3.83,4,2022-05-16 02:10:22,Shirley Nguyen,shirley.nguyen@hotmail.com,+1-717-719-8048,New York,2023-06-13,0
216,217,1676,4.56,11,2023-08-06 13:37:15,Mary Cruz,mary.cruz@hotmail.com,+1-638-442-1341,Chicago,2024-06-18,0
217,218,537,4.66,38,2019-04-12 12:01:02,Maria James,maria.james@outlook.com,+1-392-253-9475,Chicago,2024-01-17,0
218,219,1589,4.1,7,2021-09-01 22:04:11,Dorothy White,dorothy.white@gmail.com,+1-294-538-6603,Los Angeles,2019-12-03,0
219,220,1631,4.42,13,2020-03-13 15:54:04,Janet Sanders,janet.sanders@outlook.com,+1-602-205-6105,Chicago,2023-06-15,0
220,221,943,4.14,2,2021-05-21 17:32:40,Sharon Evans,sharon.evans@protonmail.com,+1-999-931-2148,Chicago,2019-01-07,0
221,222,721,3.76,1,2023-12-15 23:19:17,Andrew Rivera,andrew.rivera@outlook.com,+1-889-622-8987,Houston,2023-12-27,0
222,223,855,4.92,4,2020-04-20 07:48:31,Nancy Wood,nancy.wood@yahoo.com,+1-925-397-4171,New York,2019-08-31,0
223,224,1434,4.77,1,2019-10-06 14:19:23,Diane Carter,diane.carter@protonmail.com,+1-886-774-2468,Houston,2023-11-07,0
224,225,1521,4.29,0,2023-02-22 23:23:23,Sandra Morales,sandra.morales@protonmail.com,+1-644-477-3430,Houston,2019-07-11,0
225,226,1692,3.88,1,2021-06-07 17:09:49,Emily Johnson,emily.johnson@hotmail.com,+1-241-322-5636,New York,2019-04-19,0
226,227,189,3.13,1,2021-03-29 15:40:59,Jason Baker,jason.baker@protonmail.com,+1-812-153-6482,New York,2020-11-06,0
227,228,1261,3.38,0,2019-04-27 15:10:33,Thomas Sullivan,thomas.sullivan@gmail.com,+1-330-365-4734,Los Angeles,2020-01-28,0
228,229,1340,3.6,1,2021-09-16 15:50:15,Diane Evans,diane.evans@yahoo.com,+1-606-138-1175,Los Angeles,2019-08-23,0
229,230,565,3.12,12,2020-12-10 13:18:48,Patrick Turner,patrick.turner@outlook.com,+1-364-140-9980,Houston,2024-02-08,0
230,231,729,4.07,6,2022-02-13 00:37:23,David Wilson,david.wilson@outlook.com,+1-832-259-2381,Houston,2020-09-25,0
231,232,1240,4.89,16,2020-05-22 13:42:53,Jason Rodriguez,jason.rodriguez@hotmail.com,+1-229-517-4829,New York,2020-07-05,0
232,233,578,3.32,1,2023-10-04 00:21:53,Kevin Johnson,kevin.johnson@protonmail.com,+1-894-637-4669,Los Angeles,2021-11-29,0
233,234,398,4.22,3,2021-05-20 22:59:18,Elizabeth Edwards,elizabeth.edwards@gmail.com,+1-994-931-4882,Chicago,2023-07-19,0
234,235,606,3.84,1,2021-11-17 04:29:34,Steven Jackson,steven.jackson@gmail.com,+1-907-903-5835,Chicago,2023-03-24,0
235,236,1789,3.36,1,2021-11-12 07:41:47,Margaret Carter,margaret.carter@icloud.com,+1-233-772-3458,Houston,2023-04-11,0
236,237,713,4.46,13,2020-05-10 11:55:06,Stephanie Scott,stephanie.scott@hotmail.com,+1-384-685-3148,Chicago,2023-07-26,0
237,238,1661,3.4,4,2020-02-19 16:44:03,Thomas Lewis,thomas.lewis@outlook.com,+1-594-563-9412,Chicago,2023-05-17,0
238,239,1801,4.04,3,2020-04-21 08:13:09,Angela Cooper,angela.cooper@hotmail.com,+1-632-462-3088,Houston,2022-11-28,0
239,240,1389,4.25,0,2020-12-27 07:23:14,Catherine Torres,catherine.torres@icloud.com,+1-626-770-5724,Houston,2019-12-16,0
240,241,670,3.02,1,2019-02-20 11:04:13,Raymond Price,raymond.price@outlook.com,+1-664-710-2127,Chicago,2021-02-13,0
241,242,694,3.27,76,2022-05-31 17:03:30,Daniel Turner,daniel.turner@icloud.com,+1-309-672-2185,Los Angeles,2020-11-27,0
242,243,1747,4.15,55,2019-12-01 22:40:56,Raymond Garcia,raymond.garcia@gmail.com,+1-236-608-9316,Chicago,2022-08-24,0
243,244,1925,3.43,2,2019-01-31 22:43:58,Frank Morales,frank.morales@hotmail.com,+1-811-503-9750,New York,2020-12-11,0
244,245,781,3.46,22,2020-11-12 20:05:34,Laura Stewart,laura.stewart@hotmail.com,+1-200-843-1567,Los Angeles,2022-05-05,0
245,246,1902,3.39,1,2022-06-22 12:25:08,Kevin Turner,kevin.turner@yahoo.com,+1-392-379-4264,Chicago,2024-06-28,0
246,247,480,3.94,1,2019-07-30 09:37:47,Mark Williams,mark.williams@icloud.com,+1-689-100-6435,Chicago,2023-07-10,0
247,248,1997,4.47,5,2020-01-17 16:47:15,Amy Flores,amy.flores@icloud.com,+1-853-112-9587,Chicago,2023-02-27,0
248,249,355,4.34,3,2022-08-22 01:18:40,Elizabeth White,elizabeth.white@hotmail.com,+1-659-670-9395,Houston,2019-07-31,0
249,250,955,4.57,67,2022-02-08 15:17:35,Samuel Miller,samuel.miller@outlook.com,+1-299-567-3796,New York,2023-08-02,0
250,251,1086,4.87,1,2019-02-03 06:18:34,Amy Bennett,amy.bennett@gmail.com,+1-748-319-5708,Los Angeles,2019-04-08,0
251,252,827,3.88,1,2022-08-19 05:35:49,Ashley Parker,ashley.parker@hotmail.com,+1-994-142-7232,Los Angeles,2021-03-18,0
252,253,1851,3.28,1,2023-01-26 07:12:13,Edward Mitchell,edward.mitchell@icloud.com,+1-931-210-8409,Chicago,2022-03-29,0
253,254,1611,4.22,7,2021-12-15 06:02:33,Michael Howard,michael.howard@hotmail.com,+1-331-751-7396,Chicago,2021-04-05,0
254,255,107,4.5,1,2021-09-06 06:10:23,Jason Garcia,jason.garcia@outlook.com,+1-962-584-7246,Houston,2022-09-21,0
255,256,1316,3.5,13,2019-06-26 01:17:19,David Green,david.green@yahoo.com,+1-639-888-7843,Chicago,2021-06-17,0
256,257,737,3.35,1,2024-06-16 20:43:01,Kathleen Hill,kathleen.hill@gmail.com,+1-984-540-5799,Chicago,2023-06-20,0
257,258,1942,3.74,3,2019-06-24 03:23:38,John Stewart,john.stewart@outlook.com,+1-504-751-1583,New York,2021-01-01,0
258,259,184,3.16,4,2020-06-21 14:54:48,Linda Mitchell,linda.mitchell@outlook.com,+1-278-760-2479,Houston,2021-08-05,0
259,260,642,4.82,1,2023-12-13 08:16:37,Benjamin Reyes,benjamin.reyes@outlook.com,+1-910-698-3496,Los Angeles,2023-07-13,0
260,261,1726,4.11,13,2021-03-13 13:22:19,Catherine Adams,catherine.adams@icloud.com,+1-794-456-7615,New York,2019-04-03,0
261,262,837,4.63,2,2020-06-14 02:53:43,Joseph Foster,joseph.foster@hotmail.com,+1-849-471-2397,Houston,2023-01-28,0
262,263,1025,3.47,5,2020-11-04 12:38:52,Gary Cooper,gary.cooper@outlook.com,+1-267-704-7156,New York,2019-01-14,0
263,264,1938,3.54,1,2020-02-14 12:27:54,Patrick Cox,patrick.cox@outlook.com,+1-402-627-8454,Houston,2019-04-10,0
264,265,1615,3.09,3,2023-08-06 07:01:15,Emma Martin,emma.martin@gmail.com,+1-832-824-9907,New York,2022-03-17,0
265,266,487,3.59,64,2019-07-31 14:00:22,Heather Smith,heather.smith@protonmail.com,+1-786-500-1530,Chicago,2022-05-18,0
266,267,1223,4.89,9,2023-12-12 17:50:47,Jennifer Torres,jennifer.torres@hotmail.com,+1-786-417-8411,Los Angeles,2023-05-20,0
267,268,1469,4.62,1,2019-02-20 21:47:35,Mary Wood,mary.wood@yahoo.com,+1-963-107-7962,Los Angeles,2020-05-15,0
268,269,1852,3.18,87,2020-05-21 13:27:41,Patricia Phillips,patricia.phillips@yahoo.com,+1-657-478-8811,New York,2022-08-09,0
269,270,1522,4.92,1,2020-02-16 08:39:53,Amy White,amy.white@hotmail.com,+1-389-935-3885,Chicago,2022-03-12,0
270,271,1982,3.59,4,2022-03-05 19:15:24,Stephanie Sanders,stephanie.sanders@icloud.com,+1-844-765-8209,Houston,2023-06-01,0
271,272,1809,3.12,13,2022-07-08 23:17:32,Michelle Roberts,michelle.roberts1@outlook.com,+1-975-282-3346,New York,2023-07-26,0
272,273,1294,4.83,9,2021-03-15 12:13:37,Anthony Flores,anthony.flores@hotmail.com,+1-445-478-7100,Chicago,2024-04-11,0
273,274,1156,4.32,5,2023-08-25 19:20:57,Angela Baker,angela.baker@hotmail.com,+1-892-329-3540,Houston,2021-12-15,0
274,275,1234,3.93,5,2019-11-12 15:07:14,Steven Lopez,steven.lopez@gmail.com,+1-301-654-3755,Los Angeles,2019-10-22,0
275,276,1579,4.66,57,2023-01-19 18:32:13,Susan Nguyen,susan.nguyen@hotmail.com,+1-362-683-7541,New York,2020-04-01,0
276,277,1307,4.28,5,2023-03-19 12:12:35,Melissa Cook,melissa.cook@outlook.com,+1-479-491-1404,Chicago,2021-06-23,0
277,278,1951,3.64,3,2021-03-20 04:34:03,Alexander White,alexander.white1@outlook.com,+1-713-787-1749,Houston,2024-02-07,0
278,279,367,3.83,2,2024-04-17 09:56:45,Emily Myers,emily.myers@gmail.com,+1-618-789-9180,Chicago,2022-07-21,0
279,280,1829,4.57,12,2024-02-10 08:56:42,Richard Lewis,richard.lewis@gmail.com,+1-973-882-5706,Houston,2024-06-08,0
280,281,1212,4.87,1,2020-07-22 04:16:39,Richard Jackson,richard.jackson@protonmail.com,+1-635-948-7751,New York,2019-07-08,0
281,282,1092,4.85,82,2019-06-05 11:43:59,Patrick Peterson,patrick.peterson@yahoo.com,+1-790-611-4489,Houston,2020-07-02,0
282,283,245,3.77,1,2024-06-10 20:20:43,Debra Bell,debra.bell@outlook.com,+1-328-740-5961,New York,2021-10-26,0
283,284,745,4.08,0,2023-07-26 20:25:09,Ryan Morales,ryan.morales@gmail.com,+1-438-192-3468,New York,2021-10-07,0
284,285,767,4.74,2,2022-10-01 05:26:22,Larry Martin,larry.martin@icloud.com,+1-489-430-7714,Los Angeles,2019-08-15,0
285,286,535,3.31,2,2022-12-28 15:10:29,Raymond Diaz,raymond.diaz@icloud.com,+1-489-405-2771,Houston,2019-05-11,0
286,287,637,4.26,1,2021-11-20 17:20:39,Raymond Morgan,raymond.morgan@yahoo.com,+1-364-288-4617,Los Angeles,2020-02-02,0
287,288,325,4.01,1,2019-07-19 02:49:23,Brian Hill,brian.hill@gmail.com,+1-416-294-2922,Houston,2024-02-16,0
288,289,1493,3.36,1,2021-09-10 19:43:27,Robert Scott,robert.scott@yahoo.com,+1-349-536-1289,Chicago,2019-07-06,0
289,290,1115,4.2,3,2023-12-23 07:47:11,William Rivera,william.rivera@hotmail.com,+1-816-846-9973,Los Angeles,2021-07-17,0
290,291,835,4.56,1,2021-12-02 09:59:12,Patricia Thompson,patricia.thompson@hotmail.com,+1-804-829-4308,Houston,2019-07-04,0
291,292,1664,3.77,48,2023-07-17 09:15:32,John Flores,john.flores@yahoo.com,+1-473-129-8802,Houston,2020-12-21,0
292,293,160,3.56,1,2021-03-02 09:28:59,Susan Hall,susan.hall@icloud.com,+1-576-217-5564,Chicago,2023-07-12,0
293,294,23,4.83,15,2020-04-03 01:23:28,Brandon Collins,brandon.collins@outlook.com,+1-946-905-6139,Houston,2022-05-26,0
294,295,521,4.89,15,2023-02-17 07:06:07,Michelle Wright,michelle.wright@protonmail.com,+1-626-719-2462,Chicago,2021-06-23,0
295,296,862,3.5,27,2020-08-05 22:26:40,Karen Brooks,karen.brooks@hotmail.com,+1-749-443-8577,Houston,2024-03-15,0
296,297,163,3.9,5,2019-08-26 02:01:18,Nancy Jackson,nancy.jackson@icloud.com,+1-873-510-2140,Chicago,2023-02-26,0
297,298,769,4.59,77,2019-11-06 20:23:03,Robert Sanchez,robert.sanchez@gmail.com,+1-697-296-2617,New York,2022-03-15,0
298,299,1354,3.26,6,2019-09-25 01:05:45,Margaret Flores,margaret.flores@yahoo.com,+1-267-773-5562,Los Angeles,2019-03-31,0
299,300,1754,4.96,1,2020-01-06 10:07:15,Mary Ross,mary.ross@yahoo.com,+1-258-178-1928,Chicago,2021-06-17,0
300,301,1075,4.06,78,2023-05-15 10:17:06,Brenda Lee,brenda.lee@icloud.com,+1-257-500-5315,Houston,2022-04-25,0
301,302,1728,3.08,2,2021-12-13 00:30:57,Frank Nguyen,frank.nguyen@outlook.com,+1-978-337-4876,New York,2024-01-17,0
302,303,1110,4.97,47,2023-09-14 11:40:29,Larry Roberts,larry.roberts@outlook.com,+1-854-817-6945,New York,2021-12-31,0
303,304,122,3.83,23,2024-03-23 05:22:52,Amanda Howard,amanda.howard@outlook.com,+1-916-402-1359,Houston,2020-07-16,0
304,305,1891,3.1,1,2019-08-18 16:54:43,Emma Scott,emma.scott@yahoo.com,+1-870-728-1273,Los Angeles,2023-09-11,0
305,306,772,3.91,5,2019-06-03 17:46:32,David Morris,david.morris@protonmail.com,+1-262-469-7814,Los Angeles,2023-06-15,0
306,307,1977,4.73,10,2023-02-15 00:10:57,Daniel Morris,daniel.morris@icloud.com,+1-856-213-6427,Chicago,2020-05-16,0
307,308,1073,3.58,1,2019-04-23 00:21:21,Sharon Moore,sharon.moore@outlook.com,+1-932-498-8986,New York,2022-03-11,0
308,309,1908,4.6,4,2020-12-01 17:07:47,Anthony King,anthony.king@yahoo.com,+1-678-367-1515,New York,2021-11-24,0
309,310,1922,4.2,6,2021-12-31 05:55:45,Christopher Hall,christopher.hall@gmail.com,+1-682-663-7456,Chicago,2024-02-13,0
310,311,1618,3.21,6,2024-04-08 11:46:37,Ronald King,ronald.king@protonmail.com,+1-252-381-2359,Chicago,2022-07-08,0
311,312,1642,4.23,3,2022-01-07 19:42:34,Betty Miller,betty.miller@hotmail.com,+1-710-147-5496,Houston,2019-09-02,0
312,313,534,3.36,4,2021-09-16 01:06:30,Jonathan Watson,jonathan.watson@hotmail.com,+1-798-204-1120,Los Angeles,2022-02-23,0
313,314,251,4.47,3,2019-12-06 20:51:23,Carol Richardson,carol.richardson@yahoo.com,+1-520-982-6231,Los Angeles,2024-06-20,0
314,315,584,3.99,1,2020-06-20 10:43:23,Pamela Stewart,pamela.stewart@gmail.com,+1-710-557-6178,New York,2021-10-15,0
315,316,966,3.35,1,2023-03-10 07:19:40,James Gomez,james.gomez@yahoo.com,+1-396-220-9686,New York,2022-06-21,0
316,317,696,4.89,11,2021-03-01 18:55:15,Ronald Kelly,ronald.kelly@hotmail.com,+1-988-349-6565,Houston,2022-10-27,0
317,318,1278,3.5,3,2023-09-29 06:24:43,Maria Rodriguez,maria.rodriguez@icloud.com,+1-398-686-3064,Los Angeles,2020-12-28,0
318,319,159,3.91,5,2020-05-23 03:09:18,Pamela Rogers,pamela.rogers@yahoo.com,+1-358-772-8900,Chicago,2023-10-02,0
319,320,801,3.04,75,2021-06-17 16:53:30,Michael Young,michael.young@icloud.com,+1-351-989-5713,New York,2020-12-04,0
320,321,856,3.3,19,2019-12-18 00:54:43,Patricia Morris,patricia.morris@protonmail.com,+1-320-855-4396,Houston,2021-04-27,0
321,322,685,3.75,1,2022-03-16 22:31:14,Debra Smith,debra.smith@gmail.com,+1-348-582-8133,New York,2019-05-12,0
322,323,1019,4.36,10,2021-03-20 21:11:37,John Hernandez,john.hernandez@icloud.com,+1-656-793-2431,Houston,2020-02-03,0
323,324,1144,4.18,8,2022-04-03 09:16:39,Pamela White,pamela.white@hotmail.com,+1-278-352-9161,New York,2023-12-23,0
324,325,1172,4.7,1,2020-08-20 15:13:30,John Stewart,john.stewart@icloud.com,+1-448-306-5830,Houston,2019-04-15,0
325,326,1986,4.82,18,2019-01-05 16:25:26,Ashley King,ashley.king@outlook.com,+1-502-805-8285,Los Angeles,2023-06-01,0
326,327,1199,4.38,1,2020-08-30 09:41:12,Pamela Davis,pamela.davis@protonmail.com,+1-930-918-9516,Los Angeles,2021-05-08,0
327,328,708,3.4,22,2021-06-19 16:16:15,Emma Jones,emma.jones@icloud.com,+1-555-503-3863,Houston,2024-06-22,0
328,329,1204,3.59,1,2022-10-07 18:56:56,Raymond Ross,raymond.ross@protonmail.com,+1-329-632-9860,Los Angeles,2020-03-13,0
329,330,1905,4.75,5,2019-02-27 13:04:36,Samuel Price,samuel.price@yahoo.com,+1-237-954-7318,Chicago,2022-01-06,0
330,331,340,3.61,7,2023-05-31 03:00:14,Amanda Wright,amanda.wright@hotmail.com,+1-280-482-7652,Houston,2022-03-03,0
331,332,1054,4.0,36,2024-02-05 17:06:19,Amanda Carter,amanda.carter@hotmail.com,+1-419-626-4728,Houston,2019-08-20,0
332,333,1377,4.16,5,2021-10-24 02:50:50,Stephanie Torres,stephanie.torres@hotmail.com,+1-960-482-7292,Houston,2020-09-22,0
333,334,175,3.02,13,2022-12-14 12:56:46,Stephanie Williams,stephanie.williams@outlook.com,+1-375-920-8538,Los Angeles,2019-06-30,0
334,335,1266,3.04,16,2020-05-31 09:31:27,Laura Green,laura.green@gmail.com,+1-601-299-6483,New York,2023-12-08,0
335,336,662,3.02,38,2022-03-08 13:42:16,Timothy Richardson,timothy.richardson@protonmail.com,+1-321-776-4773,Houston,2023-07-20,0
336,337,1782,4.23,2,2022-03-18 22:10:00,Frank Rivera,frank.rivera@icloud.com,+1-935-145-4845,Los Angeles,2019-08-12,0
337,338,739,4.53,4,2021-12-21 10:14:04,Christopher Sanders,christopher.sanders@protonmail.com,+1-861-499-7199,Chicago,2020-06-22,0
338,339,1264,3.14,4,2021-08-31 03:30:39,Jason Scott,jason.scott1@gmail.com,+1-896-630-8644,Houston,2021-01-10,0
339,340,1163,3.38,32,2022-10-24 11:50:41,Rebecca Foster,rebecca.foster@outlook.com,+1-521-701-8454,Houston,2022-07-01,0
340,341,144,3.99,3,2024-04-22 10:24:11,Emma Allen,emma.allen@yahoo.com,+1-312-776-1422,Chicago,2019-01-31,0
341,342,730,4.4,14,2020-07-18 09:30:07,Sandra Young,sandra.young@protonmail.com,+1-490-553-3071,Chicago,2021-12-14,0
342,343,917,3.79,1,2024-05-25 19:44:31,Barbara Scott,barbara.scott@outlook.com,+1-335-730-5603,Los Angeles,2023-10-23,0
343,344,1910,4.32,21,2020-05-11 23:21:25,Justin Carter,justin.carter@protonmail.com,+1-802-134-6281,New York,2022-07-13,0
344,345,1808,4.9,1,2024-02-01 02:10:39,Joshua Cook,joshua.cook@outlook.com,+1-249-677-9481,Houston,2020-08-07,0
345,346,784,4.48,12,2022-07-10 14:38:26,Robert Flores,robert.flores@outlook.com,+1-359-241-5341,Los Angeles,2023-12-27,0
346,347,283,3.47,5,2020-07-28 17:35:43,Sandra Miller,sandra.miller@gmail.com,+1-623-438-8739,New York,2022-10-27,0
347,348,1858,3.9,1,2023-03-28 06:10:40,Rachel Walker,rachel.walker@outlook.com,+1-672-825-8913,New York,2024-03-01,0
348,349,1513,3.95,2,2020-06-13 17:07:47,Paul Bell,paul.bell@gmail.com,+1-375-329-1747,Chicago,2020-08-20,0
349,350,106,3.32,2,2022-01-19 10:04:04,Michelle Harris,michelle.harris@protonmail.com,+1-444-685-7274,Chicago,2023-10-20,0
350,351,609,4.13,12,2019-02-24 11:38:36,Rebecca Price,rebecca.price@outlook.com,+1-765-155-1212,Los Angeles,2020-02-20,0
351,352,1384,3.84,4,2022-05-25 18:59:49,Elizabeth Gray,elizabeth.gray@protonmail.com,+1-593-507-2316,Chicago,2023-11-30,0
352,353,297,3.7,4,2019-09-18 02:14:23,Jessica Bennett,jessica.bennett@outlook.com,+1-576-729-4618,Chicago,2024-05-14,0
353,354,1083,3.28,1,2024-02-22 09:14:10,John Green,john.green@hotmail.com,+1-784-499-6282,New York,2023-07-14,0
354,355,249,3.27,2,2022-02-20 02:05:31,Joshua Murphy,joshua.murphy@yahoo.com,+1-901-515-5873,Houston,2019-05-30,0
355,356,829,4.15,1,2020-05-04 20:34:19,Susan Stewart,susan.stewart@hotmail.com,+1-243-998-5025,Houston,2023-02-14,0
356,357,1629,3.3,15,2021-06-07 01:35:29,Kathleen Sanchez,kathleen.sanchez@gmail.com,+1-556-825-5822,Houston,2023-03-07,0
357,358,200,3.23,4,2021-09-29 05:19:55,Stephen Walker,stephen.walker@outlook.com,+1-680-955-4178,Los Angeles,2022-10-21,0
358,359,896,4.85,0,2022-06-29 10:02:48,Pamela Stewart,pamela.stewart@yahoo.com,+1-410-797-6187,Los Angeles,2022-03-13,0
359,360,590,3.44,1,2020-04-16 02:42:26,Amanda Bennett,amanda.bennett@outlook.com,+1-760-634-7125,New York,2019-04-04,0
360,361,505,4.18,2,2021-09-08 04:06:01,Jennifer King,jennifer.king@hotmail.com,+1-676-369-4706,Los Angeles,2022-03-01,0
361,362,1571,4.51,71,2023-12-12 20:40:40,Maria Price,maria.price1@hotmail.com,+1-444-313-2228,Chicago,2022-03-07,0
362,363,151,3.8,1,2022-09-16 06:26:12,Kimberly Watson,kimberly.watson@protonmail.com,+1-799-661-6327,Houston,2022-05-08,0
363,364,999,3.49,1,2020-04-23 23:41:52,Frank Myers,frank.myers@gmail.com,+1-392-568-2430,New York,2021-03-11,0
364,365,1792,4.29,15,2020-06-19 12:07:41,Paul Harris,paul.harris@icloud.com,+1-500-349-6385,Chicago,2023-06-25,0
365,366,204,4.65,27,2021-07-10 16:29:46,David Lee,david.lee@outlook.com,+1-660-625-3414,Houston,2019-07-07,0
366,367,568,4.33,9,2020-07-12 21:13:36,Angela Martinez,angela.martinez@protonmail.com,+1-940-203-5192,Chicago,2021-07-24,0
367,368,1963,3.09,38,2022-03-17 05:54:21,Stephen Taylor,stephen.taylor@hotmail.com,+1-821-970-3023,New York,2021-03-21,0
368,369,526,3.15,1,2021-03-16 08:01:11,Cynthia Rogers,cynthia.rogers@hotmail.com,+1-850-226-1500,Chicago,2021-02-01,0
369,370,281,4.25,1,2019-03-26 02:19:29,Stephen Wright,stephen.wright@icloud.com,+1-912-378-3249,New York,2022-06-14,0
370,371,1180,4.29,24,2023-09-09 14:18:10,Emily Ross,emily.ross@protonmail.com,+1-599-526-6902,Houston,2023-06-26,0
371,372,646,3.68,3,2020-08-27 09:20:21,Larry Wilson,larry.wilson@yahoo.com,+1-861-721-2343,Los Angeles,2023-10-25,0
372,373,880,3.41,1,2019-11-29 08:11:52,Elizabeth Parker,elizabeth.parker@hotmail.com,+1-383-821-8304,Los Angeles,2020-10-01,0
373,374,846,3.45,22,2023-07-31 11:17:09,George Jones,george.jones@yahoo.com,+1-233-783-5889,Los Angeles,2024-02-28,0
374,375,671,4.52,5,2019-05-06 15:59:03,Deborah Taylor,deborah.taylor@gmail.com,+1-216-307-9564,Houston,2023-08-20,0
375,376,188,3.09,1,2023-11-19 00:50:03,Shirley Peterson,shirley.peterson@icloud.com,+1-362-472-7108,Los Angeles,2021-03-04,0
376,377,378,4.07,4,2020-11-28 08:10:12,Joshua Garcia,joshua.garcia@protonmail.com,+1-317-123-6620,New York,2022-10-18,0
377,378,815,4.41,2,2020-05-02 21:17:52,Donald Howard,donald.howard@yahoo.com,+1-636-419-6395,Houston,2022-01-15,0
378,379,1375,3.13,4,2024-06-18 18:17:46,Ronald Gomez,ronald.gomez@icloud.com,+1-692-173-6459,Chicago,2023-01-04,0
379,380,975,3.17,5,2020-04-16 18:00:42,Mark Martinez,mark.martinez@hotmail.com,+1-799-596-1890,Houston,2019-10-24,0
380,381,1464,3.19,22,2020-06-21 04:02:32,Cynthia Rogers,cynthia.rogers@outlook.com,+1-482-538-9529,Chicago,2020-09-17,0
381,382,1824,4.56,1,2022-03-02 02:46:14,Elizabeth Peterson,elizabeth.peterson@protonmail.com,+1-967-319-1052,Houston,2019-05-18,0
382,383,1895,4.5,4,2023-05-08 17:53:57,Kimberly Richardson,kimberly.richardson@yahoo.com,+1-905-617-7705,Chicago,2022-07-25,0
383,384,858,4.33,13,2019-12-16 23:59:44,Betty Myers,betty.myers@outlook.com,+1-460-909-2111,Los Angeles,2020-09-06,0
384,385,1148,4.42,1,2023-07-31 12:31:35,Jennifer James,jennifer.james@icloud.com,+1-663-432-3118,Chicago,2023-11-03,0
385,386,95,3.31,3,2022-09-14 20:46:33,Emma Morris,emma.morris1@hotmail.com,+1-255-292-9494,Los Angeles,2022-06-29,0
386,387,1757,4.09,3,2023-07-23 15:03:35,Emma Clark,emma.clark@hotmail.com,+1-922-852-6848,Chicago,2021-06-27,0
387,388,1734,4.0,1,2022-06-01 07:16:49,Shirley Harris,shirley.harris1@gmail.com,+1-796-124-2576,Chicago,2019-03-10,0
388,389,814,3.6,5,2019-01-27 05:02:28,Edward Reyes,edward.reyes@yahoo.com,+1-289-847-7262,Chicago,2021-05-04,0
389,390,253,3.21,4,2023-12-16 20:22:52,Cynthia Thomas,cynthia.thomas@outlook.com,+1-660-353-3308,New York,2019-04-14,0
390,391,1065,3.22,2,2021-10-12 01:45:24,Jacob Wilson,jacob.wilson@gmail.com,+1-456-601-9147,Chicago,2022-07-10,0
391,392,493,3.52,13,2023-07-28 03:03:02,Lisa Turner,lisa.turner@hotmail.com,+1-587-459-9946,Houston,2019-07-27,0
392,393,809,3.12,3,2021-08-18 23:22:08,Brandon Reed,brandon.reed@gmail.com,+1-390-303-9202,Houston,2022-02-22,0
393,394,260,4.98,25,2020-02-19 23:20:39,Jennifer Evans,jennifer.evans@gmail.com,+1-783-675-4189,Los Angeles,2022-02-07,0
394,395,712,4.67,12,2019-01-03 23:34:56,Amy Parker,amy.parker@yahoo.com,+1-629-817-7099,Los Angeles,2023-10-16,0
395,396,853,3.09,2,2022-04-21 07:17:44,Raymond Myers,raymond.myers@icloud.com,+1-923-394-7996,Los Angeles,2020-06-15,0
396,397,967,3.36,43,2023-04-11 03:20:07,Timothy Bailey,timothy.bailey@icloud.com,+1-424-575-4409,Los Angeles,2019-04-19,0
397,398,267,4.83,6,2023-03-27 16:44:51,John Mitchell,john.mitchell@outlook.com,+1-889-212-7824,Los Angeles,2023-06-20,0
398,399,1158,3.88,1,2023-06-18 07:23:44,Kathleen Hill,kathleen.hill@yahoo.com,+1-330-800-5921,Chicago,2021-12-07,0
399,400,1010,3.96,55,2021-09-01 13:33:18,Joseph Garcia,joseph.garcia@outlook.com,+1-788-229-8223,Los Angeles,2021-01-27,0
400,401,326,4.04,1,2022-04-19 14:15:32,Ashley Long,ashley.long@icloud.com,+1-920-309-7498,Chicago,2022-02-04,0
401,402,1616,4.28,0,2021-05-25 10:13:03,Ronald Brown,ronald.brown@protonmail.com,+1-951-233-8433,Los Angeles,2020-01-18,0
402,403,1541,4.89,1,2022-05-25 13:39:06,Elizabeth Adams,elizabeth.adams@yahoo.com,+1-386-885-7308,Los Angeles,2020-10-15,0
403,404,1751,4.5,3,2020-01-04 22:47:15,Jeffrey Bell,jeffrey.bell@yahoo.com,+1-318-548-2933,Los Angeles,2020-12-21,0
404,405,667,4.19,12,2020-02-06 17:23:40,Justin Bennett,justin.bennett@gmail.com,+1-936-845-5644,New York,2020-03-19,0
405,406,133,3.44,2,2020-07-14 03:35:27,Sandra Nguyen,sandra.nguyen@gmail.com,+1-834-674-6374,Chicago,2022-08-19,0
406,407,51,3.22,22,2020-03-13 18:57:46,Rebecca Allen,rebecca.allen@gmail.com,+1-681-119-9837,New York,2024-05-03,0
407,408,370,4.43,2,2022-09-16 23:22:05,Robert Campbell,robert.campbell@protonmail.com,+1-749-708-2392,New York,2023-04-24,0
408,409,93,4.62,0,2020-07-10 06:36:48,Alexander Cook,alexander.cook@outlook.com,+1-878-510-1601,Houston,2019-06-30,0
409,410,714,3.15,25,2020-07-22 15:05:23,Richard Ross,richard.ross@outlook.com,+1-441-668-8081,Houston,2020-02-06,0
410,411,2000,3.03,9,2019-07-18 17:29:25,Linda Stewart,linda.stewart@icloud.com,+1-735-353-5009,Los Angeles,2023-06-21,0
411,412,1600,3.09,1,2020-05-21 17:15:20,Brian Anderson,brian.anderson@yahoo.com,+1-669-538-7113,Chicago,2022-02-06,0
412,413,1807,4.22,1,2023-07-11 13:09:19,Ryan Thompson,ryan.thompson@icloud.com,+1-939-702-5576,New York,2020-04-20,0
413,414,1453,3.43,73,2019-12-17 08:35:02,Karen Green,karen.green@hotmail.com,+1-588-126-5055,New York,2020-07-07,0
414,415,1032,3.56,4,2023-02-17 16:46:39,Sharon King,sharon.king@protonmail.com,+1-902-587-2959,Los Angeles,2021-11-15,0
415,416,356,4.88,4,2023-11-01 19:23:36,Patricia Lopez,patricia.lopez@outlook.com,+1-767-195-6315,Houston,2019-01-26,0
416,417,1520,4.54,1,2019-12-14 17:06:38,Michelle Wright,michelle.wright@yahoo.com,+1-795-744-7479,Chicago,2021-07-02,0
417,418,1647,3.18,21,2024-03-25 17:31:31,Kevin Hall,kevin.hall@hotmail.com,+1-281-669-6131,Houston,2022-06-08,0
418,419,1460,3.89,1,2022-06-16 04:17:25,Jack Hughes,jack.hughes@icloud.com,+1-764-708-7597,Houston,2022-04-28,0
419,420,927,4.18,1,2024-01-20 16:25:59,Paul Gonzalez,paul.gonzalez@outlook.com,+1-870-698-7408,Houston,2023-05-03,0
420,421,1626,4.95,5,2021-05-12 17:42:01,Jonathan Powell,jonathan.powell@outlook.com,+1-324-297-1484,New York,2021-11-26,0
421,422,1318,4.15,11,2023-06-25 20:28:53,Jack Johnson,jack.johnson@hotmail.com,+1-874-954-6810,Los Angeles,2020-04-06,0
422,423,145,3.19,2,2020-05-14 20:21:14,Amanda Walker,amanda.walker@icloud.com,+1-531-116-3854,Los Angeles,2019-04-18,0
423,424,1503,4.03,4,2020-09-10 18:37:53,Laura Gonzalez,laura.gonzalez@gmail.com,+1-759-733-6618,Los Angeles,2023-01-25,0
424,425,892,3.22,0,2023-09-04 09:37:22,Emma Diaz,emma.diaz@hotmail.com,+1-533-668-2599,Houston,2019-12-27,0
425,426,1690,3.04,13,2020-11-12 11:11:17,Mary Cook,mary.cook@protonmail.com,+1-350-577-3461,Los Angeles,2022-07-01,0
426,427,1465,4.75,2,2022-08-04 21:07:04,Debra Lopez,debra.lopez1@outlook.com,+1-616-889-6123,New York,2022-07-23,0
427,428,27,3.82,8,2020-06-06 05:48:39,Donna Cruz,donna.cruz@hotmail.com,+1-534-512-5844,Chicago,2020-01-28,0
428,429,1599,4.41,40,2019-07-13 19:59:00,Jacob Turner,jacob.turner@hotmail.com,+1-560-460-9887,Houston,2021-12-07,0
429,430,1737,3.01,19,2020-09-03 03:38:48,Anthony Howard,anthony.howard@hotmail.com,+1-712-460-6840,Chicago,2023-06-30,0
430,431,1567,4.5,17,2023-08-03 08:45:02,Karen Brown,karen.brown@icloud.com,+1-591-588-1612,Los Angeles,2019-11-27,0
431,432,305,3.67,23,2023-08-18 01:28:45,Steven Smith,steven.smith@protonmail.com,+1-423-692-2196,New York,2021-05-17,0
432,433,47,3.79,20,2019-10-27 09:12:34,Frank Evans,frank.evans@protonmail.com,+1-369-960-8657,Chicago,2022-06-28,0
433,434,718,3.01,1,2024-05-16 23:02:30,Margaret Allen,margaret.allen@hotmail.com,+1-844-198-8370,Los Angeles,2020-06-16,0
434,435,1856,3.09,1,2020-07-11 13:32:23,Donna Powell,donna.powell@outlook.com,+1-354-137-6266,Houston,2023-11-20,0
435,436,532,3.54,1,2023-07-03 23:24:38,Anna Flores,anna.flores@protonmail.com,+1-926-758-5511,Houston,2024-01-08,0
436,437,1498,4.8,5,2023-09-05 06:32:35,Gary Scott,gary.scott@icloud.com,+1-303-541-4028,Los Angeles,2024-04-26,0
437,438,1842,4.42,5,2022-01-08 19:27:06,John Cooper,john.cooper@gmail.com,+1-713-507-8944,New York,2019-11-18,0
438,439,1496,4.11,0,2020-05-17 19:34:37,Paul Campbell,paul.campbell@outlook.com,+1-559-828-7849,Chicago,2020-10-17,0
439,440,1805,4.85,20,2024-03-28 16:08:49,Kathleen Long,kathleen.long@yahoo.com,+1-951-287-9345,New York,2019-11-08,0
440,441,100,3.34,1,2023-10-21 00:17:22,Maria Nguyen,maria.nguyen@icloud.com,+1-922-379-7807,Houston,2024-06-30,0
441,442,1454,4.53,5,2019-07-14 00:26:35,Jessica Reed,jessica.reed@gmail.com,+1-900-661-7664,New York,2020-11-05,0
442,443,1769,3.12,1,2022-05-21 21:03:09,Susan Bell,susan.bell@hotmail.com,+1-938-794-5709,Houston,2021-05-18,0
443,444,444,4.07,15,2022-09-04 18:50:09,Eric Hughes,eric.hughes@gmail.com,+1-383-328-9450,New York,2024-05-07,0
444,445,1407,3.33,4,2022-11-22 01:22:07,Amy Lopez,amy.lopez@outlook.com,+1-889-661-8648,Chicago,2024-01-10,0
445,446,1660,4.51,1,2021-01-28 06:51:06,Donna Foster,donna.foster@hotmail.com,+1-871-257-9265,New York,2024-02-16,0
446,447,1903,4.72,17,2020-07-04 21:13:18,Emily King,emily.king@protonmail.com,+1-650-370-2514,Houston,2020-12-28,0
447,448,1585,4.69,2,2020-10-04 12:48:21,Robert Diaz,robert.diaz@hotmail.com,+1-263-927-6922,Houston,2024-06-27,0
448,449,354,4.76,1,2023-04-08 10:07:50,James Flores,james.flores@hotmail.com,+1-568-879-5419,New York,2019-09-29,0
449,450,397,4.22,2,2022-04-12 06:51:43,Rachel Young,rachel.young@outlook.com,+1-233-560-5305,Los Angeles,2023-11-01,0
450,451,1005,4.35,7,2020-09-25 07:54:24,Emma Cruz,emma.cruz@protonmail.com,+1-742-962-9986,Houston,2021-07-26,0
451,452,380,3.43,1,2023-02-11 15:43:14,Jeffrey Morris,jeffrey.morris@yahoo.com,+1-614-744-4022,Chicago,2022-08-04,0
452,453,262,3.82,3,2019-09-16 19:25:53,Richard Phillips,richard.phillips@outlook.com,+1-547-671-6990,Chicago,2020-02-12,0
453,454,1379,4.01,23,2024-05-26 21:00:45,Justin Lee,justin.lee@yahoo.com,+1-981-546-5182,Los Angeles,2021-11-09,0
454,455,300,3.23,5,2024-05-14 18:40:14,Brandon Hernandez,brandon.hernandez@icloud.com,+1-657-640-6927,New York,2024-02-22,0
455,456,1202,4.93,10,2022-06-04 11:51:49,Raymond Clark,raymond.clark@icloud.com,+1-839-907-8244,Los Angeles,2023-12-23,0
456,457,1194,3.35,3,2022-11-14 05:59:52,Maria Torres,maria.torres@outlook.com,+1-844-780-5021,Chicago,2023-03-23,0
457,458,545,3.21,3,2022-09-10 13:22:13,Michael Bennett,michael.bennett@icloud.com,+1-794-735-2166,Houston,2023-12-27,0
458,459,154,4.1,6,2019-12-04 14:17:21,Sandra Turner,sandra.turner@outlook.com,+1-664-508-7815,New York,2020-10-02,0
459,460,385,3.0,18,2019-08-20 02:35:30,Deborah Wood,deborah.wood@hotmail.com,+1-801-216-6700,Los Angeles,2023-09-28,0
460,461,1165,3.38,43,2023-04-21 14:16:31,Frank Wilson,frank.wilson@hotmail.com,+1-747-118-1095,Houston,2019-08-27,0
461,462,466,4.58,17,2020-09-16 20:58:23,Brian Thomas,brian.thomas@gmail.com,+1-672-151-3752,Houston,2023-08-10,0
462,463,1383,4.8,4,2024-03-06 09:27:53,Jacob Price,jacob.price@yahoo.com,+1-460-353-3644,New York,2019-08-28,0
463,464,37,3.3,13,2023-08-07 11:23:33,Sarah Morris,sarah.morris@protonmail.com,+1-743-672-6198,Houston,2022-06-08,0
464,465,1904,4.7,20,2020-11-26 08:09:59,Scott Campbell,scott.campbell@outlook.com,+1-990-757-9569,Houston,2023-08-26,0
465,466,443,3.7,2,2020-08-03 11:25:28,Ashley Torres,ashley.torres@protonmail.com,+1-527-377-2276,Los Angeles,2019-09-02,0
466,467,1251,3.92,1,2024-02-08 09:42:06,Alexander Moore,alexander.moore@protonmail.com,+1-202-723-8807,New York,2024-01-21,0
467,468,128,4.46,1,2019-07-16 16:02:28,Emma Campbell,emma.campbell@icloud.com,+1-713-379-3695,Los Angeles,2024-02-15,0
468,469,261,4.06,1,2021-10-07 21:06:35,Andrew Martinez,andrew.martinez@hotmail.com,+1-716-561-5582,New York,2019-09-21,0
469,470,905,4.42,6,2019-03-03 11:15:55,Jacob Long,jacob.long@icloud.com,+1-635-738-3945,Houston,2021-11-09,0
470,471,990,3.81,3,2023-02-07 09:17:25,Debra Smith,debra.smith@protonmail.com,+1-272-494-6454,New York,2020-08-30,0
471,472,1636,3.99,3,2019-10-23 01:37:11,Patricia Anderson,patricia.anderson@yahoo.com,+1-530-539-4046,Los Angeles,2020-05-17,0
472,473,1028,4.3,77,2022-08-05 15:16:54,Scott Hill,scott.hill@hotmail.com,+1-772-857-8593,Chicago,2019-02-24,0
473,474,710,4.51,15,2022-02-24 06:39:11,Anthony Carter,anthony.carter@icloud.com,+1-303-433-6924,Los Angeles,2020-01-19,0
474,475,274,4.65,15,2020-06-03 00:00:47,Michelle Reyes,michelle.reyes@hotmail.com,+1-738-485-6140,Chicago,2021-07-30,0
475,476,783,3.01,3,2023-07-31 05:03:32,Kevin Williams,kevin.williams@protonmail.com,+1-482-666-9376,Chicago,2019-07-13,0
476,477,1218,4.05,17,2021-04-07 16:18:05,Robert Sullivan,robert.sullivan@yahoo.com,+1-772-478-2945,Houston,2019-08-14,0
477,478,629,3.49,2,2019-08-22 04:54:20,John Roberts,john.roberts@protonmail.com,+1-321-647-1096,New York,2023-03-29,0
478,479,869,4.24,6,2022-12-22 04:40:17,Elizabeth Edwards,elizabeth.edwards@icloud.com,+1-225-918-8907,Chicago,2020-01-25,0
479,480,939,4.21,2,2022-06-27 01:17:27,Raymond Wilson,raymond.wilson@hotmail.com,+1-932-365-2692,New York,2019-05-30,0
480,481,1586,3.23,7,2023-04-13 06:55:24,Gary Ramirez,gary.ramirez@gmail.com,+1-416-988-1375,Houston,2020-07-06,0
481,482,909,4.39,12,2021-12-30 16:37:11,Scott Murphy,scott.murphy@protonmail.com,+1-281-245-9624,Los Angeles,2021-08-10,0
482,483,127,4.94,16,2022-07-25 18:50:55,Emily Adams,emily.adams@protonmail.com,+1-625-279-4289,Chicago,2023-05-30,0
483,484,628,4.16,21,2023-07-15 17:19:52,Dorothy Turner,dorothy.turner@hotmail.com,+1-661-745-7626,Houston,2020-10-09,0
484,485,1470,4.29,14,2023-08-08 21:12:34,Jack Reyes,jack.reyes@icloud.com,+1-900-723-1693,Houston,2024-05-29,0
485,486,1760,4.39,2,2021-12-23 05:40:47,Jason Foster,jason.foster@icloud.com,+1-697-386-2285,Chicago,2024-02-11,0
486,487,67,4.32,13,2020-07-07 15:11:16,Maria Rivera,maria.rivera@hotmail.com,+1-217-195-5820,Chicago,2021-04-08,0
487,488,1063,4.47,68,2019-02-21 16:29:32,Jeffrey Ross,jeffrey.ross@hotmail.com,+1-485-883-5472,Houston,2020-12-30,0
488,489,641,4.98,6,2020-04-13 03:09:50,Andrew Watson,andrew.watson@gmail.com,+1-398-425-8960,Houston,2020-11-03,0
489,490,648,4.4,4,2022-03-16 21:29:34,John Rogers,john.rogers@protonmail.com,+1-231-932-7637,Chicago,2024-01-31,0
490,491,1744,3.74,3,2022-05-25 10:31:09,Betty Nelson,betty.nelson@gmail.com,+1-342-309-9963,Los Angeles,2024-03-07,0
491,492,559,4.07,65,2020-06-14 16:53:03,Debra Allen,debra.allen@icloud.com,+1-838-149-1785,New York,2022-08-31,0
492,493,774,4.22,1,2022-01-04 12:50:09,Joshua Martinez,joshua.martinez@yahoo.com,+1-731-199-2658,Chicago,2021-12-24,0
493,494,322,4.15,3,2019-10-20 16:07:12,Anthony Nelson,anthony.nelson@protonmail.com,+1-280-560-7079,New York,2022-01-01,0
494,495,845,3.28,1,2022-10-24 13:30:35,Samuel Gomez,samuel.gomez@yahoo.com,+1-250-289-3429,New York,2022-08-30,0
495,496,1229,3.41,1,2024-03-31 03:39:56,Brenda Hernandez,brenda.hernandez@yahoo.com,+1-833-654-1866,Chicago,2023-03-18,0
496,497,81,4.01,2,2023-10-23 23:03:51,Gregory Hernandez,gregory.hernandez@yahoo.com,+1-445-277-2229,Chicago,2019-01-06,0
497,498,1735,4.78,3,2020-05-19 21:26:55,Sarah Smith,sarah.smith@outlook.com,+1-992-517-9955,New York,2020-11-28,0
498,499,1387,3.69,8,2020-11-25 10:32:18,Pamela Hall,pamela.hall@yahoo.com,+1-475-866-4432,Houston,2022-12-02,0
499,500,1250,4.2,2,2022-09-13 23:31:55,Ashley Reyes,ashley.reyes@outlook.com,+1-549-315-8533,Los Angeles,2019-02-02,0
500,501,92,4.26,3,2019-01-29 01:30:32,Brian Adams,brian.adams@protonmail.com,+1-307-978-3634,Los Angeles,2021-04-23,0
501,502,874,4.53,1,2021-07-14 10:09:53,Donna Bennett,donna.bennett@yahoo.com,+1-528-305-4154,Los Angeles,2020-07-20,0
502,503,1365,4.77,3,2023-12-05 22:05:35,Michael Cruz,michael.cruz@yahoo.com,+1-903-812-4644,Houston,2021-12-03,0
503,504,1263,4.72,17,2019-03-11 19:50:36,Jeffrey Gray,jeffrey.gray@protonmail.com,+1-865-153-6292,Houston,2023-09-26,0
504,505,681,3.89,1,2024-05-03 06:27:09,Anthony Turner,anthony.turner@icloud.com,+1-770-594-3928,Los Angeles,2022-02-19,0
505,506,760,3.95,9,2024-04-02 00:23:48,Matthew Williams,matthew.williams@protonmail.com,+1-586-466-3207,Los Angeles,2024-01-15,0
506,507,635,3.82,4,2024-01-08 21:23:52,Brenda Jackson,brenda.jackson@gmail.com,+1-242-105-7456,New York,2020-09-16,0
507,508,137,4.98,4,2021-08-04 02:07:13,Diane Morales,diane.morales@yahoo.com,+1-624-770-2622,Houston,2022-06-14,0
508,509,410,3.13,10,2022-09-22 10:09:32,Richard Brooks,richard.brooks@hotmail.com,+1-216-227-3588,Houston,2021-07-23,0
509,510,25,4.15,4,2022-05-16 10:32:26,Sharon Smith,sharon.smith@icloud.com,+1-751-803-4228,Los Angeles,2021-06-02,0
510,511,1064,3.97,46,2023-10-14 10:15:28,Gary Cruz,gary.cruz@icloud.com,+1-614-596-9379,Los Angeles,2019-10-29,0
511,512,1255,3.01,24,2024-01-24 11:57:53,Catherine Johnson,catherine.johnson@gmail.com,+1-673-479-4161,Houston,2019-01-20,0
512,513,1715,3.91,15,2023-03-28 07:50:50,Debra Williams,debra.williams@yahoo.com,+1-345-938-4943,Chicago,2021-11-13,0
513,514,1067,3.51,52,2021-12-29 10:47:49,Patricia Thompson,patricia.thompson1@hotmail.com,+1-819-795-6356,Chicago,2020-09-12,0
514,515,1625,4.37,2,2023-11-09 23:14:55,Carol Hall,carol.hall@hotmail.com,+1-828-714-9953,New York,2019-11-21,0
515,516,1259,3.57,1,2021-05-06 21:06:34,Debra Phillips,debra.phillips@gmail.com,+1-484-682-9197,Houston,2019-12-16,0
516,517,1950,3.15,11,2023-05-01 14:11:09,Michael Mitchell,michael.mitchell@icloud.com,+1-684-320-8158,Los Angeles,2023-03-10,0
517,518,1006,3.39,49,2024-03-04 19:20:42,Joshua Kelly,joshua.kelly@yahoo.com,+1-513-275-5259,Chicago,2021-09-18,0
518,519,148,4.6,3,2021-07-28 02:48:31,Benjamin Garcia,benjamin.garcia@protonmail.com,+1-874-633-5941,Houston,2022-08-10,0
519,520,1359,3.23,14,2022-12-06 12:26:53,Emma Foster,emma.foster@gmail.com,+1-438-121-3032,Los Angeles,2020-04-29,0
520,521,1272,3.49,0,2022-11-24 23:58:30,Jessica Hernandez,jessica.hernandez@gmail.com,+1-234-486-6132,New York,2023-05-22,0
521,522,1777,4.04,3,2024-05-11 01:46:24,Scott Hernandez,scott.hernandez@outlook.com,+1-824-664-6145,New York,2021-06-21,0
522,523,1262,3.69,0,2022-05-23 14:50:24,Frank Williams,frank.williams@protonmail.com,+1-894-645-5143,Houston,2019-01-05,0
523,524,1885,4.47,1,2023-07-25 15:28:43,Melissa Allen,melissa.allen@icloud.com,+1-213-721-5473,New York,2022-08-18,0
524,525,984,4.62,3,2019-11-28 20:54:55,Jennifer Garcia,jennifer.garcia@hotmail.com,+1-951-887-9261,New York,2021-05-21,0
525,526,1768,4.99,3,2021-06-29 05:13:29,Patricia Baker,patricia.baker@protonmail.com,+1-836-544-8004,New York,2023-07-12,0
526,527,1412,4.55,1,2023-07-17 03:52:09,Alexander Nelson,alexander.nelson@yahoo.com,+1-789-884-2059,Los Angeles,2021-02-11,0
527,528,992,3.06,1,2021-06-20 01:08:32,Brian Powell,brian.powell@gmail.com,+1-727-790-6963,New York,2019-08-16,0
528,529,208,3.63,1,2024-02-23 10:42:06,Andrew Nguyen,andrew.nguyen@protonmail.com,+1-342-877-8685,Houston,2022-06-14,0
529,530,1076,3.33,37,2024-06-11 10:35:05,Ronald Wood,ronald.wood@protonmail.com,+1-561-884-5660,Los Angeles,2019-05-06,0
530,531,1934,4.03,3,2022-05-10 15:56:19,Rachel Cruz,rachel.cruz@hotmail.com,+1-632-889-1893,Los Angeles,2021-05-20,0
531,532,169,4.75,34,2021-10-11 22:03:28,Frank Cox,frank.cox@hotmail.com,+1-739-783-6053,New York,2020-03-27,0
532,533,1785,4.93,1,2020-01-03 10:40:08,Andrew Jackson,andrew.jackson@gmail.com,+1-534-721-6902,Los Angeles,2024-06-20,0
533,534,1260,4.67,5,2019-04-08 13:16:54,Larry Harris,larry.harris@protonmail.com,+1-956-679-3875,New York,2022-04-19,0
534,535,1193,3.33,3,2020-03-09 12:55:48,Gary Baker,gary.baker@outlook.com,+1-717-275-2396,Los Angeles,2021-02-01,0
535,536,1674,4.92,14,2019-05-02 10:21:11,Nancy Rogers,nancy.rogers@protonmail.com,+1-837-588-6002,Chicago,2019-12-15,0
536,537,1015,3.79,0,2021-06-19 14:52:08,Emily Howard,emily.howard@protonmail.com,+1-350-918-8243,Los Angeles,2022-11-12,0
537,538,216,4.11,1,2019-07-10 03:53:29,William Hall,william.hall@yahoo.com,+1-950-772-2698,Los Angeles,2019-10-01,0
538,539,912,3.04,1,2023-08-19 06:44:13,Michael Baker,michael.baker@icloud.com,+1-997-111-8681,Houston,2021-11-15,0
539,540,1872,3.36,1,2023-07-20 01:44:36,Karen Wilson,karen.wilson@protonmail.com,+1-421-386-3921,Los Angeles,2022-02-28,0
540,541,1882,4.67,1,2022-01-19 00:51:43,Patricia Campbell,patricia.campbell@hotmail.com,+1-989-786-6668,Houston,2020-03-13,0
541,542,1296,4.04,60,2020-11-18 23:43:41,Thomas Harris,thomas.harris@yahoo.com,+1-745-487-7131,Los Angeles,2022-05-12,0
542,543,1976,3.0,61,2023-08-04 13:16:46,Pamela Morris,pamela.morris@hotmail.com,+1-450-800-8268,Chicago,2023-06-20,0
543,544,1182,4.15,11,2020-08-13 03:59:18,Daniel Sanchez,daniel.sanchez@yahoo.com,+1-820-603-2653,Houston,2024-04-15,0
544,545,403,4.75,1,2019-05-08 20:17:33,Rachel Taylor,rachel.taylor@protonmail.com,+1-335-355-3396,Los Angeles,2023-08-24,0
545,546,426,3.66,1,2021-08-05 23:29:26,Brandon Martinez,brandon.martinez@icloud.com,+1-212-469-6185,Chicago,2021-03-03,0
546,547,1447,4.33,12,2023-08-08 09:13:42,Richard Reyes,richard.reyes@gmail.com,+1-442-137-4081,Chicago,2020-09-05,0
547,548,1936,4.1,35,2024-04-06 17:07:34,Gary Sanders,gary.sanders@outlook.com,+1-747-473-2829,Chicago,2021-05-18,0
548,549,1344,4.19,1,2023-01-11 19:37:55,Jessica Reed,jessica.reed@protonmail.com,+1-600-272-2271,New York,2022-10-19,0
549,550,624,3.52,1,2019-11-26 06:54:42,Stephen Reed,stephen.reed@gmail.com,+1-841-167-4453,Chicago,2023-11-07,0
550,551,1820,4.11,1,2022-07-16 10:45:49,Alexander Green,alexander.green@gmail.com,+1-643-202-9540,Los Angeles,2020-01-25,0
551,552,1514,4.97,0,2021-01-04 23:22:17,Jennifer Bennett,jennifer.bennett@yahoo.com,+1-484-236-5430,New York,2022-08-08,0
552,553,492,3.03,2,2022-10-21 00:33:56,Susan Ross,susan.ross@gmail.com,+1-249-495-8179,Houston,2024-06-07,0
553,554,83,4.58,6,2019-02-09 12:52:19,Andrew Foster,andrew.foster@outlook.com,+1-919-980-8438,New York,2022-11-08,0
554,555,998,3.09,2,2020-10-23 07:32:58,Patrick Reed,patrick.reed@protonmail.com,+1-745-399-8405,Los Angeles,2023-06-27,0
555,556,688,3.09,1,2021-12-07 14:36:30,Amy Edwards,amy.edwards@gmail.com,+1-406-970-9489,Los Angeles,2020-02-03,0
556,557,906,4.44,0,2022-06-07 00:00:31,Jeffrey Bell,jeffrey.bell@hotmail.com,+1-593-463-4698,Chicago,2021-05-19,0
557,558,1531,3.2,1,2024-01-28 01:48:23,Emma Thomas,emma.thomas@gmail.com,+1-245-205-9923,Los Angeles,2019-07-30,0
558,559,1038,3.71,17,2020-09-23 15:34:35,Scott Rivera,scott.rivera@yahoo.com,+1-213-240-9489,Los Angeles,2021-02-02,0
559,560,1061,3.03,2,2022-01-15 12:23:21,Stephanie Myers,stephanie.myers@icloud.com,+1-304-859-3764,New York,2021-01-14,0
560,561,910,3.77,16,2019-10-29 15:39:35,Jonathan Hernandez,jonathan.hernandez@icloud.com,+1-824-190-5017,Houston,2022-07-15,0
561,562,669,4.12,3,2023-10-23 10:18:11,Charles Ward,charles.ward@yahoo.com,+1-838-775-9369,Los Angeles,2019-12-10,0
562,563,500,3.38,1,2022-09-23 16:08:46,Donald Gonzalez,donald.gonzalez@gmail.com,+1-602-685-9043,Chicago,2019-04-22,0
563,564,946,4.96,3,2021-07-03 00:22:29,Carol Hernandez,carol.hernandez@hotmail.com,+1-978-884-5750,Chicago,2019-12-28,0
564,565,785,3.86,1,2023-11-05 07:40:20,Scott Young,scott.young@yahoo.com,+1-462-930-5920,New York,2022-03-14,0
565,566,1646,3.1,5,2023-01-30 20:23:09,John Rodriguez,john.rodriguez@hotmail.com,+1-297-949-7800,Los Angeles,2020-07-16,0
566,567,788,4.83,5,2019-03-02 14:26:54,Heather Howard,heather.howard@hotmail.com,+1-280-898-1916,Los Angeles,2020-12-13,0
567,568,1000,4.31,15,2023-07-08 04:46:13,Daniel Torres,daniel.torres@gmail.com,+1-311-268-5521,New York,2022-11-28,0
568,569,101,3.94,38,2022-07-11 15:17:16,Gary Young,gary.young@hotmail.com,+1-764-248-7284,Chicago,2024-03-02,0
569,570,1390,4.76,4,2019-04-19 11:47:04,Daniel Mitchell,daniel.mitchell@yahoo.com,+1-920-237-4244,Houston,2020-01-08,0
570,571,750,3.06,14,2024-05-14 12:30:50,Ryan Young,ryan.young@protonmail.com,+1-234-303-8550,New York,2021-12-03,0
571,572,1896,4.5,9,2022-08-21 21:37:16,Diane Smith,diane.smith@outlook.com,+1-480-674-6745,New York,2020-11-30,0
572,573,1341,3.74,5,2020-01-17 18:14:33,Patrick Moore,patrick.moore@outlook.com,+1-886-866-8606,Houston,2021-08-02,0
573,574,1733,3.1,14,2021-04-23 03:48:25,Frank Torres,frank.torres@yahoo.com,+1-406-859-3655,Houston,2023-07-25,0
574,575,277,4.84,4,2021-07-30 10:31:03,Anthony Myers,anthony.myers@protonmail.com,+1-700-424-8861,Los Angeles,2022-02-21,0
575,576,574,4.9,8,2021-02-22 03:19:44,Rebecca James,rebecca.james@yahoo.com,+1-315-235-1960,Chicago,2019-08-01,0
576,577,1213,3.26,17,2024-01-24 13:13:58,Linda Parker,linda.parker@yahoo.com,+1-687-319-8309,New York,2021-01-26,0
577,578,150,4.88,2,2022-05-07 05:37:55,Ryan Martinez,ryan.martinez@gmail.com,+1-529-722-3430,New York,2019-09-16,0
578,579,1475,3.97,2,2021-12-01 11:45:54,Donna Gray,donna.gray@icloud.com,+1-236-574-8999,New York,2020-12-29,0
579,580,569,4.91,4,2023-10-02 14:10:49,Emily King,emily.king@hotmail.com,+1-251-202-3862,New York,2023-10-12,0
580,581,1911,4.8,3,2022-05-30 10:58:44,Amanda Johnson,amanda.johnson@yahoo.com,+1-631-586-6483,Los Angeles,2022-08-19,0
581,582,1039,4.64,1,2022-03-08 16:15:24,Nicholas Turner,nicholas.turner@outlook.com,+1-366-204-4569,Chicago,2021-10-27,0
582,583,1071,3.33,15,2019-04-30 23:40:06,Jessica Roberts,jessica.roberts@hotmail.com,+1-522-973-7165,Houston,2021-07-30,0
583,584,1680,3.76,4,2020-01-27 14:40:20,Charles Gonzalez,charles.gonzalez@gmail.com,+1-511-923-6499,Houston,2021-10-01,0
584,585,634,3.23,3,2021-12-05 08:53:22,Debra Jackson,debra.jackson@outlook.com,+1-893-914-7113,New York,2022-02-07,0
585,586,674,4.22,1,2022-09-17 04:31:53,Rebecca Mitchell,rebecca.mitchell@gmail.com,+1-914-642-8028,Chicago,2024-04-05,0
586,587,166,4.74,1,2020-03-01 10:01:06,Michael Martin,michael.martin@yahoo.com,+1-972-732-1815,New York,2020-07-11,0
587,588,678,3.63,5,2022-08-14 21:21:29,James Carter,james.carter@protonmail.com,+1-410-804-6175,Houston,2021-01-11,0
588,589,460,4.54,1,2020-07-26 09:41:29,Michelle Jackson,michelle.jackson@gmail.com,+1-928-354-6828,Houston,2021-11-17,0
589,590,84,4.88,1,2020-07-15 17:25:41,Sandra King,sandra.king@protonmail.com,+1-803-777-4241,Houston,2019-08-24,0
590,591,791,3.25,1,2019-01-25 14:08:25,Catherine Lewis,catherine.lewis@yahoo.com,+1-251-789-7436,Houston,2023-03-22,0
591,592,1712,3.66,5,2020-10-31 09:28:41,Anthony Wilson,anthony.wilson@hotmail.com,+1-225-952-9287,Houston,2021-03-11,0
592,593,1102,4.86,1,2021-07-05 04:58:51,Raymond Moore,raymond.moore@yahoo.com,+1-314-684-9196,New York,2021-12-04,0
593,594,566,3.88,2,2019-04-02 08:11:25,Anthony Myers,anthony.myers@hotmail.com,+1-538-340-1044,New York,2022-10-07,0
594,595,250,3.52,84,2021-08-12 18:11:09,Alexander Davis,alexander.davis@yahoo.com,+1-650-525-8933,Houston,2020-02-22,0
595,596,241,3.96,1,2022-04-22 22:51:10,Kevin Gray,kevin.gray@gmail.com,+1-660-577-9476,Los Angeles,2019-09-20,0
596,597,1277,3.61,0,2021-06-15 13:36:52,Jonathan Nelson,jonathan.nelson@icloud.com,+1-397-210-2682,New York,2022-05-03,0
597,598,1203,4.37,14,2021-10-08 20:29:00,Rachel Evans,rachel.evans@yahoo.com,+1-508-186-1605,Los Angeles,2021-03-09,0
598,599,296,3.74,1,2020-11-23 07:57:20,Carolyn Thomas,carolyn.thomas@hotmail.com,+1-514-263-7642,Los Angeles,2022-11-14,0
599,600,1338,4.2,85,2021-10-10 15:31:44,Laura Perez,laura.perez@outlook.com,+1-412-618-1731,Houston,2019-02-24,0
600,601,1823,3.34,2,2020-12-21 01:17:51,Nicholas White,nicholas.white@protonmail.com,+1-708-389-3159,Chicago,2022-07-24,0
601,602,114,4.07,3,2021-08-29 00:39:29,Richard Bennett,richard.bennett@protonmail.com,+1-302-554-3725,Los Angeles,2024-01-25,0
602,603,153,3.01,7,2019-09-12 06:06:33,Catherine Anderson,catherine.anderson@protonmail.com,+1-866-998-4522,Houston,2021-07-13,0
603,604,1418,4.94,2,2021-06-12 03:18:22,Gregory Richardson,gregory.richardson@icloud.com,+1-427-209-7476,New York,2022-01-07,0
604,605,3,3.67,30,2021-12-16 06:15:12,Scott Kelly,scott.kelly@icloud.com,+1-523-367-4346,Los Angeles,2020-05-03,0
605,606,982,3.44,11,2020-05-31 10:34:12,Mary Morales,mary.morales@hotmail.com,+1-953-993-5041,Chicago,2020-11-01,0
606,607,1878,4.4,2,2024-01-26 11:54:50,Edward Carter,edward.carter@hotmail.com,+1-923-585-6816,Los Angeles,2023-09-14,0
607,608,1022,3.11,3,2021-02-13 00:59:24,George Hall,george.hall@outlook.com,+1-656-995-2435,Chicago,2023-01-30,0
608,609,1129,3.79,3,2020-07-28 06:17:12,Ashley Mitchell,ashley.mitchell@icloud.com,+1-900-762-8506,New York,2019-01-22,0
609,610,863,4.89,34,2019-07-31 05:39:41,Diane Davis,diane.davis@icloud.com,+1-506-678-6169,New York,2020-03-02,0
610,611,96,4.86,11,2023-01-07 09:20:49,Amy Brooks,amy.brooks@hotmail.com,+1-978-152-4335,Los Angeles,2022-01-29,0
611,612,1271,3.47,8,2024-06-11 16:45:24,Donald Martinez,donald.martinez@icloud.com,+1-834-549-2567,Houston,2022-03-31,0
612,613,673,3.29,20,2022-12-10 11:13:40,Kathleen Reyes,kathleen.reyes@yahoo.com,+1-817-652-1019,Houston,2021-12-05,0
613,614,1050,3.99,1,2022-08-15 06:56:16,Eric Morales,eric.morales@icloud.com,+1-447-617-2119,New York,2023-08-06,0
614,615,1457,4.54,3,2023-07-24 12:24:12,Susan Thomas,susan.thomas@yahoo.com,+1-739-845-6022,Houston,2019-07-15,0
615,616,1998,4.29,50,2021-02-04 11:28:54,Betty Campbell,betty.campbell@protonmail.com,+1-233-508-2619,Los Angeles,2021-11-05,0
616,617,1280,4.23,2,2023-09-23 10:52:50,Jennifer Davis,jennifer.davis@yahoo.com,+1-519-698-8140,Los Angeles,2020-09-29,0
617,618,1537,3.64,13,2021-09-25 00:33:49,Nancy Hughes,nancy.hughes@hotmail.com,+1-353-783-5940,Los Angeles,2020-12-14,0
618,619,1742,4.11,2,2020-06-15 04:23:13,Jonathan Wood,jonathan.wood@icloud.com,+1-519-508-1928,New York,2022-04-08,0
619,620,552,3.36,52,2021-08-06 10:52:03,Robert Reed,robert.reed@yahoo.com,+1-948-482-1230,Los Angeles,2023-03-31,0
620,621,311,3.34,1,2021-12-11 20:09:38,Ronald Robinson,ronald.robinson@yahoo.com,+1-671-454-3541,Los Angeles,2020-01-22,0
621,622,1912,3.28,20,2021-08-29 07:13:10,Richard White,richard.white@outlook.com,+1-513-266-8648,Chicago,2023-03-21,0
622,623,1915,3.2,12,2019-12-26 07:56:53,Stephanie Hill,stephanie.hill@gmail.com,+1-439-881-9306,New York,2021-05-12,0
623,624,520,4.95,1,2021-10-15 02:28:01,Catherine Price,catherine.price@gmail.com,+1-433-237-5923,Houston,2023-05-05,0
624,625,1659,3.98,3,2024-03-25 13:49:48,Deborah Harris,deborah.harris@hotmail.com,+1-307-448-4418,Los Angeles,2023-04-07,0
625,626,404,3.17,5,2019-07-26 19:04:54,Ashley Hughes,ashley.hughes@hotmail.com,+1-701-245-5402,Houston,2021-02-07,0
626,627,557,3.11,1,2019-06-12 06:12:39,Stephanie Williams,stephanie.williams@yahoo.com,+1-429-844-3149,Chicago,2023-02-12,0
627,628,1639,4.06,14,2024-06-01 06:11:04,Justin Adams,justin.adams@yahoo.com,+1-775-167-7317,Los Angeles,2022-05-17,0
628,629,1484,3.09,4,2021-08-16 12:27:28,Kathleen Cruz,kathleen.cruz@outlook.com,+1-321-531-9012,Houston,2023-06-27,0
629,630,228,4.2,2,2021-03-13 14:12:33,Diane Hughes,diane.hughes@yahoo.com,+1-231-246-8179,New York,2019-09-16,0
630,631,1327,3.9,16,2021-08-12 14:41:29,Michelle Turner,michelle.turner@hotmail.com,+1-360-213-3115,Houston,2021-09-06,0
631,632,1650,3.54,1,2020-12-16 13:59:03,Susan Adams,susan.adams@protonmail.com,+1-941-546-4708,Chicago,2019-06-30,0
632,633,1070,4.53,1,2024-06-07 03:35:53,Carol Bailey,carol.bailey@icloud.com,+1-218-882-1517,Houston,2023-12-08,0
633,634,418,3.43,7,2020-03-14 12:36:50,Melissa Hill,melissa.hill@yahoo.com,+1-591-892-3181,Chicago,2019-05-21,0
634,635,589,3.6,10,2023-07-02 07:27:41,Laura Anderson,laura.anderson@gmail.com,+1-977-774-4633,New York,2020-11-30,0
635,636,701,4.46,55,2021-07-08 00:11:34,Daniel Nguyen,daniel.nguyen@outlook.com,+1-562-323-5408,Chicago,2024-04-23,0
636,637,823,3.22,59,2022-12-04 00:51:11,Eric Richardson,eric.richardson@hotmail.com,+1-929-765-7126,Chicago,2023-10-12,0
637,638,722,3.24,1,2023-12-09 19:15:15,David Carter,david.carter@icloud.com,+1-493-574-3373,Chicago,2022-08-04,0
638,639,803,3.6,1,2023-11-10 06:31:05,Jack Reed,jack.reed@yahoo.com,+1-408-659-9573,Los Angeles,2022-01-28,0
639,640,596,3.92,5,2021-03-18 15:50:02,Sharon Ward,sharon.ward@hotmail.com,+1-720-899-3903,Chicago,2023-02-05,0
640,641,1298,3.58,45,2024-02-17 13:31:00,Karen Adams,karen.adams@yahoo.com,+1-254-744-5588,Chicago,2023-10-10,0
641,642,1305,3.41,5,2021-11-01 17:52:19,David Nguyen,david.nguyen@hotmail.com,+1-731-460-4771,New York,2021-08-10,0
642,643,10,3.46,2,2023-05-06 05:00:08,Carol Clark,carol.clark@protonmail.com,+1-849-973-5325,Houston,2020-05-29,0
643,644,956,4.07,1,2020-11-21 11:49:42,Susan Anderson,susan.anderson@hotmail.com,+1-809-918-4613,New York,2023-07-06,0
644,645,180,3.39,14,2023-07-05 04:33:52,Anna Martin,anna.martin@protonmail.com,+1-277-281-9095,Houston,2023-03-26,0
645,646,289,3.44,87,2019-09-16 07:48:23,Emma Cooper,emma.cooper@hotmail.com,+1-337-971-9261,Houston,2020-07-12,0
646,647,1178,4.75,1,2019-08-02 06:44:29,Sharon Williams,sharon.williams@yahoo.com,+1-494-843-4149,Houston,2020-12-05,0
647,648,887,4.38,6,2021-01-14 13:17:43,George Richardson,george.richardson@icloud.com,+1-330-620-2686,Houston,2023-08-02,0
648,649,504,4.65,2,2023-06-08 04:55:35,Emma Roberts,emma.roberts@yahoo.com,+1-579-490-7052,Chicago,2021-07-01,0
649,650,110,4.84,68,2020-07-20 03:17:40,Rachel Martin,rachel.martin@gmail.com,+1-680-900-5342,Los Angeles,2022-06-30,0
650,651,1539,3.85,0,2019-04-27 07:19:24,James Martin,james.martin@protonmail.com,+1-350-427-3421,Houston,2021-07-03,0
651,652,1787,4.03,1,2023-04-22 04:09:09,Jennifer Nguyen,jennifer.nguyen@yahoo.com,+1-805-126-2740,Chicago,2023-07-13,0
652,653,20,4.07,9,2020-06-27 23:06:10,Sandra Lewis,sandra.lewis@gmail.com,+1-875-297-7528,Los Angeles,2020-07-24,0
653,654,1689,4.62,2,2023-09-26 23:14:22,Benjamin Thomas,benjamin.thomas@hotmail.com,+1-665-680-6685,Los Angeles,2019-08-14,0
654,655,1612,3.14,30,2020-06-24 20:57:49,Kevin Peterson,kevin.peterson@yahoo.com,+1-647-336-2631,Chicago,2021-10-29,0
655,656,1868,3.96,4,2023-01-16 10:48:37,Richard Reed,richard.reed@hotmail.com,+1-538-196-2001,Houston,2022-05-02,0
656,657,541,3.39,76,2021-06-05 05:06:41,Carolyn Rivera,carolyn.rivera@icloud.com,+1-507-965-3785,Chicago,2020-08-24,0
657,658,715,4.65,4,2022-09-12 20:39:37,Charles Powell,charles.powell@yahoo.com,+1-684-925-1159,Chicago,2021-05-13,0
658,659,1907,3.37,42,2019-07-14 11:24:44,Catherine Rogers,catherine.rogers@icloud.com,+1-960-913-5406,New York,2021-11-17,0
659,660,816,3.63,1,2020-01-15 17:54:56,Thomas Clark,thomas.clark@protonmail.com,+1-341-694-9869,Chicago,2023-11-02,0
660,661,1645,3.89,4,2021-08-07 20:50:55,Thomas Evans,thomas.evans@gmail.com,+1-746-640-1640,Los Angeles,2022-08-13,0
661,662,316,3.82,3,2020-10-22 20:34:30,Joshua Jackson,joshua.jackson@protonmail.com,+1-733-326-7775,Los Angeles,2020-07-17,0
662,663,1347,4.85,13,2020-12-04 11:33:39,Alexander Flores,alexander.flores@hotmail.com,+1-253-712-1076,New York,2023-05-01,0
663,664,1510,3.97,2,2023-05-10 06:53:23,Deborah Evans,deborah.evans@icloud.com,+1-478-311-4015,New York,2019-11-24,0
664,665,555,3.1,13,2023-05-10 08:50:31,William Garcia,william.garcia@outlook.com,+1-497-566-9524,Los Angeles,2021-06-07,0
665,666,824,4.13,1,2019-11-30 14:49:41,Deborah Rivera,deborah.rivera@hotmail.com,+1-340-267-4166,Chicago,2019-03-08,0
666,667,1603,3.71,1,2023-01-26 05:34:03,John Wood,john.wood@hotmail.com,+1-306-608-9924,New York,2022-07-21,0
667,668,733,3.38,7,2021-05-17 11:52:40,Brandon Flores,brandon.flores@protonmail.com,+1-966-751-8126,Los Angeles,2024-02-05,0
668,669,981,4.74,0,2023-03-23 18:29:50,Jason Peterson,jason.peterson@hotmail.com,+1-421-705-8757,Houston,2020-07-25,0
669,670,21,3.18,22,2023-01-28 19:03:25,William Scott,william.scott@outlook.com,+1-856-621-7548,Los Angeles,2024-04-07,0
670,671,1624,3.89,2,2022-03-23 04:49:26,Daniel Reyes,daniel.reyes@icloud.com,+1-846-721-1515,New York,2024-06-21,0
671,672,1123,4.87,23,2024-01-15 19:14:46,Christine Parker,christine.parker@icloud.com,+1-466-252-2459,Los Angeles,2019-12-15,0
672,673,1185,4.62,3,2024-01-04 11:51:46,William Baker,william.baker@hotmail.com,+1-316-732-4714,New York,2022-02-24,0
673,674,1978,4.86,1,2021-08-22 08:28:41,Cynthia Ross,cynthia.ross@gmail.com,+1-207-866-1529,Houston,2023-11-11,0
674,675,962,3.45,1,2022-05-15 11:54:37,Nicholas Hernandez,nicholas.hernandez@gmail.com,+1-207-283-2460,Los Angeles,2021-05-02,0
675,676,1440,3.27,1,2024-02-22 10:20:02,Stephen Cooper,stephen.cooper@hotmail.com,+1-265-631-9830,New York,2023-03-24,0
676,677,198,4.15,1,2022-03-14 09:51:21,Alexander Watson,alexander.watson@yahoo.com,+1-938-548-1715,Houston,2021-01-16,0
677,678,1866,4.26,1,2022-08-28 23:59:26,Shirley Sanders,shirley.sanders@hotmail.com,+1-210-425-7820,Chicago,2019-11-04,0
678,679,1849,3.52,3,2021-11-26 20:44:03,Jeffrey Lopez,jeffrey.lopez@yahoo.com,+1-616-674-5563,Houston,2020-08-05,0
679,680,247,3.11,0,2023-12-31 10:18:06,Justin Garcia,justin.garcia@gmail.com,+1-283-146-5336,Chicago,2023-04-20,0
680,681,1321,4.15,3,2019-04-01 01:53:07,Samuel Richardson,samuel.richardson@icloud.com,+1-787-987-7404,Houston,2020-02-23,0
681,682,1523,4.38,1,2019-12-15 11:40:07,Nicholas Morales,nicholas.morales@yahoo.com,+1-863-388-1344,Los Angeles,2019-11-30,0
682,683,749,3.1,10,2024-01-25 09:28:04,Ronald Johnson,ronald.johnson@gmail.com,+1-986-831-5078,Houston,2023-04-29,0
683,684,859,4.11,2,2023-01-30 08:19:15,Eric Bell,eric.bell@outlook.com,+1-985-106-2865,Los Angeles,2020-11-30,0
684,685,333,3.46,1,2019-02-22 16:46:14,Lisa Morales,lisa.morales@outlook.com,+1-373-243-9954,Houston,2020-01-12,0
685,686,1576,4.06,8,2020-12-27 20:45:57,Timothy Torres,timothy.torres@hotmail.com,+1-618-977-3113,Houston,2021-01-21,0
686,687,1848,4.67,39,2021-11-23 12:37:14,Jacob Sanchez,jacob.sanchez@gmail.com,+1-470-771-8723,Houston,2020-08-19,0
687,688,1396,3.33,1,2019-09-22 00:53:40,Scott Garcia,scott.garcia@gmail.com,+1-416-634-1118,Houston,2022-05-19,0
688,689,372,4.08,87,2022-06-26 13:53:47,Brian Collins,brian.collins@gmail.com,+1-210-200-5239,Chicago,2021-11-11,0
689,690,1449,4.33,1,2021-06-21 13:56:56,Heather Watson,heather.watson@hotmail.com,+1-276-663-5177,Los Angeles,2021-02-20,0
690,691,516,4.81,0,2020-06-12 19:07:12,Rachel Rivera,rachel.rivera@icloud.com,+1-823-584-1613,Chicago,2020-07-18,0
691,692,172,4.3,51,2022-04-26 06:15:02,Sharon Thompson,sharon.thompson@yahoo.com,+1-589-645-4770,Los Angeles,2019-05-28,0
692,693,1960,3.55,0,2023-05-18 19:20:26,Diane Cooper,diane.cooper@outlook.com,+1-511-398-6166,Houston,2022-10-13,0
693,694,405,4.55,7,2021-07-13 10:15:00,Laura Martinez,laura.martinez@protonmail.com,+1-987-195-7600,Los Angeles,2022-11-23,0
694,695,497,4.24,0,2024-03-25 23:06:14,Brandon Wood,brandon.wood@hotmail.com,+1-921-131-8066,Chicago,2022-05-28,0
695,696,278,4.45,19,2023-12-16 19:37:13,Raymond Scott,raymond.scott@outlook.com,+1-324-687-9899,Houston,2024-01-09,0
696,697,1147,3.74,1,2020-06-14 08:03:29,Patrick Reyes,patrick.reyes@hotmail.com,+1-664-743-5412,New York,2020-11-05,0
697,698,1743,4.12,1,2022-02-26 10:56:13,Gary King,gary.king@protonmail.com,+1-230-133-6538,Houston,2020-06-18,0
698,699,1485,4.65,75,2023-03-04 05:47:57,Janet Sanders,janet.sanders@yahoo.com,+1-532-869-7551,Houston,2019-09-27,0
699,700,1458,3.66,4,2023-11-10 01:56:23,Shirley Hall,shirley.hall@protonmail.com,+1-785-986-5620,Los Angeles,2022-05-29,0
700,701,1325,3.7,1,2023-06-04 06:30:03,Betty Rodriguez,betty.rodriguez@hotmail.com,+1-490-310-4818,Los Angeles,2022-09-12,0
701,702,214,3.25,10,2023-05-30 08:11:53,Timothy Rodriguez,timothy.rodriguez@icloud.com,+1-757-619-9316,New York,2021-03-10,0
702,703,1116,4.48,0,2024-01-15 07:45:20,Alexander Brown,alexander.brown@gmail.com,+1-856-756-4010,Houston,2023-06-09,0
703,704,12,3.1,63,2020-03-21 17:05:42,Brian Taylor,brian.taylor@protonmail.com,+1-468-265-8239,Houston,2022-02-22,0
704,705,422,3.14,4,2023-12-19 19:48:15,Jeffrey Green,jeffrey.green@yahoo.com,+1-453-383-2380,Chicago,2022-02-07,0
705,706,1346,3.93,1,2023-08-02 00:49:10,Frank Reed,frank.reed@yahoo.com,+1-652-813-1782,New York,2021-03-10,0
706,707,209,4.22,1,2024-05-15 01:41:21,James Hernandez,james.hernandez@gmail.com,+1-462-320-3449,Houston,2019-08-16,0
707,708,495,4.68,14,2020-03-03 16:35:55,Barbara Jones,barbara.jones@outlook.com,+1-220-426-5278,New York,2019-06-01,0
708,709,1850,3.6,5,2023-08-07 02:43:00,Catherine Reed,catherine.reed@icloud.com,+1-450-491-1282,Houston,2023-01-30,0
709,710,636,3.38,3,2024-03-05 08:16:05,Anthony Sullivan,anthony.sullivan@protonmail.com,+1-943-452-4469,Houston,2024-01-29,0
710,711,1634,4.81,0,2022-11-04 20:37:02,Amanda Mitchell,amanda.mitchell@protonmail.com,+1-265-560-3740,New York,2024-05-16,0
711,712,1767,4.8,16,2022-12-06 18:19:16,George Brown,george.brown@icloud.com,+1-972-444-5301,Chicago,2023-03-31,0
712,713,28,3.03,0,2021-10-16 13:50:43,Rebecca Cruz,rebecca.cruz@hotmail.com,+1-893-866-3851,Los Angeles,2021-04-11,0
713,714,1716,4.5,2,2023-07-02 22:06:50,Jack Long,jack.long@icloud.com,+1-405-587-8871,Los Angeles,2020-08-15,0
714,715,490,3.6,5,2021-03-27 03:44:40,Elizabeth Foster,elizabeth.foster@protonmail.com,+1-854-846-6500,Houston,2019-01-24,0
715,716,746,4.85,5,2019-11-04 05:08:28,Margaret Baker,margaret.baker1@hotmail.com,+1-519-904-9165,Los Angeles,2021-08-07,0
716,717,1275,4.58,0,2020-10-02 08:43:35,Christine Turner,christine.turner@yahoo.com,+1-813-906-1173,Houston,2021-02-25,0
717,718,375,3.85,4,2020-05-11 17:12:57,Patricia Murphy,patricia.murphy@gmail.com,+1-502-525-2406,New York,2023-08-30,0
718,719,933,4.05,3,2022-04-30 11:22:24,Anna Taylor,anna.taylor@hotmail.com,+1-872-882-4027,New York,2022-11-25,0
719,720,1994,4.96,11,2019-11-22 15:17:10,Melissa Carter,melissa.carter@hotmail.com,+1-863-273-9605,Houston,2019-12-26,0
720,721,1604,3.17,18,2020-11-07 04:15:03,Ryan Rogers,ryan.rogers@icloud.com,+1-233-783-5749,Houston,2020-03-09,0
721,722,1345,4.28,1,2020-10-14 04:46:22,Paul Martin,paul.martin@hotmail.com,+1-566-282-4549,New York,2024-01-03,0
722,723,167,4.06,18,2021-11-27 16:24:58,Ryan Reyes,ryan.reyes@hotmail.com,+1-697-721-8242,Houston,2020-07-13,0
723,724,871,4.5,8,2023-07-25 11:05:53,Richard Peterson,richard.peterson1@protonmail.com,+1-335-310-1598,Houston,2021-03-04,0
724,725,888,3.23,3,2019-09-12 12:06:07,Maria Wilson,maria.wilson@outlook.com,+1-769-765-2162,Los Angeles,2021-12-27,0
725,726,352,4.16,2,2024-03-09 10:35:55,Ashley Sanders,ashley.sanders@gmail.com,+1-284-374-3526,Houston,2022-12-28,0
726,727,650,4.97,3,2023-03-08 14:37:27,Edward Lewis,edward.lewis@icloud.com,+1-950-977-5767,Chicago,2021-08-09,0
727,728,623,4.67,17,2019-09-05 21:18:11,Rachel Harris,rachel.harris@outlook.com,+1-726-184-2572,Chicago,2024-06-12,0
728,729,1246,3.55,3,2021-11-11 15:41:07,Samuel Ramirez,samuel.ramirez@icloud.com,+1-722-388-1745,Chicago,2023-02-22,0
729,730,889,4.15,1,2019-03-12 09:56:39,Cynthia Evans,cynthia.evans@icloud.com,+1-623-344-4992,Chicago,2024-06-17,0
730,731,1505,4.48,2,2024-04-01 13:24:17,Rebecca Bell,rebecca.bell@protonmail.com,+1-458-998-6690,Los Angeles,2021-07-07,0
731,732,1297,4.31,4,2023-11-15 19:26:13,Jeffrey Bennett,jeffrey.bennett@yahoo.com,+1-247-881-4098,Los Angeles,2023-06-06,0
732,733,621,4.26,2,2020-06-02 14:45:08,Michelle Carter,michelle.carter@gmail.com,+1-595-362-9851,Los Angeles,2019-02-20,0
733,734,1560,4.67,0,2022-10-15 11:35:36,Melissa Gray,melissa.gray@hotmail.com,+1-399-376-2776,New York,2019-06-09,0
734,735,1565,3.94,3,2019-05-27 00:07:56,Andrew Phillips,andrew.phillips@icloud.com,+1-399-422-7400,Los Angeles,2024-06-17,0
735,736,1921,3.74,4,2020-04-04 05:17:08,Elizabeth Ross,elizabeth.ross@yahoo.com,+1-357-801-7131,New York,2021-09-04,0
736,737,704,4.12,55,2022-08-14 03:06:24,Susan Thomas,susan.thomas@gmail.com,+1-892-779-9071,New York,2023-04-15,0
737,738,91,4.85,1,2023-12-24 03:45:28,Scott Collins,scott.collins@protonmail.com,+1-703-193-8700,Los Angeles,2021-04-16,0
738,739,1431,3.42,88,2022-03-06 22:46:00,Linda Gonzalez,linda.gonzalez@outlook.com,+1-685-283-1859,New York,2024-06-30,0
739,740,1211,3.18,9,2021-08-30 17:00:32,Jack Young,jack.young@gmail.com,+1-535-628-4154,Los Angeles,2021-07-19,0
740,741,1152,4.49,1,2023-07-31 22:33:55,Raymond James,raymond.james@yahoo.com,+1-323-405-9042,Houston,2023-02-16,0
741,742,1953,4.5,0,2022-12-14 17:00:38,Rebecca Reyes,rebecca.reyes@yahoo.com,+1-481-373-8576,Los Angeles,2019-07-18,0
742,743,523,4.92,30,2019-02-06 22:29:17,Linda Morgan,linda.morgan@yahoo.com,+1-267-418-9303,Houston,2019-10-05,0
743,744,1906,4.54,2,2021-09-16 06:53:08,Justin Clark,justin.clark@protonmail.com,+1-644-455-5729,Chicago,2020-12-01,0
744,745,1836,3.39,1,2022-05-10 20:48:39,Laura Turner,laura.turner1@yahoo.com,+1-786-996-3728,Chicago,2023-05-16,0
745,746,19,3.04,0,2020-01-13 14:31:14,Robert Nguyen,robert.nguyen@yahoo.com,+1-404-936-8541,Los Angeles,2020-09-17,0
746,747,1788,3.24,1,2021-01-19 04:02:21,Kevin Morgan,kevin.morgan@protonmail.com,+1-999-859-9326,Los Angeles,2024-04-08,0
747,748,731,4.57,1,2019-09-05 23:49:38,Lisa Brown,lisa.brown@gmail.com,+1-879-465-6328,Houston,2021-08-14,0
748,749,632,3.02,1,2023-07-13 20:23:15,Ryan Carter,ryan.carter@hotmail.com,+1-876-131-8765,Chicago,2021-12-28,0
749,750,1731,3.25,1,2023-11-17 19:39:03,Samuel Brown,samuel.brown@yahoo.com,+1-528-210-8364,Houston,2019-09-30,0
750,751,1068,4.97,2,2021-08-12 23:26:59,Christine Watson,christine.watson@gmail.com,+1-978-178-9518,Houston,2023-06-12,0
751,752,1155,3.27,8,2021-09-06 03:13:17,Jeffrey Mitchell,jeffrey.mitchell@icloud.com,+1-390-544-7979,New York,2019-03-24,0
752,753,1954,3.7,1,2021-01-26 01:26:23,Mark Lewis,mark.lewis@gmail.com,+1-926-432-4621,New York,2022-06-06,0
753,754,1124,4.45,1,2019-05-12 07:19:23,Justin Thomas,justin.thomas@gmail.com,+1-935-638-8129,Houston,2023-08-22,0
754,755,474,4.15,1,2023-07-09 03:05:14,Brandon Lewis,brandon.lewis@gmail.com,+1-997-387-1959,Houston,2021-12-20,0
755,756,1029,3.66,1,2023-07-21 05:20:53,James Martin,james.martin@outlook.com,+1-507-755-8742,New York,2022-09-01,0
756,757,195,4.6,7,2023-04-10 13:20:38,Margaret Baker,margaret.baker@hotmail.com,+1-396-331-3253,Chicago,2019-06-08,0
757,758,442,4.43,19,2019-05-13 17:10:22,Robert Bell,robert.bell@protonmail.com,+1-958-771-7870,Chicago,2020-10-21,0
758,759,727,3.57,1,2019-07-09 12:13:53,Diane Long,diane.long@protonmail.com,+1-281-315-3734,Houston,2019-07-30,0
759,760,1399,4.76,1,2021-07-19 00:10:26,Stephanie Carter,stephanie.carter@icloud.com,+1-258-464-6410,New York,2019-01-07,0
760,761,1491,3.42,53,2022-12-03 09:31:30,Patrick Wilson,patrick.wilson@protonmail.com,+1-947-614-3968,Chicago,2023-10-17,0
761,762,1662,3.41,32,2019-08-05 11:37:38,Stephanie Harris,stephanie.harris@gmail.com,+1-484-533-3690,Los Angeles,2024-05-02,0
762,763,451,4.81,73,2023-07-08 12:58:58,Nicholas Davis,nicholas.davis@yahoo.com,+1-928-386-2524,New York,2024-03-01,0
763,764,468,3.99,4,2022-03-23 20:50:12,Margaret White,margaret.white@outlook.com,+1-486-556-3435,New York,2022-06-11,0
764,765,1811,4.52,1,2020-03-10 12:47:04,George Torres,george.torres@yahoo.com,+1-321-394-5486,Houston,2021-06-17,0
765,766,1504,4.83,21,2019-09-03 00:40:02,Gary Sanchez,gary.sanchez@icloud.com,+1-938-257-1717,Chicago,2020-01-28,0
766,767,793,3.43,1,2021-12-19 07:23:15,Edward Jackson,edward.jackson@yahoo.com,+1-544-184-8796,New York,2022-01-27,0
767,768,792,4.02,1,2024-02-06 20:12:45,Brandon Howard,brandon.howard@icloud.com,+1-292-327-8076,Los Angeles,2023-05-30,0
768,769,432,3.8,3,2021-02-01 06:19:33,Emma Bennett,emma.bennett@protonmail.com,+1-897-758-2083,Los Angeles,2022-12-01,0
769,770,838,3.42,5,2021-01-21 20:25:01,Angela Wood,angela.wood@yahoo.com,+1-587-663-7235,New York,2023-04-23,0
770,771,290,4.6,5,2019-07-07 12:17:37,Matthew Anderson,matthew.anderson@outlook.com,+1-366-848-8518,Los Angeles,2023-01-11,0
771,772,1943,4.41,10,2024-04-30 21:01:07,Heather Jones,heather.jones@icloud.com,+1-956-505-5073,Chicago,2019-06-22,0
772,773,790,3.67,0,2021-09-26 15:56:58,Donna Cooper,donna.cooper@gmail.com,+1-526-652-3450,Los Angeles,2021-10-25,0
773,774,804,4.95,9,2022-08-29 14:10:18,Kathleen Watson,kathleen.watson@protonmail.com,+1-344-811-1301,Houston,2022-04-08,0
774,775,388,3.18,4,2024-05-20 06:08:28,Alexander Jackson,alexander.jackson@icloud.com,+1-597-528-3258,Houston,2021-05-16,0
775,776,700,4.91,1,2022-10-31 05:28:52,Elizabeth Evans,elizabeth.evans@protonmail.com,+1-966-940-6603,New York,2022-02-09,0
776,777,1845,4.33,1,2019-09-25 00:45:48,David Martinez,david.martinez@gmail.com,+1-716-839-7805,New York,2019-01-31,0
777,778,80,4.3,0,2022-04-13 17:52:03,Christine Davis,christine.davis@icloud.com,+1-957-201-4404,Chicago,2020-06-25,0
778,779,371,4.64,13,2021-01-13 19:36:47,Ashley Reyes,ashley.reyes@protonmail.com,+1-563-270-1725,Houston,2024-06-03,0
779,780,1490,4.17,1,2023-11-01 00:35:35,Kimberly Anderson,kimberly.anderson@outlook.com,+1-917-353-8031,Chicago,2021-08-28,0
780,781,1085,3.37,3,2021-12-13 05:07:11,Carolyn Baker,carolyn.baker@yahoo.com,+1-829-406-6952,Houston,2020-02-18,0
781,782,1759,4.58,3,2019-12-26 10:29:02,Paul Green,paul.green@protonmail.com,+1-754-615-2710,New York,2020-12-10,0
782,783,1949,3.2,17,2021-06-20 13:11:20,Joseph Harris,joseph.harris@icloud.com,+1-467-410-9422,Chicago,2022-11-22,0
783,784,58,3.49,1,2024-03-20 21:43:26,Joshua Price,joshua.price@icloud.com,+1-323-915-1672,Los Angeles,2021-12-27,0
784,785,562,3.09,5,2020-02-21 09:32:52,Rebecca Reyes,rebecca.reyes@gmail.com,+1-878-632-5423,Chicago,2021-05-07,0
785,786,1291,4.68,1,2021-01-15 14:31:06,Patricia Sanchez,patricia.sanchez@yahoo.com,+1-490-278-4587,Los Angeles,2023-01-12,0
786,787,1037,3.94,5,2020-07-18 13:20:12,Kevin Price,kevin.price@outlook.com,+1-477-801-6939,New York,2021-12-30,0
787,788,1405,3.91,1,2020-05-07 03:45:10,Gary Reyes,gary.reyes@protonmail.com,+1-302-851-7305,Los Angeles,2022-05-28,0
788,789,454,4.09,1,2022-08-03 13:29:33,Justin Davis,justin.davis@hotmail.com,+1-878-233-4879,Los Angeles,2020-06-18,0
789,790,363,4.99,1,2022-03-21 01:24:18,Anna Myers,anna.myers@yahoo.com,+1-690-421-3910,Houston,2024-06-06,0
790,791,1583,3.82,46,2021-12-02 00:32:24,Nicholas Ramirez,nicholas.ramirez@protonmail.com,+1-959-587-2873,Los Angeles,2021-07-19,0
791,792,158,4.83,46,2021-07-05 11:41:45,Carolyn Parker,carolyn.parker@protonmail.com,+1-252-394-6119,Los Angeles,2019-08-01,0
792,793,1797,3.35,19,2019-09-13 09:47:00,Dorothy Torres,dorothy.torres@outlook.com,+1-521-220-2335,Houston,2021-05-12,0
793,794,882,3.76,76,2021-03-02 21:47:00,Cynthia Kelly,cynthia.kelly@yahoo.com,+1-295-932-8672,New York,2021-07-22,0
794,795,268,3.51,2,2022-07-04 16:30:21,Raymond Myers,raymond.myers@protonmail.com,+1-227-711-8775,Los Angeles,2024-06-03,0
795,796,1361,3.15,4,2019-11-22 17:40:07,Amy Nguyen,amy.nguyen@yahoo.com,+1-355-484-4348,New York,2020-05-02,0
796,797,918,4.25,1,2022-12-05 20:19:50,Steven Johnson,steven.johnson@protonmail.com,+1-314-718-3860,Chicago,2022-09-11,0
797,798,1729,4.92,0,2021-10-01 13:13:04,Daniel Morales,daniel.morales@hotmail.com,+1-973-530-2054,New York,2022-06-07,0
798,799,396,4.27,34,2020-09-28 02:21:01,Jennifer Ross,jennifer.ross@hotmail.com,+1-759-323-7965,New York,2023-02-16,0
799,800,282,3.67,4,2024-05-26 07:07:26,Jack Cox,jack.cox@yahoo.com,+1-448-151-9700,Chicago,2022-07-30,0
800,801,1766,4.84,8,2022-06-26 13:35:51,Gregory Collins,gregory.collins@icloud.com,+1-253-776-5999,New York,2022-01-14,0
801,802,1928,4.66,17,2019-05-14 03:24:11,Barbara Gray,barbara.gray@yahoo.com,+1-341-611-4079,New York,2020-03-08,0
802,803,374,4.95,3,2020-01-22 14:53:54,Edward Morris,edward.morris@protonmail.com,+1-802-807-9199,Chicago,2020-12-07,0
803,804,1174,3.07,3,2023-10-07 12:46:15,Amy Powell,amy.powell@icloud.com,+1-810-848-5764,New York,2021-09-25,0
804,805,1369,4.09,10,2020-02-25 13:50:17,Cynthia Flores,cynthia.flores@yahoo.com,+1-938-302-5012,Houston,2019-12-28,0
805,806,61,3.98,1,2020-10-26 20:29:26,Daniel Morales,daniel.morales@icloud.com,+1-866-376-9817,Houston,2021-08-10,0
806,807,1326,3.02,1,2020-03-19 09:13:23,Shirley Rodriguez,shirley.rodriguez@hotmail.com,+1-258-477-9495,New York,2019-12-18,0
807,808,961,3.97,1,2020-10-09 21:10:12,Richard Brooks,richard.brooks@icloud.com,+1-585-896-3584,New York,2023-12-07,0
808,809,1077,3.84,58,2023-05-01 18:00:09,Patricia Cox,patricia.cox@gmail.com,+1-331-957-7003,Los Angeles,2023-07-16,0
809,810,1292,4.74,1,2021-03-29 00:51:23,Daniel Baker,daniel.baker@icloud.com,+1-451-282-4211,New York,2019-12-27,0
810,811,1217,4.27,5,2021-04-20 16:31:04,Patrick Morgan,patrick.morgan@icloud.com,+1-320-811-4483,Houston,2021-08-27,0
811,812,826,3.91,1,2023-07-02 03:17:48,Daniel Edwards,daniel.edwards@icloud.com,+1-701-804-6323,Houston,2023-12-23,0
812,813,1916,4.51,15,2020-12-15 07:50:03,Jeffrey Wright,jeffrey.wright@icloud.com,+1-610-707-1467,Chicago,2021-11-14,0
813,814,861,4.18,2,2020-10-18 20:12:56,Carol Hughes,carol.hughes@hotmail.com,+1-685-916-1582,Chicago,2021-09-13,0
814,815,757,4.85,6,2023-11-23 12:47:34,Elizabeth Young,elizabeth.young@yahoo.com,+1-711-193-6544,New York,2019-05-03,0
815,816,950,3.82,13,2019-05-20 12:15:19,William Bailey,william.bailey@protonmail.com,+1-515-611-9748,Houston,2024-06-02,0
816,817,904,3.84,17,2022-06-03 09:07:51,Nicholas Reyes,nicholas.reyes@hotmail.com,+1-339-186-3248,Houston,2023-10-28,0
817,818,1550,3.52,1,2024-02-29 07:11:41,Brandon Lee,brandon.lee@gmail.com,+1-350-474-3314,New York,2020-05-16,0
818,819,63,4.25,3,2019-01-12 03:58:18,Laura Young,laura.young@hotmail.com,+1-783-724-7209,Los Angeles,2019-02-28,0
819,820,1398,4.14,31,2020-06-21 21:44:53,Melissa Price,melissa.price@outlook.com,+1-522-936-4925,Los Angeles,2022-09-24,0
820,821,763,4.01,4,2021-05-14 09:33:29,Brandon Bell,brandon.bell@yahoo.com,+1-270-643-3539,Houston,2020-08-28,0
821,822,605,4.88,79,2023-05-01 20:47:25,Carolyn Davis,carolyn.davis@yahoo.com,+1-473-868-3636,Los Angeles,2022-10-31,0
822,823,171,3.91,14,2021-04-17 16:30:16,Sarah Allen,sarah.allen@outlook.com,+1-535-222-1126,Houston,2023-03-10,0
823,824,252,4.74,45,2021-12-25 07:00:12,Stephanie Taylor,stephanie.taylor@outlook.com,+1-727-675-2739,Los Angeles,2020-05-10,0
824,825,1421,3.22,17,2021-01-06 17:39:20,Eric Myers,eric.myers@gmail.com,+1-480-968-8836,Chicago,2021-10-10,0
825,826,580,4.66,1,2021-10-18 02:00:54,George Reyes,george.reyes@protonmail.com,+1-856-494-3435,New York,2019-01-24,0
826,827,978,4.08,4,2022-11-10 12:25:20,Robert Myers,robert.myers@icloud.com,+1-261-387-3236,New York,2023-10-11,0
827,828,1130,3.27,1,2023-03-06 08:37:47,Gary Moore,gary.moore@outlook.com,+1-909-507-4476,Houston,2022-12-21,0
828,829,638,3.25,11,2021-04-06 01:36:09,Joseph White,joseph.white@protonmail.com,+1-780-972-1891,Houston,2022-08-13,0
829,830,56,4.78,86,2019-03-08 02:13:43,Scott Brown,scott.brown@outlook.com,+1-789-793-7149,Houston,2024-04-12,0
830,831,1873,4.28,13,2022-08-12 20:44:37,Susan Taylor,susan.taylor@icloud.com,+1-801-760-7274,Los Angeles,2022-03-24,0
831,832,1772,4.61,1,2023-10-06 16:56:48,Janet Scott,janet.scott@gmail.com,+1-455-889-9893,Los Angeles,2020-11-22,0
832,833,41,4.97,88,2019-11-25 06:27:22,Brian Green,brian.green@icloud.com,+1-282-241-3471,Chicago,2021-02-23,0
833,834,1884,4.52,1,2021-04-21 22:24:47,Ryan Campbell,ryan.campbell@icloud.com,+1-399-105-6085,Los Angeles,2019-07-12,0
834,835,794,4.55,1,2019-04-20 02:20:54,Stephanie King,stephanie.king@gmail.com,+1-608-613-8118,Chicago,2023-04-10,0
835,836,812,3.41,3,2020-10-09 01:19:59,Joshua Walker,joshua.walker@icloud.com,+1-482-931-2015,Los Angeles,2023-12-05,0
836,837,577,4.18,11,2023-06-13 00:38:16,Nicholas Anderson,nicholas.anderson@hotmail.com,+1-651-147-2037,Los Angeles,2022-09-03,0
837,838,343,4.8,1,2023-04-25 23:49:58,Lisa Hernandez,lisa.hernandez@hotmail.com,+1-644-760-6427,New York,2024-01-07,0
838,839,1224,3.99,1,2023-08-31 17:55:52,Ronald Nguyen,ronald.nguyen@protonmail.com,+1-820-235-3269,Houston,2023-04-09,0
839,840,1048,3.94,2,2022-01-20 19:44:04,Jessica Richardson,jessica.richardson@yahoo.com,+1-801-304-4027,Los Angeles,2019-03-01,0
840,841,877,4.92,14,2020-11-22 02:40:43,Emma Hall,emma.hall@icloud.com,+1-526-377-3319,Los Angeles,2022-03-21,0
841,842,1308,4.46,4,2020-10-28 06:28:50,Sandra King,sandra.king1@protonmail.com,+1-277-467-2350,Los Angeles,2023-09-22,0
842,843,1404,3.81,2,2023-01-15 10:50:13,Ryan Robinson,ryan.robinson1@icloud.com,+1-696-509-2333,Los Angeles,2021-05-26,0
843,844,453,3.9,4,2021-02-19 01:03:12,Richard Rogers,richard.rogers@yahoo.com,+1-852-939-7461,New York,2022-04-27,0
844,845,1304,3.19,0,2019-01-27 04:29:32,Ronald Howard,ronald.howard@yahoo.com,+1-583-360-2388,Chicago,2023-03-20,0
845,846,1818,4.21,1,2024-04-18 15:01:53,Carolyn Anderson,carolyn.anderson@outlook.com,+1-280-862-4644,New York,2020-10-31,0
846,847,1799,4.83,4,2021-12-20 15:16:34,Jacob Johnson,jacob.johnson@yahoo.com,+1-323-528-5315,Houston,2023-03-02,0
847,848,1466,3.39,3,2024-06-01 19:52:06,David Martinez,david.martinez@protonmail.com,+1-445-195-3705,New York,2019-06-23,0
848,849,149,4.75,1,2019-03-14 01:19:30,Patricia Davis,patricia.davis@hotmail.com,+1-611-536-2768,Houston,2022-12-29,0
849,850,414,3.37,8,2020-02-01 19:13:00,Rachel Lopez,rachel.lopez@protonmail.com,+1-297-101-4496,Houston,2019-06-09,0
850,851,98,3.79,3,2021-12-19 07:31:35,Samuel Richardson,samuel.richardson@yahoo.com,+1-926-262-6091,New York,2022-02-05,0
851,852,1175,3.53,1,2020-06-02 09:53:23,Stephanie Rivera,stephanie.rivera@icloud.com,+1-805-842-8993,Chicago,2023-01-02,0
852,853,1582,4.94,61,2021-03-24 21:36:23,Sharon Sanchez,sharon.sanchez@hotmail.com,+1-536-166-6198,Los Angeles,2022-05-22,0
853,854,1036,3.14,0,2020-06-13 08:52:38,Matthew Brooks,matthew.brooks@yahoo.com,+1-983-196-3738,Los Angeles,2023-11-22,0
854,855,1673,4.72,3,2020-12-23 19:10:33,Anthony Hall,anthony.hall@protonmail.com,+1-494-822-5718,New York,2019-07-13,0
855,856,550,4.79,1,2024-03-13 23:21:08,Lisa Howard,lisa.howard@yahoo.com,+1-701-904-2442,Chicago,2022-06-12,0
856,857,1487,3.07,18,2022-01-11 08:42:07,Janet Walker,janet.walker@gmail.com,+1-894-949-6605,Houston,2024-06-22,0
857,858,1897,3.9,1,2020-02-21 04:04:26,Cynthia Kelly,cynthia.kelly@protonmail.com,+1-288-679-8585,New York,2019-08-27,0
858,859,75,3.01,2,2021-05-18 08:55:01,Nicholas Wilson,nicholas.wilson@gmail.com,+1-787-391-8690,Houston,2021-06-21,0
859,860,465,3.13,2,2019-06-25 20:11:08,Barbara Williams,barbara.williams@gmail.com,+1-402-761-8265,Chicago,2019-07-08,0
860,861,725,4.41,5,2023-03-18 03:04:43,Raymond Phillips,raymond.phillips@outlook.com,+1-655-899-6950,Houston,2021-04-27,0
861,862,1013,4.38,4,2021-04-25 10:05:46,Patricia Evans,patricia.evans@hotmail.com,+1-986-248-8504,Los Angeles,2019-11-16,0
862,863,1003,3.2,1,2020-10-30 06:22:59,Raymond Williams,raymond.williams@outlook.com,+1-393-164-1361,Chicago,2023-09-06,0
863,864,1706,3.32,3,2022-02-27 09:01:12,Michael Hernandez,michael.hernandez@gmail.com,+1-476-949-2753,Los Angeles,2022-05-02,0
864,865,1253,5.0,1,2021-01-16 06:27:45,David James,david.james@protonmail.com,+1-279-651-1507,Houston,2022-10-08,0
865,866,242,4.68,56,2024-06-21 11:56:21,Larry Bennett,larry.bennett@icloud.com,+1-386-886-3114,Houston,2021-10-26,0
866,867,178,3.15,4,2024-04-14 13:45:38,Debra Anderson,debra.anderson@icloud.com,+1-722-298-6724,Los Angeles,2023-01-29,0
867,868,1140,3.97,1,2024-03-29 05:39:26,Christopher Foster,christopher.foster@hotmail.com,+1-646-218-9108,New York,2021-06-23,0
868,869,102,3.62,1,2024-05-24 16:13:22,Brandon Morgan,brandon.morgan@protonmail.com,+1-339-984-2143,Los Angeles,2023-05-02,0
869,870,1633,4.85,10,2020-03-24 00:12:39,Kevin Watson,kevin.watson@gmail.com,+1-821-492-8033,Chicago,2022-03-07,0
870,871,1103,4.5,19,2023-08-18 02:32:47,Carolyn Ward,carolyn.ward@icloud.com,+1-457-608-2478,Chicago,2022-05-13,0
871,872,1112,4.9,1,2019-03-29 11:51:25,Donald Hill,donald.hill@yahoo.com,+1-364-549-6196,Houston,2023-06-05,0
872,873,1132,4.17,4,2023-09-30 17:03:25,Brian Walker,brian.walker@hotmail.com,+1-562-720-1745,New York,2020-06-03,0
873,874,893,3.95,4,2022-04-25 23:41:59,Donna Evans,donna.evans@gmail.com,+1-812-211-7208,Los Angeles,2021-10-09,0
874,875,353,4.97,3,2023-11-20 09:36:54,Debra Martin,debra.martin@protonmail.com,+1-598-424-6909,New York,2019-07-07,0
875,876,1045,3.81,76,2020-07-23 14:14:34,David Parker,david.parker1@protonmail.com,+1-981-902-2830,New York,2019-02-08,0
876,877,407,3.35,4,2019-08-31 17:41:31,Jacob Bennett,jacob.bennett@protonmail.com,+1-914-466-2037,Houston,2020-03-22,0
877,878,1136,4.98,43,2021-07-16 13:18:02,Dorothy Anderson,dorothy.anderson@outlook.com,+1-245-230-9179,Los Angeles,2023-03-12,0
878,879,1683,4.59,76,2020-07-30 09:32:08,Paul Price,paul.price@icloud.com,+1-945-755-1339,Chicago,2024-06-27,0
879,880,797,3.58,2,2021-04-03 08:55:49,Sharon Adams,sharon.adams@protonmail.com,+1-789-191-2843,Houston,2021-05-17,0
880,881,1219,4.66,9,2024-06-29 01:51:02,Jessica Mitchell,jessica.mitchell@icloud.com,+1-496-141-9565,Chicago,2019-08-30,0
881,882,1191,4.35,11,2020-06-19 14:25:48,Richard Martin,richard.martin@protonmail.com,+1-572-442-3257,New York,2023-10-04,0
882,883,1846,3.84,66,2019-12-02 04:17:12,Diane Bailey,diane.bailey@icloud.com,+1-355-197-7408,Chicago,2023-08-30,0
883,884,813,4.07,7,2024-04-16 01:00:58,Deborah Brown,deborah.brown@icloud.com,+1-486-330-3485,Los Angeles,2024-01-12,0
884,885,223,3.1,3,2020-08-20 19:47:36,Amy Mitchell,amy.mitchell@icloud.com,+1-473-920-2353,Houston,2019-06-11,0
885,886,1208,3.61,19,2023-06-22 17:30:24,Michael James,michael.james@gmail.com,+1-659-405-1085,Houston,2020-11-25,0
886,887,1357,3.86,14,2022-03-31 05:23:48,Alexander Moore,alexander.moore@outlook.com,+1-379-750-6209,Houston,2019-05-19,0
887,888,1121,3.43,18,2023-01-15 10:27:01,Edward Carter,edward.carter@icloud.com,+1-429-121-1376,Chicago,2024-02-01,0
888,889,70,3.02,3,2023-08-24 20:17:38,Jacob Wright,jacob.wright@outlook.com,+1-457-336-2976,Chicago,2020-10-08,0
889,890,1566,3.8,2,2020-06-11 15:49:55,Thomas Long,thomas.long@protonmail.com,+1-299-439-7672,New York,2021-10-25,0
890,891,873,3.11,4,2020-04-15 12:39:50,Cynthia Garcia,cynthia.garcia@gmail.com,+1-733-884-6119,New York,2022-03-28,0
891,892,582,4.56,0,2019-04-09 18:59:44,Nicholas Adams,nicholas.adams@yahoo.com,+1-538-384-1824,Chicago,2022-02-01,0
892,893,1573,4.19,1,2021-01-04 14:40:09,Richard Flores,richard.flores@outlook.com,+1-373-402-3645,New York,2020-07-27,0
893,894,383,3.78,3,2022-07-10 13:52:30,Patrick Rodriguez,patrick.rodriguez@icloud.com,+1-304-918-9796,Chicago,2021-01-19,0
894,895,1705,4.44,42,2019-08-06 17:25:38,Carolyn Smith,carolyn.smith@hotmail.com,+1-981-995-9487,Houston,2023-09-15,0
895,896,423,4.14,9,2020-09-02 19:06:07,Brandon Diaz,brandon.diaz@protonmail.com,+1-822-391-1439,Los Angeles,2020-02-25,0
896,897,1323,3.82,4,2023-08-17 05:18:42,Justin Stewart,justin.stewart@protonmail.com,+1-511-195-3808,New York,2022-10-14,0
897,898,26,4.17,2,2019-01-31 23:53:38,William Cruz,william.cruz@outlook.com,+1-838-421-3041,Los Angeles,2021-11-04,0
898,899,879,3.68,3,2023-01-18 05:55:37,Thomas Brown,thomas.brown@hotmail.com,+1-891-151-2735,Houston,2019-04-21,0
899,900,771,4.21,11,2019-04-04 06:49:53,Mark Richardson,mark.richardson@protonmail.com,+1-272-113-4419,Houston,2024-03-16,0
900,901,1637,3.12,4,2023-03-18 16:51:58,Barbara Ramirez,barbara.ramirez@protonmail.com,+1-580-480-3376,Los Angeles,2019-09-08,0
901,902,511,3.49,1,2021-11-02 06:25:19,Jeffrey Hernandez,jeffrey.hernandez@protonmail.com,+1-645-306-3422,Los Angeles,2020-10-16,0
902,903,1746,4.91,2,2023-10-16 10:43:13,Rebecca Diaz,rebecca.diaz@protonmail.com,+1-827-182-8844,Chicago,2020-07-08,0
903,904,1363,4.93,1,2019-03-22 18:27:59,Kevin Gray,kevin.gray1@gmail.com,+1-733-910-7797,Los Angeles,2023-03-18,0
904,905,604,4.6,1,2020-11-02 16:08:12,Jeffrey Johnson,jeffrey.johnson@icloud.com,+1-309-125-7240,Chicago,2019-04-19,0
905,906,1133,4.23,79,2019-10-05 23:45:27,Eric Watson,eric.watson@hotmail.com,+1-509-504-7076,Chicago,2024-06-05,0
906,907,1572,3.38,1,2019-04-18 12:30:22,Samuel Cook,samuel.cook@gmail.com,+1-215-246-6071,New York,2021-10-18,0
907,908,130,4.31,22,2020-06-17 08:17:00,Barbara Jackson,barbara.jackson@yahoo.com,+1-892-841-7511,Los Angeles,2019-07-04,0
908,909,1686,3.32,3,2019-12-06 03:20:30,Ronald Bennett,ronald.bennett@gmail.com,+1-480-998-9927,Houston,2024-05-16,0
909,910,134,3.41,0,2022-03-28 17:09:59,William Bennett,william.bennett@hotmail.com,+1-917-409-7689,New York,2019-10-14,0
910,911,770,4.13,1,2023-05-02 09:21:36,Raymond Roberts,raymond.roberts@protonmail.com,+1-701-638-5193,New York,2021-01-20,0
911,912,852,3.95,13,2019-08-23 18:56:42,Anthony Wood,anthony.wood@gmail.com,+1-311-685-9666,New York,2021-09-17,0
912,913,36,4.31,9,2023-03-20 19:40:40,Daniel Long,daniel.long@icloud.com,+1-675-151-5082,New York,2021-07-23,0
913,914,934,3.29,18,2020-01-08 16:08:32,Nancy Allen,nancy.allen@outlook.com,+1-678-776-2240,Houston,2024-03-04,0
914,915,401,3.05,1,2021-02-27 19:05:56,Stephen Perez,stephen.perez@outlook.com,+1-920-399-5740,Los Angeles,2024-05-04,0
915,916,894,3.63,5,2021-05-17 20:11:11,Raymond Reyes,raymond.reyes@gmail.com,+1-292-322-3276,New York,2023-03-31,0
916,917,1864,4.49,40,2019-12-14 13:58:45,Rachel Perez,rachel.perez@yahoo.com,+1-497-635-4349,Los Angeles,2021-11-29,0
917,918,1913,5.0,1,2019-12-11 17:43:41,John Edwards,john.edwards@icloud.com,+1-667-707-8126,Houston,2021-08-27,0
918,919,54,4.14,0,2023-08-27 23:01:52,Carolyn Anderson,carolyn.anderson@icloud.com,+1-423-576-5198,Los Angeles,2019-12-10,0
919,920,1722,4.62,6,2019-08-01 12:28:21,Eric Rogers,eric.rogers@yahoo.com,+1-557-823-9602,Houston,2021-11-16,0
920,921,419,3.95,1,2019-01-20 12:55:01,Shirley Kelly,shirley.kelly@gmail.com,+1-824-765-3688,Houston,2020-12-20,0
921,922,979,3.91,1,2021-08-09 22:20:13,Cynthia Flores,cynthia.flores@hotmail.com,+1-375-878-6629,Chicago,2023-12-21,0
922,923,428,3.49,2,2019-06-17 03:08:23,Barbara Williams,barbara.williams@icloud.com,+1-269-114-5295,Chicago,2019-03-23,0
923,924,1188,4.97,46,2020-03-25 13:35:42,Michael Edwards,michael.edwards@hotmail.com,+1-973-213-2734,New York,2023-08-14,0
924,925,1620,4.65,2,2021-07-25 20:01:59,Charles Torres,charles.torres@outlook.com,+1-384-195-2267,Houston,2023-09-26,0
925,926,762,3.59,33,2020-02-14 07:35:29,Justin White,justin.white@icloud.com,+1-556-431-8674,Los Angeles,2023-11-12,0
926,927,1319,3.37,1,2020-03-24 02:10:21,Rebecca Parker,rebecca.parker@protonmail.com,+1-970-513-9808,Los Angeles,2020-10-29,0
927,928,1299,3.19,3,2022-05-19 09:41:11,Angela Ward,angela.ward@hotmail.com,+1-414-844-2333,Houston,2023-06-08,0
928,929,931,3.03,5,2021-11-29 13:19:13,Raymond Torres,raymond.torres@outlook.com,+1-397-134-1388,New York,2019-04-27,0
929,930,1265,3.36,5,2023-12-31 23:04:08,Jonathan Garcia,jonathan.garcia@protonmail.com,+1-429-148-5553,Houston,2021-12-26,0
930,931,724,3.54,0,2019-09-13 15:24:11,Christopher Baker,christopher.baker@yahoo.com,+1-521-424-5773,Los Angeles,2022-05-24,0
931,932,270,3.28,2,2019-02-22 20:55:41,Shirley Brooks,shirley.brooks@protonmail.com,+1-834-893-7229,Chicago,2023-08-10,0
932,933,213,4.17,1,2021-08-05 21:13:37,Benjamin Rivera,benjamin.rivera@yahoo.com,+1-784-526-4068,New York,2021-12-08,0
933,934,1667,4.48,3,2022-10-17 21:57:25,Melissa Gonzalez,melissa.gonzalez@gmail.com,+1-864-491-7923,Chicago,2020-08-25,0
934,935,476,4.6,2,2023-01-14 02:19:39,Stephen Powell,stephen.powell@gmail.com,+1-982-324-7363,Los Angeles,2024-03-30,0
935,936,99,4.77,5,2022-03-13 15:44:18,Jason Lopez,jason.lopez@yahoo.com,+1-316-572-2924,Chicago,2021-10-17,0
936,937,459,4.23,9,2020-10-08 23:48:26,Janet Hill,janet.hill@protonmail.com,+1-913-717-1660,Chicago,2023-09-08,0
937,938,1778,4.35,4,2022-07-30 23:08:58,Nancy King,nancy.king@outlook.com,+1-465-989-9108,Chicago,2020-04-10,0
938,939,1961,4.28,18,2022-01-02 02:42:10,Cynthia Brown,cynthia.brown@yahoo.com,+1-839-698-3731,Los Angeles,2022-03-02,0
939,940,587,3.63,1,2020-11-28 23:03:57,Carolyn Flores,carolyn.flores@outlook.com,+1-572-945-1889,Chicago,2023-09-26,0
940,941,1254,4.85,6,2023-01-01 05:57:20,Jessica Rivera,jessica.rivera@hotmail.com,+1-815-466-7336,Chicago,2023-09-15,0
941,942,518,3.82,13,2022-12-17 15:02:44,Brian Myers,brian.myers@yahoo.com,+1-250-863-8785,Los Angeles,2024-01-12,0
942,943,64,4.21,3,2021-07-21 09:40:12,Amy Adams,amy.adams@yahoo.com,+1-699-317-6813,Los Angeles,2020-11-28,0
943,944,900,4.44,1,2019-03-16 21:30:23,Sharon Long,sharon.long@icloud.com,+1-603-740-6212,Houston,2021-04-11,0
944,945,1632,4.94,14,2020-02-21 03:01:52,Anthony Ross,anthony.ross@hotmail.com,+1-643-556-7942,Los Angeles,2023-07-29,0
945,946,581,3.54,17,2021-12-07 17:04:05,Raymond Lee,raymond.lee@icloud.com,+1-680-972-9123,Chicago,2019-06-03,0
946,947,1042,4.65,3,2022-01-20 15:42:46,Alexander Campbell,alexander.campbell@yahoo.com,+1-652-711-9570,Los Angeles,2019-12-19,0
947,948,583,4.17,14,2021-12-25 18:13:52,Raymond Carter,raymond.carter@hotmail.com,+1-440-180-8521,Houston,2023-06-29,0
948,949,69,3.22,2,2019-04-26 03:02:59,Shirley Hall,shirley.hall@hotmail.com,+1-963-663-6419,Los Angeles,2022-12-10,0
949,950,429,3.26,20,2019-11-27 06:20:59,Linda Phillips,linda.phillips@icloud.com,+1-493-743-9209,Houston,2021-05-17,0
950,951,425,4.15,3,2019-12-10 03:00:40,Michael Walker,michael.walker@hotmail.com,+1-595-215-4949,Houston,2022-07-30,0
951,952,60,3.64,1,2023-07-27 11:25:00,Rebecca Rivera,rebecca.rivera@gmail.com,+1-643-470-8532,Chicago,2021-06-10,0
952,953,698,4.16,75,2019-10-10 11:23:49,Debra Lewis,debra.lewis@protonmail.com,+1-918-335-6172,Houston,2024-05-10,0
953,954,1838,3.34,1,2022-08-28 13:12:37,Raymond Williams,raymond.williams@hotmail.com,+1-292-899-6460,Los Angeles,2023-04-20,0
954,955,1619,4.08,3,2022-06-11 01:25:00,John Bennett,john.bennett@icloud.com,+1-305-213-8522,New York,2019-08-08,0
955,956,1236,4.99,5,2021-06-06 03:05:24,Benjamin Adams,benjamin.adams@yahoo.com,+1-227-830-1958,Los Angeles,2021-03-09,0
956,957,386,4.47,1,2023-07-23 20:39:51,Jacob Watson,jacob.watson@yahoo.com,+1-889-822-5873,New York,2022-10-08,0
957,958,1945,4.77,1,2021-03-04 04:29:33,Kimberly Hall,kimberly.hall@hotmail.com,+1-905-732-4999,Houston,2019-03-25,0
958,959,1342,3.96,4,2022-08-22 15:00:05,William Hernandez,william.hernandez@icloud.com,+1-872-348-8171,Chicago,2021-08-22,0
959,960,1160,4.58,2,2023-05-15 23:53:07,Susan Morgan,susan.morgan@hotmail.com,+1-622-196-8612,Los Angeles,2020-12-28,0
960,961,1578,4.35,2,2020-01-30 06:28:39,Janet Garcia,janet.garcia@icloud.com,+1-859-158-5011,New York,2019-11-13,0
961,962,1468,3.43,4,2022-03-24 15:48:56,Angela Morales,angela.morales@yahoo.com,+1-691-609-9437,New York,2021-04-10,0
962,963,501,5.0,1,2019-01-31 01:10:05,Timothy Smith,timothy.smith@hotmail.com,+1-289-401-8869,Chicago,2019-07-18,0
963,964,298,4.0,62,2021-04-16 11:33:47,Sarah Murphy,sarah.murphy@yahoo.com,+1-665-865-7121,Houston,2022-12-08,0
964,965,1020,3.62,0,2021-03-15 02:51:42,Nicholas Green,nicholas.green@icloud.com,+1-819-623-1918,Los Angeles,2021-03-25,0
965,966,411,3.05,14,2020-12-17 19:49:31,James Parker,james.parker@yahoo.com,+1-905-235-5945,Chicago,2023-11-26,0
966,967,237,3.88,2,2023-09-29 01:29:07,Timothy Morgan,timothy.morgan@yahoo.com,+1-324-305-3275,Chicago,2023-06-07,0
967,968,395,4.95,33,2023-10-21 00:16:51,Angela Anderson,angela.anderson@icloud.com,+1-316-374-9898,Los Angeles,2022-01-15,0
968,969,706,3.22,20,2019-04-12 01:32:17,Pamela Scott,pamela.scott@hotmail.com,+1-387-882-9374,Los Angeles,2021-03-25,0
969,970,257,3.98,3,2024-04-09 09:01:05,Jacob Walker,jacob.walker@yahoo.com,+1-797-461-1797,New York,2020-07-30,0
970,971,653,4.69,0,2020-02-10 20:26:29,Christopher Thompson,christopher.thompson@icloud.com,+1-779-775-3395,Houston,2024-04-07,0
971,972,699,3.17,5,2021-07-23 11:26:59,Amanda Peterson,amanda.peterson@icloud.com,+1-209-817-5314,Chicago,2020-08-11,0
972,973,1189,3.09,1,2022-06-08 03:21:48,Brenda Garcia,brenda.garcia1@icloud.com,+1-307-271-2934,Chicago,2024-02-09,0
973,974,387,4.14,2,2023-07-02 19:33:01,Sarah Green,sarah.green@gmail.com,+1-444-412-2916,Chicago,2021-02-03,0
974,975,1142,4.87,76,2020-09-18 08:23:10,Raymond Jackson,raymond.jackson@gmail.com,+1-557-195-4337,Los Angeles,2020-01-05,0
975,976,329,3.79,3,2024-04-26 19:46:43,Anthony Mitchell,anthony.mitchell@outlook.com,+1-623-146-4625,Chicago,2019-02-03,0
976,977,1501,3.26,8,2020-09-05 05:45:22,Rachel Scott,rachel.scott@yahoo.com,+1-798-493-2429,New York,2019-09-25,0
977,978,287,4.57,1,2020-12-17 00:26:05,Daniel Jones,daniel.jones@hotmail.com,+1-707-290-5742,New York,2019-01-19,0
978,979,1750,3.56,5,2021-04-15 19:15:03,Kathleen Miller,kathleen.miller@hotmail.com,+1-984-486-3051,Houston,2022-12-07,0
979,980,1557,4.02,2,2021-04-20 03:54:13,Thomas Sullivan,thomas.sullivan@yahoo.com,+1-610-733-1917,Chicago,2021-03-14,0
980,981,255,3.9,1,2019-05-02 09:28:16,Pamela Ross,pamela.ross@outlook.com,+1-394-881-3610,Houston,2021-11-20,0
981,982,586,4.01,17,2019-12-31 08:09:44,Larry Smith,larry.smith@gmail.com,+1-818-733-5990,Chicago,2022-09-02,0
982,983,563,3.45,1,2023-06-28 18:25:57,Susan Morgan,susan.morgan@protonmail.com,+1-832-220-5631,New York,2023-05-27,0
983,984,1422,3.82,1,2021-05-02 06:51:37,Emily Foster,emily.foster@hotmail.com,+1-260-929-6458,Chicago,2023-08-23,0
984,985,49,3.86,9,2020-04-04 22:13:48,Jeffrey Moore,jeffrey.moore@hotmail.com,+1-386-151-5262,Houston,2020-11-01,0
985,986,1802,4.43,3,2019-01-31 05:23:52,Brenda Walker,brenda.walker@protonmail.com,+1-500-221-6518,Los Angeles,2022-04-26,0
986,987,703,3.34,3,2020-06-01 07:07:05,Donald King,donald.king@yahoo.com,+1-434-307-5091,Los Angeles,2019-11-16,0
987,988,1552,3.4,3,2023-03-08 13:25:17,Sarah Sullivan,sarah.sullivan@icloud.com,+1-915-406-8703,Houston,2023-01-19,0
988,989,1098,4.37,2,2020-04-06 00:20:32,Brenda Collins,brenda.collins@hotmail.com,+1-862-137-4309,Chicago,2020-07-12,0
989,990,531,4.73,4,2022-01-21 05:49:46,Thomas Gray,thomas.gray@yahoo.com,+1-815-920-1138,Chicago,2020-05-31,0
990,991,1669,4.81,23,2019-01-05 15:06:32,Sharon Wilson,sharon.wilson@protonmail.com,+1-251-761-5078,New York,2020-03-25,0
991,992,1964,4.76,50,2020-11-07 16:38:38,Margaret Ramirez,margaret.ramirez@gmail.com,+1-784-396-3926,Chicago,2023-04-20,0
992,993,1703,3.0,13,2019-03-06 01:37:37,Rebecca Lopez,rebecca.lopez@yahoo.com,+1-829-409-4975,Los Angeles,2019-09-18,0
993,994,203,3.04,16,2023-06-01 11:13:56,Kathleen Mitchell,kathleen.mitchell@icloud.com,+1-305-828-9452,New York,2020-08-06,0
994,995,1395,3.75,67,2021-06-25 06:02:35,Nicholas Hughes,nicholas.hughes@gmail.com,+1-209-162-5359,New York,2022-09-24,0
995,996,1533,4.49,5,2022-06-07 00:41:02,Deborah Jackson,deborah.jackson@outlook.com,+1-871-393-4700,Houston,2022-11-07,0
996,997,1967,3.91,21,2024-01-19 16:44:20,Stephen Reed,stephen.reed@hotmail.com,+1-430-979-7618,Houston,2023-03-30,0
997,998,312,3.22,4,2019-01-16 00:05:43,Raymond Anderson,raymond.anderson@gmail.com,+1-876-529-1256,Chicago,2020-02-27,0
998,999,1051,3.01,3,2023-06-07 23:27:22,Scott Johnson,scott.johnson@icloud.com,+1-422-832-4138,Los Angeles,2019-12-18,0
999,1000,1258,4.14,4,2023-11-01 02:42:13,Timothy Jones,timothy.jones@outlook.com,+1-704-820-4425,New York,2020-02-06,0
1000,1001,976,5.0,2,2020-01-12 22:07:54,Margaret Wood,margaret.wood@hotmail.com,+1-382-496-7119,Chicago,2021-07-26,0
1001,1002,1370,3.5,24,2022-06-16 00:00:14,Anna Young,anna.young@outlook.com,+1-492-690-8344,Chicago,2020-07-10,0
1002,1003,337,4.6,9,2019-03-13 21:38:29,James Reed,james.reed@icloud.com,+1-621-112-1274,Los Angeles,2022-01-02,0
1003,1004,575,4.16,1,2019-10-14 21:45:47,Rebecca Cox,rebecca.cox@hotmail.com,+1-782-794-8178,Chicago,2022-06-05,0
1004,1005,471,3.77,13,2024-05-04 10:20:28,Betty Gray,betty.gray@icloud.com,+1-455-745-9907,New York,2021-02-22,0
1005,1006,1524,3.3,21,2020-12-31 10:05:56,Daniel Phillips,daniel.phillips@protonmail.com,+1-822-292-2137,Chicago,2019-05-28,0
1006,1007,1009,3.28,16,2023-03-17 06:30:49,Daniel Foster,daniel.foster@protonmail.com,+1-882-913-3514,Chicago,2020-05-02,0
1007,1008,1707,3.4,3,2022-11-20 01:28:28,Richard Nguyen,richard.nguyen@icloud.com,+1-693-807-6428,New York,2019-09-06,0
1008,1009,1333,4.48,1,2023-12-14 02:59:51,Catherine Sanders,catherine.sanders@outlook.com,+1-600-727-3869,Houston,2020-05-25,0
1009,1010,1774,4.35,19,2023-11-29 04:53:22,Steven James,steven.james@icloud.com,+1-212-227-6028,Los Angeles,2023-09-09,0
1010,1011,279,4.45,1,2024-04-03 08:42:41,Edward Hall,edward.hall@yahoo.com,+1-497-143-5712,New York,2020-12-10,0
1011,1012,384,3.09,2,2019-01-28 16:06:28,Michelle Sanchez,michelle.sanchez@hotmail.com,+1-316-368-9019,Los Angeles,2022-05-07,0
1012,1013,1143,4.08,48,2021-11-12 12:29:31,Lisa Sullivan,lisa.sullivan@icloud.com,+1-479-676-4479,New York,2021-12-13,0
1013,1014,1540,3.6,5,2019-09-13 09:18:46,Raymond Murphy,raymond.murphy@gmail.com,+1-315-691-8003,Los Angeles,2019-10-24,0
1014,1015,85,4.89,4,2023-08-29 08:59:51,Emma Lewis,emma.lewis@protonmail.com,+1-352-372-3330,New York,2019-05-03,0
1015,1016,1528,3.85,1,2021-03-12 14:51:37,Samuel Diaz,samuel.diaz@gmail.com,+1-209-910-2742,Los Angeles,2023-10-13,0
1016,1017,876,3.78,5,2019-05-07 05:37:37,Kimberly Anderson,kimberly.anderson@gmail.com,+1-837-673-9422,New York,2020-02-28,0
1017,1018,291,3.1,54,2024-01-28 23:03:31,Nancy Johnson,nancy.johnson@protonmail.com,+1-545-909-5833,Chicago,2019-12-26,0
1018,1019,528,4.63,1,2024-01-06 11:17:45,Christopher King,christopher.king@protonmail.com,+1-905-192-5670,New York,2021-03-02,0
1019,1020,1847,4.03,13,2020-11-11 18:37:43,Anna Flores,anna.flores@outlook.com,+1-635-624-1383,Los Angeles,2020-07-15,0
1020,1021,849,3.5,16,2020-01-04 21:56:53,Scott Campbell,scott.campbell@gmail.com,+1-295-886-5903,Los Angeles,2021-01-24,0
1021,1022,1551,4.78,3,2021-01-29 01:42:33,Barbara Johnson,barbara.johnson@icloud.com,+1-626-253-3988,Houston,2023-03-03,0
1022,1023,989,4.91,12,2019-09-14 06:17:54,Sarah Foster,sarah.foster@hotmail.com,+1-389-908-7068,Houston,2022-12-12,0
1023,1024,899,4.86,1,2023-06-15 02:53:21,Patrick Gomez,patrick.gomez@outlook.com,+1-312-981-5623,New York,2020-04-26,0
1024,1025,399,4.76,4,2021-09-16 01:12:28,Jack Cox,jack.cox@protonmail.com,+1-559-981-8015,Chicago,2022-06-15,0
1025,1026,1761,3.18,1,2024-02-20 23:07:39,Sarah Peterson,sarah.peterson@yahoo.com,+1-512-859-4453,New York,2021-02-01,0
1026,1027,850,4.11,4,2022-02-21 14:58:15,Ronald Rodriguez,ronald.rodriguez@hotmail.com,+1-763-166-5797,Houston,2019-10-03,0
1027,1028,668,4.39,1,2021-10-21 10:09:32,Laura Richardson,laura.richardson@hotmail.com,+1-693-274-4594,Houston,2022-05-15,0
1028,1029,87,4.0,0,2023-11-17 06:39:57,Cynthia Myers,cynthia.myers@outlook.com,+1-916-512-5460,Houston,2021-06-15,0
1029,1030,185,4.93,10,2021-08-18 04:08:03,Scott Bell,scott.bell@protonmail.com,+1-242-560-4084,Los Angeles,2022-05-24,0
1030,1031,1473,3.3,4,2019-02-26 10:56:10,Melissa Anderson,melissa.anderson@outlook.com,+1-895-355-9832,New York,2020-08-17,0
1031,1032,220,3.38,67,2021-03-18 02:10:14,Emma Nguyen,emma.nguyen@outlook.com,+1-237-871-4131,Los Angeles,2021-01-01,0
1032,1033,798,4.61,2,2019-02-07 09:38:24,Timothy Hall,timothy.hall@yahoo.com,+1-528-452-1396,Los Angeles,2019-12-13,0
1033,1034,1559,3.14,2,2020-09-24 02:34:37,Kevin James,kevin.james@protonmail.com,+1-614-947-7233,Chicago,2019-04-22,0
1034,1035,1834,3.65,12,2021-01-13 02:04:10,Kevin Turner,kevin.turner@hotmail.com,+1-652-535-7531,Los Angeles,2024-02-12,0
1035,1036,1800,3.56,1,2022-07-01 07:01:01,Richard Taylor,richard.taylor@gmail.com,+1-641-124-3735,New York,2019-09-29,0
1036,1037,236,3.06,4,2021-09-26 08:05:05,William Bell,william.bell@icloud.com,+1-497-407-3580,Chicago,2023-06-14,0
1037,1038,1303,3.75,3,2023-11-21 16:46:30,Betty Stewart,betty.stewart@yahoo.com,+1-605-323-6013,Houston,2023-12-26,0
1038,1039,301,4.21,7,2021-02-16 21:53:57,Justin Anderson,justin.anderson@gmail.com,+1-760-617-4312,Chicago,2019-12-03,0
1039,1040,1666,3.57,16,2021-04-29 05:34:34,Edward Rogers,edward.rogers@hotmail.com,+1-720-441-1870,Houston,2020-07-12,0
1040,1041,1614,4.73,7,2022-09-03 23:57:44,Michelle Clark,michelle.clark@gmail.com,+1-295-126-8166,New York,2022-07-11,0
1041,1042,666,3.88,1,2019-06-16 17:48:52,Pamela Jackson,pamela.jackson@gmail.com,+1-370-364-3949,Houston,2022-05-12,0
1042,1043,347,3.19,1,2023-09-07 10:58:23,Christopher Kelly,christopher.kelly@yahoo.com,+1-780-954-7375,Los Angeles,2021-02-25,0
1043,1044,881,3.28,1,2024-06-23 17:19:05,Brian Sanchez,brian.sanchez@protonmail.com,+1-976-786-9740,New York,2024-06-17,0
1044,1045,1052,4.44,13,2020-03-08 17:24:21,Stephen Smith,stephen.smith@protonmail.com,+1-301-319-9260,Houston,2021-01-20,0
1045,1046,560,4.41,61,2023-08-02 20:20:06,John Miller,john.miller@protonmail.com,+1-318-526-8279,Houston,2019-09-11,0
1046,1047,1055,4.82,4,2023-04-25 04:20:03,Kevin Thomas,kevin.thomas@hotmail.com,+1-312-632-3226,Houston,2023-04-11,0
1047,1048,1195,3.3,1,2020-03-04 01:04:56,Shirley Torres,shirley.torres@yahoo.com,+1-341-921-8025,Houston,2024-02-24,0
1048,1049,1441,4.31,1,2023-05-14 21:19:29,Anthony Reyes,anthony.reyes@gmail.com,+1-385-982-3948,New York,2022-02-10,0
1049,1050,592,3.89,0,2021-06-16 20:21:18,Benjamin Sanchez,benjamin.sanchez@yahoo.com,+1-323-972-7437,Chicago,2021-07-25,0
1050,1051,753,4.94,2,2020-04-08 20:00:14,Kathleen Bennett,kathleen.bennett@outlook.com,+1-403-469-1853,Chicago,2024-06-16,0
1051,1052,839,4.92,0,2022-04-30 01:11:27,Lisa Nelson,lisa.nelson@icloud.com,+1-875-983-3459,Chicago,2023-11-15,0
1052,1053,802,3.28,1,2023-07-08 09:09:58,Alexander Anderson,alexander.anderson@outlook.com,+1-660-582-1372,Los Angeles,2020-03-04,0
1053,1054,1284,3.69,4,2019-08-06 13:39:02,Betty Rodriguez,betty.rodriguez@outlook.com,+1-393-783-8794,Houston,2022-05-13,0
1054,1055,1588,3.99,4,2021-10-05 23:59:06,David Hill,david.hill@protonmail.com,+1-662-992-7876,Chicago,2022-10-03,0
1055,1056,663,4.81,3,2022-12-23 16:28:14,Brian Ross,brian.ross@gmail.com,+1-693-791-8844,Houston,2020-03-07,0
1056,1057,1238,3.45,4,2022-01-18 20:31:04,Jessica Miller,jessica.miller@yahoo.com,+1-445-870-4874,Houston,2021-11-07,0
1057,1058,13,4.27,1,2020-08-21 13:16:41,Mary Anderson,mary.anderson@gmail.com,+1-907-252-9938,New York,2023-09-06,0
1058,1059,1489,3.82,12,2020-05-11 09:16:19,David Parker,david.parker@yahoo.com,+1-832-256-9376,Chicago,2020-05-25,0
1059,1060,805,4.9,3,2020-11-21 13:35:29,Gregory Cooper,gregory.cooper@gmail.com,+1-461-274-1984,Los Angeles,2020-02-16,0
1060,1061,1097,3.69,3,2022-11-12 21:02:24,Joseph Martin,joseph.martin@yahoo.com,+1-228-351-6087,Houston,2021-09-21,0
1061,1062,186,3.03,11,2021-07-04 11:23:09,Gary Rogers,gary.rogers@yahoo.com,+1-263-561-2695,Los Angeles,2023-01-02,0
1062,1063,1179,3.17,2,2024-04-09 12:16:40,Ryan Robinson,ryan.robinson@icloud.com,+1-424-701-6556,Houston,2019-09-26,0
1063,1064,1862,3.19,2,2023-10-06 21:38:49,Diane Bell,diane.bell@hotmail.com,+1-608-109-5861,New York,2021-06-10,0
1064,1065,1337,4.9,2,2023-09-10 22:47:08,Larry Thomas,larry.thomas@outlook.com,+1-278-873-2723,Los Angeles,2021-04-19,0
1065,1066,524,4.4,1,2019-11-30 00:08:03,Shirley Kelly,shirley.kelly1@gmail.com,+1-377-297-4288,New York,2020-05-25,0
1066,1067,1391,4.1,20,2022-07-24 18:30:48,Eric Anderson,eric.anderson@hotmail.com,+1-780-933-4482,Chicago,2020-02-16,0
1067,1068,1433,4.88,24,2024-05-06 04:33:35,Robert Thomas,robert.thomas@yahoo.com,+1-606-600-5959,Chicago,2022-08-29,0
1068,1069,1835,3.35,19,2024-05-16 03:31:57,Michael Wright,michael.wright@hotmail.com,+1-945-324-6567,New York,2020-09-23,0
1069,1070,594,4.95,2,2021-12-10 20:01:06,Debra Hughes,debra.hughes@icloud.com,+1-326-890-8381,Houston,2022-09-10,0
1070,1071,924,4.13,17,2021-06-10 06:10:54,Janet Foster,janet.foster@hotmail.com,+1-685-368-3378,Houston,2019-01-25,0
1071,1072,109,4.33,19,2022-05-20 05:55:05,Richard Edwards,richard.edwards@gmail.com,+1-738-567-1251,Chicago,2021-04-19,0
1072,1073,215,3.23,19,2019-04-09 12:15:23,Gary Garcia,gary.garcia@protonmail.com,+1-596-482-5155,New York,2021-01-01,0
1073,1074,1815,3.12,4,2024-02-13 03:40:08,Patricia Mitchell,patricia.mitchell@yahoo.com,+1-488-684-7987,Houston,2021-12-02,0
1074,1075,486,3.35,4,2019-06-22 01:32:11,Emma Thompson,emma.thompson@hotmail.com,+1-514-851-5825,Chicago,2019-12-30,0
1075,1076,808,3.53,3,2022-06-22 20:24:01,Rachel Roberts,rachel.roberts@yahoo.com,+1-589-620-2631,Los Angeles,2021-09-19,0
1076,1077,231,3.05,3,2019-09-22 20:55:41,Sarah Cooper,sarah.cooper@outlook.com,+1-607-421-5566,Chicago,2024-05-21,0
1077,1078,285,3.26,1,2021-01-22 19:25:03,Betty Torres,betty.torres@outlook.com,+1-492-761-1969,New York,2022-08-28,0
1078,1079,1184,4.04,3,2022-11-24 19:55:32,Dorothy Rivera,dorothy.rivera@protonmail.com,+1-362-278-9248,New York,2023-07-11,0
1079,1080,464,3.17,23,2019-10-06 18:50:01,Stephanie Mitchell,stephanie.mitchell@protonmail.com,+1-845-760-2376,Los Angeles,2024-02-22,0
1080,1081,4,4.45,1,2020-06-30 03:11:02,Dorothy Phillips,dorothy.phillips@yahoo.com,+1-887-760-5915,Houston,2020-10-09,0
1081,1082,951,3.4,4,2020-01-31 01:09:36,John Jones,john.jones@outlook.com,+1-257-445-1701,Houston,2019-08-31,0
1082,1083,302,4.14,4,2024-05-02 11:26:51,Michelle Peterson,michelle.peterson@hotmail.com,+1-319-796-4365,Houston,2019-07-06,0
1083,1084,243,3.85,1,2021-12-26 01:05:05,Linda Thomas,linda.thomas@icloud.com,+1-356-411-3697,Chicago,2020-10-22,0
1084,1085,1358,3.18,11,2019-04-02 05:37:05,Brian Williams,brian.williams@icloud.com,+1-799-559-7264,Chicago,2021-10-28,0
1085,1086,897,4.31,4,2021-04-01 17:56:59,Frank Hill,frank.hill@hotmail.com,+1-935-452-2462,New York,2022-06-06,0
1086,1087,157,4.89,9,2022-03-08 18:56:32,Linda Cox,linda.cox@icloud.com,+1-775-437-3002,Houston,2020-12-25,0
1087,1088,173,3.02,1,2022-08-27 01:08:00,Edward Powell,edward.powell@gmail.com,+1-646-119-8532,New York,2023-11-01,0
1088,1089,1232,3.87,3,2021-10-07 01:23:04,Stephen Richardson,stephen.richardson@outlook.com,+1-611-703-1737,Houston,2023-11-01,0
1089,1090,18,3.45,1,2021-03-14 06:47:45,Carolyn Powell,carolyn.powell@yahoo.com,+1-473-263-2771,Houston,2023-11-22,0
1090,1091,954,3.62,0,2019-05-23 22:16:09,John Nguyen,john.nguyen@icloud.com,+1-246-348-3138,New York,2019-12-19,0
1091,1092,993,4.94,1,2021-08-07 00:51:37,Deborah Campbell,deborah.campbell@hotmail.com,+1-833-141-6989,Los Angeles,2019-12-25,0
1092,1093,1525,4.31,10,2020-03-24 09:46:07,Jeffrey Young,jeffrey.young@hotmail.com,+1-860-512-2642,Chicago,2023-01-28,0
1093,1094,1860,4.96,1,2022-07-25 16:03:52,Jonathan Sullivan,jonathan.sullivan@gmail.com,+1-370-302-8169,New York,2019-03-21,0
1094,1095,358,4.98,10,2024-05-23 19:26:32,Ronald Perez,ronald.perez@yahoo.com,+1-475-408-5397,Houston,2019-10-26,0
1095,1096,1463,3.6,19,2019-03-20 03:33:34,Anna Torres,anna.torres@protonmail.com,+1-668-287-8191,Los Angeles,2023-06-24,0
1096,1097,625,3.21,13,2019-10-01 18:09:03,Janet Parker,janet.parker@gmail.com,+1-410-650-8130,New York,2023-03-10,0
1097,1098,1157,3.67,22,2019-01-22 06:17:39,Samuel Gray,samuel.gray@icloud.com,+1-285-397-8671,Houston,2019-06-12,0
1098,1099,1816,3.73,17,2024-04-28 16:05:29,Thomas Flores,thomas.flores@outlook.com,+1-312-833-2965,Houston,2023-12-26,0
1099,1100,416,4.97,1,2021-08-18 10:13:41,Catherine Baker,catherine.baker@gmail.com,+1-632-810-3165,Houston,2019-05-26,0
1100,1101,479,3.98,2,2020-04-07 14:50:44,Donna Thompson,donna.thompson@hotmail.com,+1-238-192-1920,Chicago,2022-05-17,0
1101,1102,1698,3.52,1,2021-12-22 13:11:13,Michelle Ward,michelle.ward@yahoo.com,+1-899-886-4268,Los Angeles,2019-10-05,0
1102,1103,1740,4.12,13,2022-08-03 15:50:41,Emma Nelson,emma.nelson@gmail.com,+1-429-941-5749,Los Angeles,2021-03-10,0
1103,1104,1242,3.17,1,2022-06-27 07:18:43,Jason Stewart,jason.stewart@gmail.com,+1-851-612-4333,Chicago,2021-02-03,0
1104,1105,238,4.07,2,2020-05-21 23:43:26,Amy Brown,amy.brown@outlook.com,+1-767-686-7044,Houston,2023-07-04,0
1105,1106,156,4.88,1,2019-11-12 12:37:21,Elizabeth Hernandez,elizabeth.hernandez@gmail.com,+1-642-198-7105,Chicago,2022-02-13,0
1106,1107,16,4.5,3,2020-01-28 03:27:58,Brenda Turner,brenda.turner@icloud.com,+1-967-258-4878,Chicago,2024-06-22,0
1107,1108,719,4.65,7,2020-07-23 09:48:59,Timothy Campbell,timothy.campbell@icloud.com,+1-770-929-5222,Los Angeles,2019-02-10,0
1108,1109,840,3.79,3,2019-01-12 18:51:09,Charles Thompson,charles.thompson@protonmail.com,+1-252-529-6047,Los Angeles,2023-02-04,0
1109,1110,1442,4.02,1,2022-07-23 15:07:19,Laura Green,laura.green1@gmail.com,+1-240-231-4378,Chicago,2019-06-29,0
1110,1111,1855,4.41,2,2022-04-18 16:38:23,Raymond Kelly,raymond.kelly@yahoo.com,+1-260-885-9084,Los Angeles,2021-04-23,0
1111,1112,463,4.87,2,2022-05-28 08:16:53,Susan Moore,susan.moore@gmail.com,+1-212-163-4641,Chicago,2020-02-10,0
1112,1113,1201,4.91,5,2020-02-08 23:08:39,George Johnson,george.johnson@outlook.com,+1-740-725-3406,Houston,2021-07-02,0
1113,1114,716,3.55,2,2019-08-26 22:50:41,Amy Moore,amy.moore@protonmail.com,+1-729-646-6172,Houston,2020-09-06,0
1114,1115,357,4.91,2,2024-04-14 15:01:42,Emily Turner,emily.turner@hotmail.com,+1-997-186-4977,Chicago,2022-11-04,0
1115,1116,556,4.76,7,2022-06-24 00:04:59,Janet Moore,janet.moore@outlook.com,+1-701-467-4087,Chicago,2024-04-25,0
1116,1117,445,4.7,1,2022-10-05 05:44:51,Stephanie Rodriguez,stephanie.rodriguez@hotmail.com,+1-489-892-6090,Los Angeles,2019-06-26,0
1117,1118,1543,4.02,1,2021-04-17 12:02:10,Rachel Young,rachel.young@hotmail.com,+1-628-662-9144,Houston,2021-12-26,0
1118,1119,140,4.58,5,2021-06-30 17:21:10,Edward Scott,edward.scott@yahoo.com,+1-325-968-8450,New York,2022-09-19,0
1119,1120,709,3.95,18,2019-09-08 03:58:35,Jessica Long,jessica.long@icloud.com,+1-671-423-1137,New York,2022-10-12,0
1120,1121,1047,4.32,1,2023-12-02 08:18:27,Jessica Allen,jessica.allen@gmail.com,+1-267-408-1168,New York,2023-05-22,0
1121,1122,1992,3.12,0,2020-10-07 06:44:56,Scott Johnson,scott.johnson@outlook.com,+1-572-838-9332,Houston,2021-09-03,0
1122,1123,576,3.72,3,2019-04-24 09:35:41,Ronald Rivera,ronald.rivera@icloud.com,+1-229-983-3140,Houston,2024-02-28,0
1123,1124,1018,3.83,3,2019-12-05 04:40:30,Anna Gray,anna.gray@yahoo.com,+1-797-639-4639,Los Angeles,2020-02-05,0
1124,1125,1678,4.61,0,2021-07-31 08:17:18,Gary Ward,gary.ward@gmail.com,+1-700-994-5055,Houston,2019-08-13,0
1125,1126,1696,4.0,2,2023-02-10 18:52:31,Robert Nguyen,robert.nguyen@outlook.com,+1-454-931-7328,Houston,2021-03-28,0
1126,1127,46,4.99,2,2020-03-28 06:48:56,Mark Wright,mark.wright@hotmail.com,+1-697-129-7371,Los Angeles,2022-10-01,0
1127,1128,1,3.25,66,2021-08-31 02:24:25,David White,david.white@gmail.com,+1-809-169-4853,Houston,2019-09-03,0
1128,1129,1268,4.73,2,2020-10-12 19:34:49,Ashley Sanchez,ashley.sanchez@yahoo.com,+1-537-418-2029,New York,2019-02-27,0
1129,1130,937,3.62,1,2021-08-12 13:22:03,Dorothy Thompson,dorothy.thompson@hotmail.com,+1-271-603-4287,Houston,2020-01-01,0
1130,1131,1536,4.45,4,2022-03-21 15:49:29,David Garcia,david.garcia@icloud.com,+1-354-282-8022,Los Angeles,2022-05-13,0
1131,1132,369,4.1,4,2019-12-10 04:42:25,Laura Diaz,laura.diaz@hotmail.com,+1-796-510-9755,Houston,2022-01-18,0
1132,1133,9,3.3,1,2021-11-10 18:44:10,Susan Sullivan,susan.sullivan@icloud.com,+1-359-378-5616,Chicago,2023-01-09,0
1133,1134,330,4.58,11,2022-09-06 17:40:08,Dorothy Bell,dorothy.bell@icloud.com,+1-793-837-7841,Los Angeles,2019-11-09,0
1134,1135,1289,4.69,14,2024-02-22 10:20:10,James Campbell,james.campbell@gmail.com,+1-275-466-1491,New York,2019-10-19,0
1135,1136,1113,4.48,84,2022-01-11 22:11:12,Robert Scott,robert.scott@gmail.com,+1-998-603-8718,Houston,2024-03-12,0
1136,1137,1898,3.33,25,2021-03-08 18:44:55,Elizabeth White,elizabeth.white@protonmail.com,+1-288-290-6201,New York,2023-04-20,0
1137,1138,1930,4.15,1,2020-06-18 14:17:08,Andrew Flores,andrew.flores@hotmail.com,+1-891-940-8875,New York,2020-06-18,0
1138,1139,1244,3.03,1,2022-05-26 17:30:42,Cynthia Watson,cynthia.watson@outlook.com,+1-868-271-1008,New York,2024-03-26,0
1139,1140,1900,4.32,5,2021-05-08 18:47:34,Raymond Young,raymond.young@outlook.com,+1-897-757-4130,Chicago,2020-09-27,0
1140,1141,1901,4.6,1,2024-06-20 03:59:26,Michael Carter,michael.carter@protonmail.com,+1-493-282-5570,Chicago,2022-03-03,0
1141,1142,886,4.64,4,2020-01-20 09:35:20,Joseph Hall,joseph.hall@hotmail.com,+1-672-966-3798,Los Angeles,2023-04-22,0
1142,1143,1486,3.2,3,2024-03-17 20:15:41,Joseph Wilson,joseph.wilson@gmail.com,+1-329-259-6638,New York,2023-04-21,0
1143,1144,276,3.99,1,2020-08-30 14:22:00,Ashley Scott,ashley.scott@icloud.com,+1-505-330-5876,Los Angeles,2022-12-14,0
1144,1145,1940,4.09,4,2019-09-07 12:11:15,Michael Diaz,michael.diaz@protonmail.com,+1-578-358-7974,Los Angeles,2022-10-14,0
1145,1146,1445,4.06,21,2022-12-11 08:28:12,Jonathan Nguyen,jonathan.nguyen@protonmail.com,+1-746-555-3291,Houston,2022-11-24,0
1146,1147,936,3.5,4,2022-08-25 23:07:50,Barbara Scott,barbara.scott@gmail.com,+1-591-497-6450,New York,2020-06-12,0
1147,1148,682,3.47,36,2020-12-01 03:06:46,Brenda Murphy,brenda.murphy@outlook.com,+1-514-691-6641,Houston,2023-02-15,0
1148,1149,1813,3.67,1,2023-12-28 23:56:54,Kimberly Jackson,kimberly.jackson@gmail.com,+1-411-665-9334,Chicago,2019-02-26,0
1149,1150,1725,4.58,16,2023-04-04 19:43:09,Gary Richardson,gary.richardson@protonmail.com,+1-384-689-9306,Los Angeles,2019-09-23,0
1150,1151,1456,4.75,14,2023-04-11 19:17:55,Mark Scott,mark.scott@gmail.com,+1-300-486-4640,Houston,2024-05-03,0
1151,1152,1779,4.61,25,2019-07-21 05:48:56,Samuel Thompson,samuel.thompson@yahoo.com,+1-832-771-1812,Chicago,2019-08-23,0
1152,1153,854,4.06,0,2021-05-11 07:34:34,Shirley Howard,shirley.howard@icloud.com,+1-562-232-9132,Houston,2021-10-05,0
1153,1154,1220,4.17,0,2022-07-28 04:43:32,Melissa Flores,melissa.flores@outlook.com,+1-510-401-8961,New York,2023-06-09,0
1154,1155,1554,4.07,1,2022-06-12 18:18:27,Linda Gray,linda.gray@gmail.com,+1-818-869-3843,Chicago,2019-01-23,0
1155,1156,1723,3.81,5,2019-02-26 19:32:37,William Thompson,william.thompson@protonmail.com,+1-355-460-6558,Houston,2023-01-04,0
1156,1157,462,3.69,2,2019-11-02 12:43:51,Stephanie Stewart,stephanie.stewart@icloud.com,+1-966-663-5093,New York,2021-08-04,0
1157,1158,686,4.63,1,2019-05-16 21:40:10,Dorothy Lewis,dorothy.lewis@outlook.com,+1-281-723-1618,Houston,2024-03-21,0
1158,1159,1601,3.36,1,2020-05-15 04:52:14,Brandon Lee,brandon.lee@icloud.com,+1-646-490-5669,Houston,2022-07-22,0
1159,1160,1462,4.63,20,2022-02-26 20:58:55,Ronald Kelly,ronald.kelly@protonmail.com,+1-473-154-7064,Chicago,2022-10-20,0
1160,1161,1027,3.62,78,2021-05-16 17:12:17,Nancy Carter,nancy.carter@outlook.com,+1-767-602-1691,Los Angeles,2023-09-06,0
1161,1162,1596,3.16,7,2020-08-02 09:33:40,Margaret Sullivan,margaret.sullivan@yahoo.com,+1-630-813-9947,Chicago,2022-05-15,0
1162,1163,720,3.49,1,2019-04-02 01:19:58,Jason Thomas,jason.thomas@outlook.com,+1-895-720-4259,Chicago,2024-06-28,0
1163,1164,1854,3.24,14,2022-06-01 06:10:32,Nicholas Cox,nicholas.cox@yahoo.com,+1-285-244-7605,Houston,2021-12-07,0
1164,1165,1411,3.1,1,2024-03-14 05:53:20,Carolyn Thomas,carolyn.thomas@protonmail.com,+1-339-647-9060,New York,2023-06-18,0
1165,1166,1581,4.49,13,2023-06-29 02:31:27,Stephen Morris,stephen.morris@gmail.com,+1-287-284-2775,Houston,2023-04-23,0
1166,1167,254,3.85,3,2021-01-14 18:37:47,Emily Roberts,emily.roberts@icloud.com,+1-628-354-3616,Los Angeles,2024-03-27,0
1167,1168,1609,3.99,5,2019-11-09 04:20:25,Karen Mitchell,karen.mitchell@icloud.com,+1-959-714-6201,Los Angeles,2019-12-16,0
1168,1169,483,4.43,1,2024-06-17 04:33:08,Barbara Mitchell,barbara.mitchell@protonmail.com,+1-878-505-2655,Los Angeles,2020-09-10,0
1169,1170,983,4.74,22,2022-04-11 07:27:02,Sharon Ward,sharon.ward@yahoo.com,+1-805-252-1083,Houston,2024-06-30,0
1170,1171,761,3.11,3,2019-07-01 14:39:30,Jennifer Rivera,jennifer.rivera@protonmail.com,+1-648-672-5828,Houston,2020-01-24,0
1171,1172,1249,3.41,17,2019-07-14 02:59:36,Eric Green,eric.green@protonmail.com,+1-550-750-5282,Houston,2020-07-13,0
1172,1173,361,5.0,5,2020-09-18 11:41:54,Susan Moore,susan.moore@outlook.com,+1-206-505-6443,Houston,2023-07-05,0
1173,1174,1587,3.21,1,2022-10-19 21:59:33,Steven Bennett,steven.bennett@yahoo.com,+1-285-245-2134,Los Angeles,2021-04-09,0
1174,1175,747,4.1,3,2024-01-14 23:37:17,Catherine Jones,catherine.jones@outlook.com,+1-282-963-3393,New York,2020-06-29,0
1175,1176,1167,4.25,2,2019-06-03 18:53:12,Christine Wood,christine.wood@outlook.com,+1-907-789-7471,Los Angeles,2019-06-29,0
1176,1177,1245,3.16,14,2021-05-07 13:43:40,Kathleen Wright,kathleen.wright@icloud.com,+1-456-959-7228,Los Angeles,2023-09-22,0
1177,1178,1176,3.06,8,2019-02-11 00:44:08,Linda Cooper,linda.cooper@gmail.com,+1-632-690-6174,New York,2020-07-02,0
1178,1179,306,3.42,7,2023-01-15 06:55:31,George Long,george.long@gmail.com,+1-754-161-2130,Houston,2019-03-06,0
1179,1180,806,4.63,3,2021-01-17 20:01:55,Catherine Watson,catherine.watson@outlook.com,+1-254-576-1136,New York,2021-03-06,0
1180,1181,1638,3.21,11,2023-03-23 04:55:24,Mary Green,mary.green@protonmail.com,+1-211-834-6388,Chicago,2021-08-11,0
1181,1182,857,4.5,1,2024-01-07 02:46:18,Jennifer Nelson,jennifer.nelson@outlook.com,+1-773-925-4478,New York,2022-08-04,0
1182,1183,921,4.65,15,2023-09-20 15:05:17,Jason Roberts,jason.roberts@yahoo.com,+1-876-550-3740,Chicago,2022-03-29,0
1183,1184,1675,3.83,3,2019-11-23 02:33:18,Kevin Price,kevin.price@gmail.com,+1-370-291-6442,Houston,2019-10-18,0
1184,1185,1914,4.77,15,2022-04-20 07:55:43,Ashley Allen,ashley.allen@protonmail.com,+1-582-715-6535,Houston,2022-10-21,0
1185,1186,364,4.77,12,2020-04-28 09:29:16,Kevin Nguyen,kevin.nguyen@protonmail.com,+1-911-748-9044,Chicago,2020-10-29,0
1186,1187,1966,4.52,3,2022-01-07 06:12:18,Brandon Scott,brandon.scott@outlook.com,+1-988-471-2730,Los Angeles,2021-10-25,0
1187,1188,1459,4.37,19,2024-03-31 10:51:00,Richard Miller,richard.miller@yahoo.com,+1-525-869-7382,Chicago,2020-12-07,0
1188,1189,17,4.96,5,2019-06-08 05:30:25,Daniel Turner,daniel.turner@gmail.com,+1-383-854-6442,Houston,2023-07-01,0
1189,1190,1416,4.44,2,2021-03-13 17:30:06,Kevin Carter,kevin.carter@icloud.com,+1-954-101-6092,New York,2022-04-23,0
1190,1191,211,3.2,44,2021-06-04 03:20:11,Christine Flores,christine.flores@gmail.com,+1-313-956-9189,New York,2022-07-18,0
1191,1192,775,4.69,4,2024-05-30 09:28:48,Deborah Harris,deborah.harris@yahoo.com,+1-738-772-5075,Chicago,2022-02-17,0
1192,1193,1570,3.93,5,2023-06-16 15:35:04,Thomas Baker,thomas.baker@outlook.com,+1-568-738-8059,New York,2023-12-30,0
1193,1194,971,3.66,12,2022-02-06 22:54:50,Jack Miller,jack.miller@icloud.com,+1-380-261-1476,Houston,2021-11-20,0
1194,1195,489,4.84,16,2024-05-07 06:14:59,Brian Sullivan,brian.sullivan@gmail.com,+1-443-455-6234,Chicago,2022-07-26,0
1195,1196,1428,3.24,15,2020-10-02 02:56:09,Christopher Howard,christopher.howard@yahoo.com,+1-652-812-8904,Los Angeles,2024-01-12,0
1196,1197,1476,4.92,3,2021-11-24 14:22:50,James Wood,james.wood@hotmail.com,+1-536-405-6798,New York,2019-01-11,0
1197,1198,1877,3.45,3,2023-07-05 23:48:08,Carolyn Nguyen,carolyn.nguyen@outlook.com,+1-509-612-2921,Chicago,2022-02-21,0
1198,1199,1512,3.33,5,2020-01-06 21:36:26,Patrick Ross,patrick.ross@icloud.com,+1-465-410-4609,Los Angeles,2022-12-21,0
1199,1200,914,3.05,2,2020-06-01 04:44:15,Lisa Jones,lisa.jones@protonmail.com,+1-811-867-5981,Los Angeles,2019-05-06,0
1200,1201,1101,4.12,1,2022-10-10 08:14:23,Joshua Rodriguez,joshua.rodriguez@hotmail.com,+1-572-787-2479,Houston,2024-04-15,0
1201,1202,349,4.05,1,2019-01-11 18:13:42,Richard Collins,richard.collins@yahoo.com,+1-277-448-7499,Los Angeles,2019-03-02,0
1202,1203,233,3.94,4,2022-12-24 23:16:02,Brenda Thomas,brenda.thomas@outlook.com,+1-993-366-8311,Chicago,2022-06-07,0
1203,1204,57,4.2,7,2019-06-24 17:24:59,Maria Sanchez,maria.sanchez@gmail.com,+1-806-807-4978,New York,2022-11-28,0
1204,1205,332,4.43,29,2022-12-24 20:45:05,Rachel Price,rachel.price@outlook.com,+1-463-881-9005,Houston,2021-08-01,0
1205,1206,617,3.22,3,2022-07-14 22:03:26,Eric Lee,eric.lee@hotmail.com,+1-756-649-7609,New York,2020-12-16,0
1206,1207,59,3.21,2,2019-03-27 09:49:51,Jeffrey Reyes,jeffrey.reyes@outlook.com,+1-270-618-6590,New York,2023-10-06,0
1207,1208,964,4.11,3,2023-05-10 16:25:19,Laura Turner,laura.turner@yahoo.com,+1-378-725-1616,Chicago,2023-01-08,0
1208,1209,1161,3.22,1,2024-03-27 12:11:08,Steven Ward,steven.ward@gmail.com,+1-987-615-1266,New York,2023-02-25,0
1209,1210,1455,3.94,8,2020-04-25 09:57:12,Debra Lopez,debra.lopez@outlook.com,+1-541-896-5476,Chicago,2023-11-15,0
1210,1211,206,3.26,2,2020-09-22 02:03:30,Melissa Walker,melissa.walker@hotmail.com,+1-283-483-4678,New York,2020-10-14,0
1211,1212,1159,4.35,17,2024-01-02 02:19:19,Jeffrey Nguyen,jeffrey.nguyen1@icloud.com,+1-248-664-2253,New York,2021-11-17,0
1212,1213,926,4.27,2,2022-04-08 15:49:33,Stephen Bennett,stephen.bennett@outlook.com,+1-642-725-5466,Los Angeles,2020-07-07,0
1213,1214,473,3.5,1,2023-03-04 15:37:13,Justin Rogers,justin.rogers@outlook.com,+1-597-376-3946,New York,2020-10-15,0
1214,1215,1093,4.55,1,2023-07-22 15:49:23,Debra Reed,debra.reed@icloud.com,+1-987-544-1981,Chicago,2021-01-16,0
1215,1216,1577,3.4,3,2021-11-18 18:20:17,Angela Watson,angela.watson1@outlook.com,+1-582-185-7769,Houston,2020-06-22,0
1216,1217,1803,4.68,23,2019-05-06 06:21:23,Anna Wood,anna.wood@gmail.com,+1-939-146-2208,Los Angeles,2024-04-29,0
1217,1218,1927,3.89,4,2022-07-26 11:42:21,Donald Mitchell,donald.mitchell@outlook.com,+1-548-613-1026,Houston,2024-02-17,0
1218,1219,928,4.12,1,2019-11-26 11:05:35,Frank Sullivan,frank.sullivan@yahoo.com,+1-951-788-4193,Los Angeles,2022-10-19,0
1219,1220,191,4.8,1,2019-01-22 16:01:38,David Ward,david.ward@protonmail.com,+1-344-458-6082,Houston,2019-09-22,0
1220,1221,1241,3.36,24,2021-06-10 01:03:27,Larry Cox,larry.cox@protonmail.com,+1-303-352-3057,Los Angeles,2022-03-09,0
1221,1222,1353,4.09,7,2023-09-02 19:27:45,Michelle Thompson,michelle.thompson@gmail.com,+1-611-769-6181,New York,2021-03-08,0
1222,1223,1209,3.73,1,2021-12-29 07:24:57,Donald Sullivan,donald.sullivan@icloud.com,+1-779-831-9737,Chicago,2020-12-18,0
1223,1224,307,3.93,2,2023-04-05 00:04:54,Andrew Turner,andrew.turner@yahoo.com,+1-987-238-7887,Los Angeles,2023-12-31,0
1224,1225,1446,3.06,7,2020-06-11 06:58:29,Kevin Peterson,kevin.peterson@outlook.com,+1-820-651-9365,Chicago,2022-11-09,0
1225,1226,1329,4.3,45,2021-06-29 19:36:39,Patrick Cruz,patrick.cruz@hotmail.com,+1-362-718-6084,Chicago,2021-10-26,0
1226,1227,1420,3.39,2,2020-02-24 06:51:28,Jacob Jackson,jacob.jackson@icloud.com,+1-490-249-1562,Los Angeles,2020-09-24,0
1227,1228,1425,3.43,75,2022-05-13 00:49:24,Edward Baker,edward.baker@hotmail.com,+1-894-584-6706,Houston,2021-03-11,0
1228,1229,1107,4.93,2,2020-05-19 03:40:22,Joseph Green,joseph.green@icloud.com,+1-633-586-5036,Los Angeles,2023-12-07,0
1229,1230,1381,4.94,4,2020-01-13 14:48:14,Jeffrey Powell,jeffrey.powell@yahoo.com,+1-448-589-1565,Los Angeles,2022-07-16,0
1230,1231,611,3.78,65,2019-04-29 05:19:14,Raymond Harris,raymond.harris@outlook.com,+1-659-281-2220,Chicago,2024-05-25,0
1231,1232,1349,4.58,2,2022-04-09 10:48:07,Rebecca Brown,rebecca.brown@gmail.com,+1-545-940-4148,New York,2020-03-27,0
1232,1233,1798,4.2,4,2022-04-03 03:48:01,Eric Jackson,eric.jackson@icloud.com,+1-706-747-4245,Chicago,2023-11-30,0
1233,1234,1173,4.1,1,2022-11-17 09:50:23,Brian Johnson,brian.johnson@gmail.com,+1-845-967-8074,Houston,2023-10-04,0
1234,1235,991,3.52,4,2023-01-06 22:47:13,Jeffrey Wright,jeffrey.wright@protonmail.com,+1-827-655-4393,New York,2022-06-24,0
1235,1236,413,3.04,5,2022-10-06 17:59:56,Rachel Perez,rachel.perez@gmail.com,+1-605-740-6005,Chicago,2021-05-29,0
1236,1237,1033,4.36,1,2022-01-12 15:06:42,Heather Howard,heather.howard@gmail.com,+1-465-266-1958,Chicago,2020-10-16,0
1237,1238,1444,3.13,2,2024-04-09 11:26:35,Emma Perez,emma.perez@hotmail.com,+1-873-100-5068,Los Angeles,2019-04-05,0
1238,1239,1451,4.38,19,2021-02-03 00:12:56,Alexander Jackson,alexander.jackson1@icloud.com,+1-408-172-5413,Chicago,2023-01-03,0
1239,1240,1366,4.16,1,2022-02-07 00:17:49,Michelle White,michelle.white@hotmail.com,+1-844-106-2058,Houston,2019-05-24,0
1240,1241,965,4.39,4,2020-03-17 07:05:16,Amy Wood,amy.wood@gmail.com,+1-842-946-5934,Los Angeles,2021-05-07,0
1241,1242,368,3.18,53,2019-06-20 15:02:08,Joshua Walker,joshua.walker@outlook.com,+1-874-257-7932,Houston,2019-06-01,0
1242,1243,1971,4.47,77,2022-06-17 04:13:37,Mark Moore,mark.moore@icloud.com,+1-834-615-2319,Houston,2024-04-20,0
1243,1244,755,4.79,3,2020-03-27 02:16:19,Kimberly Ward,kimberly.ward@gmail.com,+1-605-908-4982,New York,2024-06-07,0
1244,1245,530,3.78,2,2019-01-14 16:58:09,Anthony Wright,anthony.wright@protonmail.com,+1-619-625-1328,New York,2021-08-28,0
1245,1246,1402,3.96,16,2019-01-30 23:16:19,Christine Price,christine.price@protonmail.com,+1-686-627-7768,Chicago,2019-01-07,0
1246,1247,1069,3.44,1,2022-02-04 20:13:03,Cynthia Sanchez,cynthia.sanchez@outlook.com,+1-877-609-9032,Los Angeles,2022-01-15,0
1247,1248,1989,3.09,67,2023-06-12 21:58:31,Maria Lee,maria.lee@icloud.com,+1-849-412-8787,Houston,2022-10-10,0
1248,1249,1863,4.53,5,2020-05-01 08:31:27,Emily Ross,emily.ross1@protonmail.com,+1-477-635-6281,Los Angeles,2022-02-28,0
1249,1250,1435,3.56,2,2020-10-20 07:00:55,Rachel Carter,rachel.carter1@outlook.com,+1-847-768-8292,Los Angeles,2019-01-24,0
1250,1251,1932,4.41,5,2019-12-16 13:04:21,David Hall,david.hall@protonmail.com,+1-950-203-7626,New York,2019-11-26,0
1251,1252,1685,4.24,1,2020-11-21 03:19:01,Pamela Powell,pamela.powell@protonmail.com,+1-641-468-4380,New York,2020-02-01,0
1252,1253,1335,4.16,18,2021-06-15 12:28:25,Justin Gonzalez,justin.gonzalez@hotmail.com,+1-915-144-4927,Chicago,2020-07-14,0
1253,1254,1870,4.08,4,2021-06-28 19:21:18,Mary Harris,mary.harris@outlook.com,+1-491-940-7982,Los Angeles,2021-01-22,0
1254,1255,1200,4.01,13,2020-11-15 17:31:05,Stephanie Price,stephanie.price@protonmail.com,+1-766-994-5986,Los Angeles,2024-02-06,0
1255,1256,1597,3.05,3,2021-07-25 12:05:00,Ronald Ramirez,ronald.ramirez@outlook.com,+1-414-295-1235,Los Angeles,2023-07-25,0
1256,1257,1515,4.83,3,2022-08-13 16:44:17,Ashley Clark,ashley.clark@icloud.com,+1-318-101-6692,Los Angeles,2020-10-26,0
1257,1258,1017,4.2,1,2019-08-20 18:09:03,Stephanie Watson,stephanie.watson@yahoo.com,+1-656-465-2515,Los Angeles,2019-04-23,0
1258,1259,265,4.63,3,2021-09-09 23:57:30,Benjamin Green,benjamin.green@yahoo.com,+1-602-731-5902,Los Angeles,2021-11-04,0
1259,1260,830,4.72,12,2019-05-26 13:26:34,Jennifer Gomez,jennifer.gomez@hotmail.com,+1-728-883-1807,Chicago,2020-08-19,0
1260,1261,1385,3.29,6,2022-02-18 06:30:35,Jeffrey Perez,jeffrey.perez@hotmail.com,+1-458-808-5951,Houston,2022-04-15,0
1261,1262,1145,4.82,18,2022-03-17 11:24:24,Brian Brown,brian.brown@outlook.com,+1-897-796-2998,Houston,2021-02-04,0
1262,1263,6,3.95,55,2022-02-07 04:07:16,Margaret Rogers,margaret.rogers@outlook.com,+1-335-457-2127,Chicago,2021-01-26,0
1263,1264,723,4.53,27,2023-09-05 22:39:48,Carol Torres,carol.torres@protonmail.com,+1-827-685-7631,New York,2019-06-12,0
1264,1265,588,4.98,23,2021-06-22 11:44:32,Jacob Nelson,jacob.nelson@icloud.com,+1-985-734-8751,Los Angeles,2023-01-06,0
1265,1266,240,3.81,17,2021-01-31 09:35:49,Raymond Murphy,raymond.murphy@icloud.com,+1-620-887-7708,New York,2019-09-14,0
1266,1267,232,3.46,3,2024-03-24 01:47:34,Joseph Brown,joseph.brown@protonmail.com,+1-390-611-9482,Houston,2024-02-14,0
1267,1268,768,4.73,3,2020-12-23 21:19:20,Richard Peterson,richard.peterson@protonmail.com,+1-268-144-3126,Chicago,2023-11-24,0
1268,1269,949,3.62,21,2019-10-09 20:13:03,Matthew Moore,matthew.moore@gmail.com,+1-397-125-4907,Houston,2021-03-07,0
1269,1270,1004,3.19,2,2021-10-09 09:15:33,Jonathan Gray,jonathan.gray@outlook.com,+1-621-692-6616,Los Angeles,2021-09-22,0
1270,1271,34,3.03,8,2020-01-04 03:22:10,Samuel Howard,samuel.howard@yahoo.com,+1-935-813-7291,Houston,2021-03-29,0
1271,1272,196,4.76,1,2021-05-07 22:17:17,Emily Gonzalez,emily.gonzalez@icloud.com,+1-989-652-9626,New York,2022-09-17,0
1272,1273,244,4.82,0,2022-07-30 19:02:17,Patrick Lewis,patrick.lewis@outlook.com,+1-731-390-2292,Los Angeles,2020-02-07,0
1273,1274,692,3.52,1,2020-04-28 00:32:29,Patrick Rodriguez,patrick.rodriguez@gmail.com,+1-762-391-6703,Los Angeles,2024-05-26,0
1274,1275,1074,3.98,4,2023-12-24 04:15:22,Frank Rivera,frank.rivera@protonmail.com,+1-767-801-9837,Houston,2021-09-01,0
1275,1276,994,4.57,5,2020-01-15 21:49:08,Raymond Gomez,raymond.gomez@protonmail.com,+1-268-674-4354,Chicago,2020-11-16,0
1276,1277,1106,3.64,31,2021-02-05 17:23:33,Jason Allen,jason.allen@icloud.com,+1-257-602-9740,Los Angeles,2022-12-03,0
1277,1278,1114,4.1,3,2021-09-24 03:53:13,Brian Sanders,brian.sanders@hotmail.com,+1-302-944-3627,Los Angeles,2021-11-02,0
1278,1279,116,4.49,2,2019-12-12 09:13:09,Charles Young,charles.young@icloud.com,+1-621-679-3950,Chicago,2019-12-25,0
1279,1280,50,3.27,1,2019-08-26 05:48:57,Margaret Flores,margaret.flores@outlook.com,+1-545-879-7211,Los Angeles,2023-03-21,0
1280,1281,848,4.81,1,2023-03-11 16:49:51,Gregory Myers,gregory.myers@protonmail.com,+1-809-686-3906,Houston,2023-03-15,0
1281,1282,197,3.66,4,2019-11-02 23:14:33,Carol Watson,carol.watson@yahoo.com,+1-811-485-3527,Chicago,2020-01-06,0
1282,1283,1119,3.27,13,2024-01-15 03:14:58,Kevin Stewart,kevin.stewart@hotmail.com,+1-952-236-5270,Chicago,2022-11-08,0
1283,1284,968,3.74,16,2023-10-15 12:27:27,Matthew Anderson,matthew.anderson@yahoo.com,+1-901-964-8772,Houston,2019-12-28,0
1284,1285,1506,4.0,0,2019-11-02 21:53:13,Samuel Sanders,samuel.sanders@gmail.com,+1-646-169-8910,Houston,2021-12-08,0
1285,1286,844,3.68,1,2021-03-17 12:58:48,Ryan Hernandez,ryan.hernandez@icloud.com,+1-814-106-5009,Los Angeles,2022-06-23,0
1286,1287,1822,3.31,3,2024-06-09 19:57:56,Emma Carter,emma.carter@yahoo.com,+1-889-300-5346,Houston,2019-11-07,0
1287,1288,945,3.09,94,2024-02-03 15:42:49,Janet Hill,janet.hill@hotmail.com,+1-256-747-2485,Los Angeles,2021-12-30,0
1288,1289,1622,3.92,19,2020-12-06 12:31:01,Nicholas Brooks,nicholas.brooks@gmail.com,+1-415-803-7879,Houston,2023-12-28,0
1289,1290,478,4.47,22,2019-02-28 14:21:42,Catherine Rivera,catherine.rivera@icloud.com,+1-777-245-4084,Houston,2022-01-15,0
1290,1291,1031,3.31,11,2021-06-28 10:41:38,Kimberly Cook,kimberly.cook@gmail.com,+1-813-863-6927,Houston,2022-03-04,0
1291,1292,1168,3.87,23,2022-02-22 23:09:37,Thomas Moore,thomas.moore@gmail.com,+1-395-214-1260,Chicago,2023-10-26,0
1292,1293,43,4.54,18,2022-08-06 18:05:35,Emma Morris,emma.morris@hotmail.com,+1-263-311-7883,Houston,2024-01-28,0
1293,1294,522,4.55,1,2022-12-26 18:39:02,Margaret Turner,margaret.turner@protonmail.com,+1-696-877-9462,Los Angeles,2023-08-09,0
1294,1295,11,3.28,3,2022-01-17 14:05:55,Michael Lopez,michael.lopez@protonmail.com,+1-633-949-5533,New York,2019-01-08,0
1295,1296,86,3.13,26,2019-11-13 02:42:12,Lisa Flores,lisa.flores@icloud.com,+1-966-944-5728,Houston,2019-09-12,0
1296,1297,259,3.05,5,2020-09-24 11:35:34,Susan Collins,susan.collins@yahoo.com,+1-470-844-6992,Houston,2021-01-19,0
1297,1298,810,3.12,3,2023-04-03 13:42:12,Maria Williams,maria.williams@gmail.com,+1-453-642-5995,Los Angeles,2021-09-30,0
1298,1299,1985,3.93,3,2022-01-28 14:51:42,Richard Nelson,richard.nelson@protonmail.com,+1-910-175-8507,Houston,2023-03-22,0
1299,1300,1043,3.77,1,2021-03-29 21:32:04,Patrick Hill,patrick.hill@gmail.com,+1-962-934-2943,Chicago,2019-09-21,0
1300,1301,795,4.51,1,2023-02-02 10:25:20,Sarah Murphy,sarah.murphy@icloud.com,+1-402-599-7476,Chicago,2022-02-23,0
1301,1302,1844,4.06,3,2024-06-15 04:37:48,Diane Thomas,diane.thomas@hotmail.com,+1-871-510-3149,Los Angeles,2023-11-01,0
1302,1303,514,4.51,1,2023-02-03 21:28:30,Rebecca Martin,rebecca.martin@yahoo.com,+1-780-702-2641,New York,2022-02-26,0
1303,1304,362,4.33,0,2019-07-10 03:30:35,Brian Edwards,brian.edwards@outlook.com,+1-640-935-3230,Los Angeles,2020-10-18,0
1304,1305,1408,3.43,1,2023-02-21 01:11:28,Laura Anderson,laura.anderson@hotmail.com,+1-878-653-4946,Chicago,2020-03-09,0
1305,1306,1072,3.64,39,2020-12-10 05:06:46,Robert Jones,robert.jones@yahoo.com,+1-770-775-5965,Chicago,2021-10-03,0
1306,1307,711,4.06,4,2020-07-30 23:43:10,Larry King,larry.king@yahoo.com,+1-475-582-6621,Los Angeles,2020-01-12,0
1307,1308,1235,4.78,1,2021-07-10 05:09:11,Nancy Allen,nancy.allen@gmail.com,+1-357-414-7672,Chicago,2019-05-01,0
1308,1309,124,4.64,7,2021-07-26 09:26:04,Andrew Robinson,andrew.robinson@icloud.com,+1-560-324-4115,Los Angeles,2022-10-20,0
1309,1310,1300,4.01,22,2021-10-04 14:52:29,Gregory Wood,gregory.wood@gmail.com,+1-371-620-7358,Los Angeles,2021-10-18,0
1310,1311,1511,4.41,2,2020-07-16 13:24:03,Pamela Ramirez,pamela.ramirez@icloud.com,+1-913-109-9401,Houston,2021-10-28,0
1311,1312,227,3.77,1,2020-05-18 07:25:12,Debra Davis,debra.davis@gmail.com,+1-887-752-7655,Los Angeles,2021-11-16,0
1312,1313,633,4.13,1,2021-10-29 12:22:46,Mark Moore,mark.moore@protonmail.com,+1-600-915-9941,Los Angeles,2024-05-20,0
1313,1314,817,3.52,4,2022-05-10 10:37:35,Sarah Flores,sarah.flores@protonmail.com,+1-922-636-3215,Houston,2024-02-05,0
1314,1315,743,4.37,2,2022-06-05 12:55:53,Christine Rivera,christine.rivera@yahoo.com,+1-528-119-3492,New York,2024-06-08,0
1315,1316,1415,4.96,1,2022-11-01 19:10:25,Emma Harris,emma.harris@protonmail.com,+1-318-686-7025,Chicago,2023-10-14,0
1316,1317,614,3.37,13,2023-05-23 18:14:42,Cynthia Foster,cynthia.foster@yahoo.com,+1-240-257-6285,New York,2023-05-04,0
1317,1318,165,4.67,3,2019-05-22 23:08:06,Jacob Baker,jacob.baker@yahoo.com,+1-578-419-6314,New York,2023-12-15,0
1318,1319,740,3.9,23,2022-08-24 15:32:10,David Parker,david.parker@protonmail.com,+1-445-629-5454,Los Angeles,2022-08-21,0
1319,1320,246,3.5,2,2019-02-01 22:56:59,Raymond Perez,raymond.perez@icloud.com,+1-794-257-3804,Los Angeles,2023-09-22,0
1320,1321,980,3.89,4,2022-03-18 01:34:16,Emily Richardson,emily.richardson@yahoo.com,+1-853-726-3784,Chicago,2019-06-27,0
1321,1322,953,4.37,12,2020-03-22 19:45:39,Scott Robinson,scott.robinson@gmail.com,+1-237-853-3319,Houston,2022-09-01,0
1322,1323,496,3.96,3,2019-07-30 00:27:25,Carol Perez,carol.perez@hotmail.com,+1-364-849-2228,New York,2020-11-23,0
1323,1324,758,4.72,75,2020-10-03 15:47:10,Amanda Gray,amanda.gray@yahoo.com,+1-918-649-2759,Chicago,2021-09-26,0
1324,1325,222,4.89,14,2020-10-08 23:56:01,Stephanie Sullivan,stephanie.sullivan@hotmail.com,+1-595-447-4060,Houston,2022-11-18,0
1325,1326,1401,4.45,1,2022-05-30 12:16:53,Jessica Cooper,jessica.cooper@outlook.com,+1-916-869-5072,Los Angeles,2021-07-14,0
1326,1327,29,3.95,0,2020-03-05 21:06:17,Larry Smith,larry.smith@outlook.com,+1-493-315-8043,Los Angeles,2021-08-10,0
1327,1328,315,3.72,1,2020-01-25 13:02:11,Eric Nguyen,eric.nguyen@yahoo.com,+1-949-689-6224,Los Angeles,2020-04-30,0
1328,1329,1861,3.44,3,2023-07-02 14:07:46,Jeffrey Cook,jeffrey.cook@yahoo.com,+1-841-922-9594,Houston,2019-10-14,0
1329,1330,1230,3.86,4,2023-04-15 17:12:46,Gary Rogers,gary.rogers@gmail.com,+1-323-774-9713,Chicago,2024-05-24,0
1330,1331,1426,4.67,12,2024-03-02 01:38:40,Barbara Cooper,barbara.cooper@protonmail.com,+1-489-389-4196,Houston,2019-07-19,0
1331,1332,1529,3.1,4,2019-04-04 20:35:12,Patrick Hernandez,patrick.hernandez@yahoo.com,+1-342-591-8279,Chicago,2020-09-21,0
1332,1333,1621,4.59,1,2023-05-26 07:14:38,Timothy Clark,timothy.clark@hotmail.com,+1-303-602-1359,Houston,2019-05-31,0
1333,1334,1295,4.84,4,2023-06-14 21:14:07,Shirley Watson,shirley.watson@hotmail.com,+1-928-166-2941,Chicago,2023-12-13,0
1334,1335,1708,4.99,7,2024-01-12 04:08:51,Jack Ward,jack.ward@protonmail.com,+1-723-857-1868,Chicago,2021-11-23,0
1335,1336,113,4.36,63,2020-07-01 22:43:14,William Walker,william.walker@protonmail.com,+1-900-394-4727,New York,2021-06-07,0
1336,1337,299,3.12,4,2021-11-05 14:14:51,Larry Nguyen,larry.nguyen@icloud.com,+1-880-945-4578,Chicago,2022-10-25,0
1337,1338,1886,4.56,1,2021-01-01 02:30:37,Kimberly Gray,kimberly.gray@hotmail.com,+1-607-144-5145,Los Angeles,2022-07-04,0
1338,1339,1109,3.52,1,2021-12-13 15:14:38,Anna Jones,anna.jones@protonmail.com,+1-878-918-1895,Chicago,2020-06-02,0
1339,1340,1973,4.58,3,2023-06-19 13:53:06,Melissa Williams,melissa.williams@protonmail.com,+1-815-908-7378,Chicago,2023-10-08,0
1340,1341,1773,4.89,53,2024-02-20 12:19:12,Pamela Phillips,pamela.phillips@gmail.com,+1-830-380-6926,Los Angeles,2022-09-12,0
1341,1342,1334,4.54,14,2023-01-13 11:47:20,Daniel Watson,daniel.watson@protonmail.com,+1-642-568-7302,Chicago,2022-12-01,0
1342,1343,168,3.4,13,2022-07-23 01:17:24,Margaret Morgan,margaret.morgan@gmail.com,+1-553-540-2816,Los Angeles,2022-10-20,0
1343,1344,42,4.48,4,2021-10-14 02:37:00,Alexander Martin,alexander.martin@protonmail.com,+1-419-165-7797,Houston,2020-11-08,0
1344,1345,8,4.19,15,2022-10-28 03:36:27,Larry Hill,larry.hill@protonmail.com,+1-306-999-3200,Los Angeles,2019-08-25,0
1345,1346,457,3.86,32,2021-03-10 15:04:30,Lisa Stewart,lisa.stewart@hotmail.com,+1-521-516-2978,Los Angeles,2024-05-29,0
1346,1347,600,4.55,4,2021-09-03 09:42:53,Catherine Bell,catherine.bell@outlook.com,+1-928-854-4560,Chicago,2020-03-05,0
1347,1348,484,3.38,5,2021-09-26 09:22:53,Michelle Moore,michelle.moore@yahoo.com,+1-949-547-8982,Los Angeles,2019-12-23,0
1348,1349,38,3.82,1,2019-06-29 11:52:03,Raymond Rogers,raymond.rogers@hotmail.com,+1-761-556-3607,Houston,2021-07-10,0
1349,1350,304,4.47,2,2023-04-04 00:59:27,Justin Davis,justin.davis@icloud.com,+1-673-788-6049,New York,2021-03-21,0
1350,1351,112,4.19,20,2022-12-10 15:37:29,Kevin Brooks,kevin.brooks@protonmail.com,+1-977-599-9864,New York,2022-06-18,0
1351,1352,313,4.0,23,2021-11-19 05:44:28,William Gonzalez,william.gonzalez@icloud.com,+1-234-557-1797,Chicago,2023-02-25,0
1352,1353,1926,3.69,0,2020-05-08 07:53:02,Nicholas Cruz,nicholas.cruz@protonmail.com,+1-800-127-4632,Chicago,2023-04-22,0
1353,1354,431,3.87,0,2019-08-28 03:37:49,David Flores,david.flores@gmail.com,+1-723-308-3545,Los Angeles,2021-03-11,0
1354,1355,558,4.17,19,2019-03-27 19:35:23,John Cox,john.cox@icloud.com,+1-373-226-7006,New York,2021-02-07,0
1355,1356,1730,3.48,0,2023-06-26 05:38:14,Steven Anderson,steven.anderson@gmail.com,+1-967-174-8234,Los Angeles,2022-05-27,0
1356,1357,1478,3.52,4,2020-07-16 02:56:43,Nicholas Sanchez,nicholas.sanchez@gmail.com,+1-741-626-3518,Houston,2019-09-11,0
1357,1358,129,3.95,32,2022-06-04 08:11:27,Kathleen Nguyen,kathleen.nguyen@protonmail.com,+1-546-923-2886,Houston,2024-05-26,0
1358,1359,1840,4.5,1,2020-02-09 15:14:34,Betty Lee,betty.lee@icloud.com,+1-605-980-4757,Los Angeles,2023-06-30,0
1359,1360,1320,3.91,2,2020-10-02 18:31:18,Emma Williams,emma.williams@icloud.com,+1-232-242-3518,Los Angeles,2022-03-09,0
1360,1361,449,3.36,1,2020-07-01 00:15:45,George Bennett,george.bennett@protonmail.com,+1-209-443-1023,Houston,2023-10-05,0
1361,1362,1810,3.35,3,2024-06-22 04:13:25,Jack Morales,jack.morales@yahoo.com,+1-640-631-5558,Los Angeles,2019-07-23,0
1362,1363,1448,3.29,1,2019-11-17 21:40:13,Margaret Moore,margaret.moore@icloud.com,+1-765-321-6882,Los Angeles,2019-09-21,0
1363,1364,406,3.21,1,2019-08-22 01:14:40,Melissa Flores,melissa.flores@hotmail.com,+1-535-695-1040,New York,2023-02-05,0
1364,1365,1002,4.67,5,2022-02-26 15:08:53,Janet Bailey,janet.bailey@yahoo.com,+1-685-455-7883,Houston,2023-02-19,0
1365,1366,76,4.3,16,2023-03-03 16:11:16,Carol White,carol.white@gmail.com,+1-458-982-8827,New York,2023-08-11,0
1366,1367,1274,3.85,1,2020-01-10 23:26:54,Frank Davis,frank.davis@icloud.com,+1-253-401-7249,Houston,2019-07-16,0
1367,1368,1406,4.94,1,2019-11-28 05:15:54,Matthew Sanders,matthew.sanders@yahoo.com,+1-732-997-9267,New York,2019-09-19,0
1368,1369,1688,3.85,1,2019-06-27 17:36:02,Rebecca Scott,rebecca.scott@outlook.com,+1-395-142-9520,Los Angeles,2023-09-05,0
1369,1370,1657,4.56,0,2020-05-04 16:35:52,Emily Sanders,emily.sanders@gmail.com,+1-561-671-4971,Chicago,2022-11-24,0
1370,1371,295,4.23,16,2023-08-15 15:34:47,Scott Ross,scott.ross@icloud.com,+1-211-367-6890,Chicago,2019-05-08,0
1371,1372,392,3.74,5,2021-06-16 17:40:57,Janet Rivera,janet.rivera@hotmail.com,+1-927-960-8272,Houston,2019-12-09,0
1372,1373,272,3.54,9,2023-09-13 12:25:49,Ryan Green,ryan.green@hotmail.com,+1-355-522-4340,Houston,2021-10-24,0
1373,1374,1771,3.81,1,2023-09-16 12:53:29,Ronald Morris,ronald.morris@protonmail.com,+1-443-235-1248,Los Angeles,2023-06-26,0
1374,1375,620,3.47,1,2022-03-10 10:52:57,George Stewart,george.stewart@yahoo.com,+1-857-728-4994,New York,2022-10-29,0
1375,1376,615,3.35,58,2019-11-18 18:23:32,Samuel Wood,samuel.wood@protonmail.com,+1-508-602-6866,New York,2023-05-25,0
1376,1377,1332,4.67,10,2023-12-03 14:24:46,Cynthia Howard,cynthia.howard@gmail.com,+1-954-193-5717,Houston,2020-12-11,0
1377,1378,420,3.02,4,2023-12-22 00:31:58,Raymond Ramirez,raymond.ramirez@protonmail.com,+1-966-255-7745,Houston,2023-10-28,0
1378,1379,1749,4.71,18,2020-07-10 15:58:21,Linda Brown,linda.brown@yahoo.com,+1-747-722-7215,New York,2022-02-05,0
1379,1380,1518,3.37,1,2020-07-13 19:24:22,Heather Scott,heather.scott@yahoo.com,+1-462-116-9804,New York,2023-01-19,0
1380,1381,591,4.49,3,2023-11-02 16:47:20,Lisa Cook,lisa.cook@yahoo.com,+1-934-860-7704,New York,2020-06-04,0
1381,1382,1663,4.59,1,2019-02-13 05:30:57,Pamela Gray,pamela.gray@gmail.com,+1-350-572-2755,New York,2020-05-07,0
1382,1383,1423,3.19,1,2021-04-06 20:55:00,Maria Clark,maria.clark@protonmail.com,+1-430-817-1861,Chicago,2023-10-21,0
1383,1384,533,3.37,4,2022-05-20 01:17:22,Ronald Hall,ronald.hall@hotmail.com,+1-458-323-8646,Los Angeles,2022-10-18,0
1384,1385,348,3.54,8,2019-08-29 13:45:38,Jack Moore,jack.moore@protonmail.com,+1-941-180-9204,Los Angeles,2019-04-20,0
1385,1386,689,3.12,1,2023-08-25 12:05:24,Robert Diaz,robert.diaz@icloud.com,+1-728-815-4795,Chicago,2022-10-12,0
1386,1387,1962,3.05,2,2019-08-10 23:54:41,Sharon Torres,sharon.torres1@gmail.com,+1-969-390-9040,Chicago,2021-02-07,0
1387,1388,655,3.9,16,2019-03-02 01:06:38,Melissa Robinson,melissa.robinson@gmail.com,+1-884-311-9485,Los Angeles,2021-03-05,0
1388,1389,973,4.84,1,2019-09-07 17:56:43,Diane Hughes,diane.hughes1@outlook.com,+1-435-897-2804,Los Angeles,2020-04-11,0
1389,1390,1382,3.8,3,2020-08-25 19:02:28,Patrick Hughes,patrick.hughes@gmail.com,+1-914-781-3422,Los Angeles,2022-05-24,0
1390,1391,1534,3.89,1,2019-05-03 05:13:43,Maria Anderson,maria.anderson@hotmail.com,+1-373-212-4678,New York,2024-05-12,0
1391,1392,239,4.78,3,2019-02-03 11:50:17,Larry Taylor,larry.taylor@icloud.com,+1-288-167-6067,Houston,2023-01-08,0
1392,1393,90,4.88,1,2021-06-23 17:50:26,Jennifer Thompson,jennifer.thompson@hotmail.com,+1-731-767-8245,Los Angeles,2020-01-07,0
1393,1394,1952,4.17,0,2020-10-10 08:12:08,Nancy Hughes,nancy.hughes@outlook.com,+1-479-105-7671,Chicago,2019-02-08,0
1394,1395,963,3.37,5,2022-11-26 13:26:31,Alexander Nguyen,alexander.nguyen@protonmail.com,+1-329-311-3344,Los Angeles,2021-12-07,0
1395,1396,657,3.37,1,2021-05-18 21:10:57,Jonathan Bennett,jonathan.bennett@outlook.com,+1-959-369-9918,Chicago,2021-02-10,0
1396,1397,360,3.75,3,2020-11-26 13:27:39,Barbara Campbell,barbara.campbell@outlook.com,+1-452-838-9123,Chicago,2021-07-26,0
1397,1398,1745,4.71,2,2022-09-30 19:14:59,Gregory Davis,gregory.davis@yahoo.com,+1-705-174-1579,Los Angeles,2019-05-25,0
1398,1399,1151,3.32,4,2021-05-15 16:41:04,Stephanie Lopez,stephanie.lopez@gmail.com,+1-413-266-7365,Houston,2020-08-06,0
1399,1400,707,4.57,13,2022-09-08 00:03:44,Mark Howard,mark.howard@yahoo.com,+1-255-638-7933,Houston,2024-04-08,0
1400,1401,275,4.96,3,2023-09-21 23:14:10,Stephen Baker,stephen.baker@icloud.com,+1-562-792-5331,Houston,2020-01-29,0
1401,1402,1226,3.01,17,2020-11-21 15:19:21,Christine Cruz,christine.cruz@icloud.com,+1-619-496-4814,Houston,2020-11-25,0
1402,1403,350,4.92,21,2019-04-12 00:13:09,Debra Wright,debra.wright@hotmail.com,+1-702-333-6829,Houston,2021-06-03,0
1403,1404,1481,4.48,2,2021-10-07 00:56:39,Ryan Reyes,ryan.reyes1@hotmail.com,+1-365-243-6795,Houston,2019-01-12,0
1404,1405,1231,3.52,15,2020-04-30 12:36:56,John Scott,john.scott@yahoo.com,+1-451-949-8278,New York,2023-07-11,0
1405,1406,807,4.76,5,2024-03-28 04:03:03,Gregory Wright,gregory.wright@protonmail.com,+1-875-468-2767,New York,2020-08-22,0
1406,1407,787,4.46,1,2023-09-05 22:04:53,Nicholas Myers,nicholas.myers@protonmail.com,+1-790-939-2562,Los Angeles,2019-03-18,0
1407,1408,1875,3.65,1,2024-02-19 09:24:15,James Robinson,james.robinson@yahoo.com,+1-293-922-3400,Chicago,2019-12-04,0
1408,1409,1535,3.44,1,2024-02-22 18:32:27,Andrew Rivera,andrew.rivera@gmail.com,+1-830-441-2939,Los Angeles,2024-03-05,0
1409,1410,402,3.45,2,2022-12-06 10:30:33,Angela Hughes,angela.hughes@gmail.com,+1-338-868-7743,New York,2020-07-21,0
1410,1411,1879,4.4,12,2023-03-13 11:51:16,Jonathan Green,jonathan.green@icloud.com,+1-280-719-4504,Chicago,2024-04-20,0
1411,1412,1348,3.36,1,2019-09-28 07:41:07,Ronald Sanchez,ronald.sanchez@yahoo.com,+1-583-344-4276,New York,2019-02-02,0
1412,1413,1502,3.32,2,2023-11-14 23:32:54,Samuel Sullivan,samuel.sullivan@icloud.com,+1-323-142-4120,Chicago,2022-12-14,0
1413,1414,1082,3.24,0,2022-04-19 06:47:45,Jeffrey Kelly,jeffrey.kelly@icloud.com,+1-631-373-1334,Houston,2022-04-19,0
1414,1415,1483,3.44,22,2019-05-29 09:05:41,Edward Torres,edward.torres@protonmail.com,+1-539-132-3626,Chicago,2024-04-26,0
1415,1416,1452,3.6,1,2023-10-16 20:08:55,Melissa Kelly,melissa.kelly@protonmail.com,+1-863-940-9379,Chicago,2021-05-09,0
1416,1417,1598,4.63,12,2019-07-04 20:37:04,Timothy Williams,timothy.williams@outlook.com,+1-514-614-3043,Houston,2022-08-21,0
1417,1418,1980,3.25,19,2022-08-30 08:27:39,Maria Reed,maria.reed@gmail.com,+1-932-895-9751,New York,2021-06-17,0
1418,1419,1887,4.44,4,2022-11-07 01:30:21,Linda Howard,linda.howard@gmail.com,+1-935-582-8446,Houston,2019-12-22,0
1419,1420,661,3.79,16,2021-10-25 18:40:11,Barbara Morgan,barbara.morgan@protonmail.com,+1-487-316-3461,Chicago,2019-11-19,0
1420,1421,1691,4.65,17,2022-11-10 08:09:21,Brenda Cruz,brenda.cruz@yahoo.com,+1-510-598-5722,New York,2023-06-26,0
1421,1422,1306,4.73,1,2023-09-15 00:02:28,Angela Watson,angela.watson@outlook.com,+1-636-561-8660,Houston,2021-04-17,0
1422,1423,1279,4.29,1,2022-01-10 17:39:25,Rebecca Murphy,rebecca.murphy@protonmail.com,+1-835-555-4046,Chicago,2019-10-09,0
1423,1424,1166,4.95,4,2024-01-02 04:49:00,Mary Perez,mary.perez@protonmail.com,+1-688-571-7637,Houston,2020-09-12,0
1424,1425,1372,3.98,70,2024-04-20 22:12:42,Jeffrey Rogers,jeffrey.rogers@icloud.com,+1-952-543-3553,Houston,2019-02-10,0
1425,1426,382,4.5,5,2023-12-27 19:58:11,Jeffrey Roberts,jeffrey.roberts@gmail.com,+1-921-319-4371,Los Angeles,2023-03-21,0
1426,1427,1959,3.75,14,2022-11-07 07:33:00,Pamela Hernandez,pamela.hernandez@protonmail.com,+1-698-674-6657,New York,2020-03-01,0
1427,1428,1527,4.45,16,2023-04-21 01:09:07,Mary Gray,mary.gray@gmail.com,+1-335-354-2369,Los Angeles,2019-10-20,0
1428,1429,1648,4.72,2,2022-09-13 00:41:45,Michael Phillips,michael.phillips@outlook.com,+1-913-565-9082,New York,2023-09-23,0
1429,1430,626,3.6,2,2019-01-09 15:58:44,Janet Martin,janet.martin@gmail.com,+1-670-834-6434,New York,2019-06-29,0
1430,1431,821,3.84,19,2023-03-19 09:55:57,Matthew Wilson,matthew.wilson@yahoo.com,+1-389-126-5372,Chicago,2022-05-06,0
1431,1432,1717,4.99,40,2022-07-06 11:21:07,Carolyn Gonzalez,carolyn.gonzalez@icloud.com,+1-704-476-5508,Houston,2021-03-01,0
1432,1433,1668,4.69,11,2019-03-09 10:05:56,Matthew Evans,matthew.evans@yahoo.com,+1-808-382-9676,Houston,2021-11-28,0
1433,1434,1758,3.34,8,2023-08-23 05:53:21,Maria Hill,maria.hill@outlook.com,+1-998-664-5795,Chicago,2021-12-14,0
1434,1435,1644,3.02,19,2019-11-17 21:19:09,John Torres,john.torres@gmail.com,+1-859-902-1076,Houston,2020-08-05,0
1435,1436,39,4.13,2,2020-06-17 15:09:20,Dorothy Young,dorothy.young@protonmail.com,+1-483-884-9540,Houston,2022-07-07,0
1436,1437,280,4.19,2,2020-05-30 10:41:43,Ryan James,ryan.james@outlook.com,+1-965-590-4505,Chicago,2023-08-23,0
1437,1438,1414,3.37,3,2019-08-30 13:46:56,Dorothy Anderson,dorothy.anderson1@outlook.com,+1-289-214-2460,Los Angeles,2023-02-25,0
1438,1439,1153,4.81,12,2021-07-18 20:54:33,Donna Price,donna.price@icloud.com,+1-334-467-2574,Los Angeles,2021-11-15,0
1439,1440,572,4.76,4,2021-01-10 01:13:35,Ryan Watson,ryan.watson@outlook.com,+1-950-195-7105,Los Angeles,2020-01-10,0
1440,1441,1591,4.24,1,2021-05-18 08:29:45,Catherine Collins,catherine.collins@outlook.com,+1-909-684-7375,New York,2022-02-22,0
1441,1442,1545,3.52,87,2023-11-14 10:54:05,Elizabeth Walker,elizabeth.walker@outlook.com,+1-202-308-1281,Los Angeles,2022-02-17,0
1442,1443,1216,4.83,1,2023-12-22 20:28:30,Rebecca Lee,rebecca.lee@yahoo.com,+1-717-230-8942,Houston,2019-09-22,0
1443,1444,174,3.45,17,2020-05-02 09:37:50,Kevin Howard,kevin.howard@hotmail.com,+1-787-514-7843,Los Angeles,2019-08-24,0
1444,1445,1762,3.7,1,2020-08-20 20:30:35,Raymond Jackson,raymond.jackson1@gmail.com,+1-440-815-8213,Houston,2024-05-05,0
1445,1446,922,3.49,1,2020-06-22 11:09:57,Heather Hall,heather.hall@gmail.com,+1-857-370-2900,New York,2019-12-10,0
1446,1447,1367,3.01,13,2020-06-05 06:02:25,Matthew Miller,matthew.miller@protonmail.com,+1-344-309-3057,New York,2019-12-22,0
1447,1448,554,3.49,3,2019-07-28 21:27:15,George Flores,george.flores@yahoo.com,+1-305-492-9246,Los Angeles,2019-12-09,0
1448,1449,1360,3.08,4,2022-03-08 17:19:20,Jack Parker,jack.parker@yahoo.com,+1-834-181-1981,Chicago,2021-02-06,0
1449,1450,141,4.81,13,2021-10-26 13:50:16,Margaret Gray,margaret.gray@protonmail.com,+1-811-121-1828,Los Angeles,2020-05-13,0
1450,1451,1089,3.69,83,2019-07-04 11:39:42,Anthony Hall,anthony.hall@gmail.com,+1-867-943-5945,Los Angeles,2021-06-05,0
1451,1452,676,3.23,1,2020-12-03 21:49:57,Steven Murphy,steven.murphy@yahoo.com,+1-285-390-9908,Houston,2020-06-11,0
1452,1453,675,4.98,0,2021-05-31 08:42:25,Kathleen Carter,kathleen.carter@outlook.com,+1-803-923-2600,Houston,2019-10-02,0
1453,1454,916,3.66,11,2019-04-14 17:45:26,Jack Watson,jack.watson@gmail.com,+1-493-596-2351,Chicago,2021-11-01,0
1454,1455,1718,3.45,3,2022-06-11 17:34:35,Catherine Wilson,catherine.wilson@hotmail.com,+1-626-933-7960,Chicago,2019-02-27,0
1455,1456,1821,4.16,5,2023-09-19 09:52:01,Brenda Reyes,brenda.reyes@protonmail.com,+1-236-749-1130,Chicago,2019-10-08,0
1456,1457,658,4.62,3,2021-06-03 22:59:22,Rachel Carter,rachel.carter@outlook.com,+1-801-769-2275,Los Angeles,2021-02-09,0
1457,1458,717,4.39,2,2020-10-08 16:52:55,Steven Gomez,steven.gomez@icloud.com,+1-248-507-2621,Chicago,2019-05-03,0
1458,1459,447,4.25,53,2021-02-02 01:30:21,Christine Young,christine.young@hotmail.com,+1-577-705-9083,Chicago,2023-02-09,0
1459,1460,884,3.39,1,2020-05-18 22:35:55,Mark Jackson,mark.jackson@icloud.com,+1-464-472-7423,Chicago,2022-12-03,0
1460,1461,1080,3.59,71,2021-02-04 04:41:48,Donald Gray,donald.gray@outlook.com,+1-806-186-2073,Los Angeles,2019-08-23,0
1461,1462,1874,3.79,0,2020-05-22 01:55:20,Emma Richardson,emma.richardson@outlook.com,+1-954-992-8756,Chicago,2019-12-11,0
1462,1463,1314,4.18,2,2020-02-15 22:13:19,Angela Martin,angela.martin@hotmail.com,+1-433-332-4438,Houston,2020-04-23,0
1463,1464,734,3.01,18,2023-07-28 15:43:11,George Murphy,george.murphy@icloud.com,+1-432-924-2467,Houston,2020-09-22,0
1464,1465,1287,3.05,60,2023-10-20 07:32:32,Mark Myers,mark.myers@yahoo.com,+1-677-738-4492,Chicago,2021-09-11,0
1465,1466,1214,4.49,22,2023-07-31 15:27:53,Frank Cooper,frank.cooper@hotmail.com,+1-802-672-9502,Houston,2023-11-21,0
1466,1467,1125,5.0,18,2020-12-17 02:41:13,Frank Cook,frank.cook@gmail.com,+1-429-830-4328,Chicago,2024-04-21,0
1467,1468,1012,3.24,34,2021-04-17 04:49:31,Melissa Stewart,melissa.stewart@icloud.com,+1-366-646-5940,New York,2024-02-29,0
1468,1469,1833,4.51,3,2019-10-09 01:37:27,Paul Rogers,paul.rogers@yahoo.com,+1-618-162-6295,Los Angeles,2022-10-14,0
1469,1470,182,3.32,4,2023-12-07 08:05:31,Ryan Rodriguez,ryan.rodriguez@hotmail.com,+1-652-746-5961,Los Angeles,2022-04-26,0
1470,1471,1315,3.12,1,2021-11-01 15:36:51,Jonathan Cox,jonathan.cox@icloud.com,+1-975-579-8559,Los Angeles,2023-06-10,0
1471,1472,273,4.5,24,2022-05-05 10:54:59,Benjamin Nguyen,benjamin.nguyen@protonmail.com,+1-944-163-3262,Chicago,2022-02-22,0
1472,1473,1628,3.63,5,2024-03-15 13:47:07,Sarah Lewis,sarah.lewis@gmail.com,+1-945-808-3073,Los Angeles,2020-07-14,0
1473,1474,1796,4.2,1,2020-02-21 00:06:23,Justin Taylor,justin.taylor@icloud.com,+1-450-895-7678,Chicago,2022-05-25,0
1474,1475,88,4.9,1,2020-01-02 07:35:21,David Diaz,david.diaz@gmail.com,+1-642-852-6280,Los Angeles,2019-02-22,0
1475,1476,32,3.29,13,2023-03-23 07:14:03,Donald Hughes,donald.hughes@outlook.com,+1-430-925-4262,Chicago,2019-02-20,0
1476,1477,1996,3.8,16,2019-08-22 19:20:31,Anthony Lewis,anthony.lewis@yahoo.com,+1-484-723-2959,Chicago,2020-12-31,0
1477,1478,1859,3.96,0,2021-08-17 23:57:53,Susan Parker,susan.parker@protonmail.com,+1-279-484-3085,New York,2019-11-28,0
1478,1479,847,4.18,17,2021-05-13 06:23:04,Elizabeth Miller,elizabeth.miller@gmail.com,+1-626-282-3643,Los Angeles,2022-06-05,0
1479,1480,598,3.32,4,2019-02-16 06:05:24,Anna Myers,anna.myers1@yahoo.com,+1-480-507-6617,Los Angeles,2021-07-16,0
1480,1481,1602,3.77,2,2024-01-24 12:36:11,Andrew Long,andrew.long@icloud.com,+1-301-189-2700,New York,2022-08-23,0
1481,1482,687,4.55,1,2021-04-13 06:34:04,Stephanie Wood,stephanie.wood@protonmail.com,+1-733-393-1941,Chicago,2022-08-04,0
1482,1483,377,4.28,3,2023-10-26 14:39:16,Kathleen Hall,kathleen.hall@hotmail.com,+1-299-548-8412,Los Angeles,2019-05-18,0
1483,1484,1282,3.41,48,2022-10-24 07:29:44,Melissa Johnson,melissa.johnson@icloud.com,+1-800-773-3369,New York,2020-05-01,0
1484,1485,1393,3.68,22,2019-10-31 19:40:11,Samuel Watson,samuel.watson@gmail.com,+1-851-270-2307,Los Angeles,2019-06-25,0
1485,1486,1843,4.17,13,2020-07-15 18:16:48,Andrew Hill,andrew.hill@gmail.com,+1-435-746-5051,New York,2020-07-11,0
1486,1487,832,3.79,8,2019-08-25 03:58:44,Jeffrey Nguyen,jeffrey.nguyen@icloud.com,+1-255-806-9470,Chicago,2021-08-07,0
1487,1488,599,4.41,3,2019-11-07 07:11:13,Sarah Moore,sarah.moore@hotmail.com,+1-816-816-9393,Los Angeles,2023-09-23,0
1488,1489,1563,3.96,3,2020-12-22 04:03:24,Betty Bennett,betty.bennett@gmail.com,+1-446-375-2393,New York,2022-02-28,0
1489,1490,987,4.45,4,2020-02-03 00:29:13,Amanda Nguyen,amanda.nguyen@yahoo.com,+1-863-192-1260,Houston,2022-10-02,0
1490,1491,82,4.89,1,2021-05-01 12:06:05,Jason Stewart,jason.stewart@protonmail.com,+1-808-581-5771,New York,2020-04-19,0
1491,1492,513,3.95,4,2020-04-14 14:10:15,Kimberly Peterson,kimberly.peterson@hotmail.com,+1-212-905-9561,Houston,2019-08-19,0
1492,1493,1969,4.34,1,2023-04-30 11:07:06,James Reed,james.reed@outlook.com,+1-981-575-3822,New York,2021-02-24,0
1493,1494,1832,4.26,1,2022-05-23 12:53:19,Kathleen Rivera,kathleen.rivera@icloud.com,+1-621-803-4847,New York,2020-08-18,0
1494,1495,843,3.5,2,2019-11-16 15:42:27,Amy Walker,amy.walker@yahoo.com,+1-802-775-8794,Houston,2021-04-19,0
1495,1496,660,4.79,3,2020-03-16 18:22:17,Kathleen Richardson,kathleen.richardson@gmail.com,+1-713-242-8207,Chicago,2020-04-16,0
1496,1497,105,4.4,2,2024-04-12 19:00:38,Kathleen Hall,kathleen.hall@outlook.com,+1-765-881-9903,Houston,2021-07-21,0
1497,1498,640,3.85,1,2022-10-25 15:43:09,Raymond Ward,raymond.ward@hotmail.com,+1-538-465-3100,Chicago,2019-07-24,0
1498,1499,988,4.62,1,2020-12-11 03:18:45,Donna Lee,donna.lee@protonmail.com,+1-670-978-1399,Houston,2021-08-07,0
1499,1500,1556,3.05,10,2023-11-10 06:57:08,Sandra Parker,sandra.parker@yahoo.com,+1-478-194-9544,Houston,2024-06-25,0
1500,1501,177,4.19,4,2023-07-15 02:47:53,Donna Sullivan,donna.sullivan@outlook.com,+1-426-441-3754,New York,2021-11-11,0
1501,1502,161,4.8,1,2021-09-06 22:18:17,Jeffrey Gomez,jeffrey.gomez@icloud.com,+1-828-791-1430,Los Angeles,2019-03-01,0
1502,1503,1388,4.75,65,2021-04-20 08:36:30,Donna Smith,donna.smith@yahoo.com,+1-703-101-2587,New York,2023-05-04,0
1503,1504,1677,3.12,0,2020-05-31 09:54:51,Dorothy Martinez,dorothy.martinez@yahoo.com,+1-895-878-1159,Los Angeles,2024-06-08,0
1504,1505,33,4.41,12,2019-07-15 02:18:17,Jennifer Young,jennifer.young@hotmail.com,+1-825-970-2193,Houston,2021-04-28,0
1505,1506,1831,3.71,1,2020-12-16 10:18:08,Kevin Reyes,kevin.reyes@gmail.com,+1-555-813-7522,Chicago,2023-05-04,0
1506,1507,903,4.72,3,2022-01-06 18:48:40,Carolyn Taylor,carolyn.taylor@yahoo.com,+1-211-173-1257,Chicago,2023-01-17,0
1507,1508,1215,3.02,4,2019-10-20 07:38:46,Dorothy Ward,dorothy.ward@hotmail.com,+1-851-533-8210,Houston,2023-02-07,0
1508,1509,193,3.54,7,2020-03-09 15:23:34,Thomas Cruz,thomas.cruz@protonmail.com,+1-956-801-9624,New York,2022-08-16,0
1509,1510,1893,3.2,22,2024-06-10 22:28:11,Carolyn Evans,carolyn.evans@hotmail.com,+1-883-785-2007,New York,2020-01-31,0
1510,1511,1756,3.21,3,2021-01-08 16:52:41,Anna Phillips,anna.phillips@hotmail.com,+1-873-225-2258,New York,2020-05-27,0
1511,1512,970,4.33,67,2019-06-03 09:14:48,Sharon Allen,sharon.allen@outlook.com,+1-831-924-8424,New York,2019-08-02,0
1512,1513,1378,4.03,79,2022-10-04 01:19:13,Raymond Cox,raymond.cox@gmail.com,+1-618-139-3039,Houston,2024-03-24,0
1513,1514,1419,3.97,1,2024-01-12 01:00:34,Jacob Green,jacob.green@yahoo.com,+1-503-957-4586,Houston,2022-10-24,0
1514,1515,503,3.92,0,2020-03-09 21:37:20,Joseph Flores,joseph.flores@hotmail.com,+1-682-600-5341,New York,2022-08-07,0
1515,1516,77,3.52,2,2024-02-25 02:42:53,William Evans,william.evans@hotmail.com,+1-275-690-1878,Chicago,2019-11-02,0
1516,1517,440,4.95,1,2022-03-09 02:26:03,Pamela Hughes,pamela.hughes@protonmail.com,+1-318-333-9336,New York,2019-04-01,0
1517,1518,1252,4.38,1,2021-02-19 20:05:47,Mary Hughes,mary.hughes@yahoo.com,+1-623-669-9011,Houston,2022-01-07,0
1518,1519,427,4.72,2,2020-04-21 08:46:18,Justin Torres,justin.torres@outlook.com,+1-759-799-3830,Houston,2024-05-08,0
1519,1520,1738,4.94,40,2023-04-08 18:50:01,William Edwards,william.edwards@hotmail.com,+1-840-485-2161,New York,2019-09-18,0
1520,1521,1643,4.09,2,2021-03-01 07:22:34,Jessica Stewart,jessica.stewart@yahoo.com,+1-815-434-7272,Chicago,2022-03-26,0
1521,1522,1655,4.26,0,2021-09-25 08:33:16,Jessica Peterson,jessica.peterson@icloud.com,+1-446-691-8830,Houston,2024-06-22,0
1522,1523,754,4.4,3,2023-08-04 18:59:43,Joseph Walker,joseph.walker@protonmail.com,+1-644-432-1246,Chicago,2023-06-15,0
1523,1524,1701,4.58,63,2024-01-10 05:50:28,Shirley Edwards,shirley.edwards@protonmail.com,+1-520-615-6858,Houston,2020-12-26,0
1524,1525,631,3.36,4,2019-01-24 01:32:53,Eric Wilson,eric.wilson@outlook.com,+1-902-408-2417,Los Angeles,2023-04-17,0
1525,1526,538,3.61,1,2023-08-14 04:59:48,Linda Diaz,linda.diaz@hotmail.com,+1-876-427-3292,New York,2022-09-04,0
1526,1527,1016,3.97,1,2019-05-09 18:32:16,Joseph Morales,joseph.morales@hotmail.com,+1-241-242-2914,Los Angeles,2019-02-20,0
1527,1528,1120,3.86,11,2024-05-23 21:59:51,Emma Adams,emma.adams@outlook.com,+1-403-186-7791,Los Angeles,2020-01-08,0
1528,1529,1154,3.76,9,2023-11-21 03:52:23,Betty Rivera,betty.rivera@hotmail.com,+1-597-587-5398,Houston,2019-07-04,0
1529,1530,226,3.4,1,2020-10-11 05:54:08,Ryan Hall,ryan.hall@hotmail.com,+1-243-844-6776,Houston,2020-07-16,0
1530,1531,1876,4.76,80,2020-06-12 15:42:56,Gary Smith,gary.smith@outlook.com,+1-279-153-3244,Houston,2021-05-21,0
1531,1532,1594,4.18,2,2023-10-01 05:39:53,Jacob Jackson,jacob.jackson@hotmail.com,+1-524-216-7658,Los Angeles,2021-12-02,0
1532,1533,1748,3.86,16,2019-10-24 00:13:09,George Collins,george.collins@hotmail.com,+1-510-900-4731,New York,2024-03-22,0
1533,1534,1256,3.72,11,2024-04-02 12:58:24,Mark Sullivan,mark.sullivan@gmail.com,+1-976-387-6862,Chicago,2019-07-04,0
1534,1535,1871,4.89,28,2020-05-30 12:34:29,Christine Evans,christine.evans@outlook.com,+1-774-654-4319,New York,2022-04-28,0
1535,1536,1883,3.68,0,2023-08-14 17:41:06,Benjamin Gomez,benjamin.gomez@yahoo.com,+1-591-483-3932,New York,2020-02-06,0
1536,1537,1580,4.33,7,2022-09-08 04:31:06,Deborah Morris,deborah.morris@protonmail.com,+1-295-457-8632,Houston,2022-08-08,0
1537,1538,1374,3.55,17,2023-06-03 20:30:43,Heather Thompson,heather.thompson@outlook.com,+1-589-574-6011,Houston,2020-08-03,0
1538,1539,1931,3.67,9,2023-04-14 04:24:49,Rebecca Thompson,rebecca.thompson@yahoo.com,+1-607-798-9476,New York,2021-08-10,0
1539,1540,1146,4.57,1,2022-01-21 05:39:17,Emma Wilson,emma.wilson@outlook.com,+1-357-129-2328,Houston,2023-08-29,0
1540,1541,1827,4.47,11,2023-07-06 21:50:56,Shirley Reyes,shirley.reyes@yahoo.com,+1-507-960-4799,Los Angeles,2022-09-30,0
1541,1542,400,3.38,6,2023-08-10 08:06:46,Sarah Clark,sarah.clark@yahoo.com,+1-260-683-6747,Los Angeles,2022-05-07,0
1542,1543,509,3.34,67,2021-09-23 04:34:38,Joshua Hernandez,joshua.hernandez@hotmail.com,+1-931-135-9226,Chicago,2019-09-04,0
1543,1544,365,4.4,8,2023-01-24 13:17:05,Ronald Scott,ronald.scott@hotmail.com,+1-573-216-4273,Chicago,2022-10-28,0
1544,1545,292,3.27,2,2020-06-18 01:52:26,Benjamin Bennett,benjamin.bennett@hotmail.com,+1-637-627-6372,New York,2021-03-31,0
1545,1546,205,3.04,10,2023-04-28 00:54:56,Mark Stewart,mark.stewart@outlook.com,+1-227-524-1872,Houston,2021-10-25,0
1546,1547,519,3.53,2,2023-02-07 07:32:27,Melissa Williams,melissa.williams@outlook.com,+1-510-418-5593,Houston,2023-10-24,0
1547,1548,379,3.25,20,2023-12-21 23:33:29,Lisa Powell,lisa.powell@yahoo.com,+1-728-278-3623,Los Angeles,2022-02-20,0
1548,1549,1892,4.56,2,2022-01-30 23:26:31,Frank Green,frank.green@protonmail.com,+1-373-700-7000,New York,2024-04-10,0
1549,1550,864,3.61,68,2020-11-04 06:48:18,Pamela Price,pamela.price@outlook.com,+1-562-167-3446,Los Angeles,2023-09-18,0
1550,1551,1192,4.72,10,2024-06-04 02:28:38,Betty Edwards,betty.edwards@hotmail.com,+1-987-887-1107,Chicago,2023-09-06,0
1551,1552,1670,4.75,52,2022-03-05 14:12:25,Joseph Miller,joseph.miller@gmail.com,+1-789-372-4911,New York,2021-12-25,0
1552,1553,732,3.16,16,2023-12-25 09:40:03,Emma Wright,emma.wright@icloud.com,+1-655-238-9835,Chicago,2022-04-25,0
1553,1554,938,3.78,1,2023-09-22 17:17:24,Raymond Rivera,raymond.rivera@gmail.com,+1-347-653-8065,Chicago,2022-06-11,0
1554,1555,1671,3.32,82,2020-07-24 07:44:24,Richard Scott,richard.scott@yahoo.com,+1-835-816-7628,Houston,2021-03-15,0
1555,1556,786,4.74,1,2019-01-27 18:57:56,Stephanie Kelly,stephanie.kelly@yahoo.com,+1-951-179-6319,Houston,2019-12-21,0
1556,1557,659,4.51,5,2023-07-15 20:30:37,Mark Peterson,mark.peterson@hotmail.com,+1-561-936-6653,Houston,2023-06-12,0
1557,1558,1095,3.37,21,2024-05-28 19:58:26,Kevin Rodriguez,kevin.rodriguez@protonmail.com,+1-408-966-7757,Los Angeles,2023-08-14,0
1558,1559,1732,3.81,82,2021-07-20 16:21:18,Debra Howard,debra.howard@icloud.com,+1-404-300-5136,Houston,2021-06-15,0
1559,1560,79,3.89,1,2023-09-13 11:11:47,Jonathan Carter,jonathan.carter@hotmail.com,+1-653-404-8025,Los Angeles,2022-03-10,0
1560,1561,123,3.82,1,2024-01-04 21:42:34,Mary Kelly,mary.kelly@protonmail.com,+1-996-862-1803,Houston,2023-09-02,0
1561,1562,691,4.52,51,2020-07-14 02:39:30,Stephanie Rivera,stephanie.rivera@protonmail.com,+1-604-515-4281,New York,2023-02-18,0
1562,1563,1919,4.29,2,2019-10-09 14:35:01,Edward Perez,edward.perez@hotmail.com,+1-200-774-3416,Chicago,2023-12-14,0
1563,1564,923,4.7,1,2020-06-10 16:51:13,Cynthia Evans,cynthia.evans@hotmail.com,+1-508-587-9724,Chicago,2021-02-16,0
1564,1565,656,4.59,20,2021-02-02 07:31:02,Gary Flores,gary.flores@gmail.com,+1-240-764-6309,New York,2022-12-12,0
1565,1566,831,4.84,72,2019-09-28 21:19:16,Ryan Phillips,ryan.phillips@outlook.com,+1-992-947-5684,Houston,2019-12-07,0
1566,1567,1283,3.57,24,2023-11-17 11:37:47,Eric Gomez,eric.gomez@gmail.com,+1-632-452-4201,Chicago,2022-08-04,0
1567,1568,607,3.35,34,2019-02-05 13:22:35,Emma Jones,emma.jones@outlook.com,+1-663-204-4675,Houston,2020-05-01,0
1568,1569,1917,4.58,1,2024-02-25 04:11:57,Lisa Hill,lisa.hill@icloud.com,+1-914-636-4251,Chicago,2019-09-24,0
1569,1570,1780,4.4,4,2022-07-21 03:27:45,Rachel Jones,rachel.jones@yahoo.com,+1-900-618-8214,Los Angeles,2019-03-27,0
1570,1571,1424,3.79,0,2022-10-09 13:06:33,Nicholas Morales,nicholas.morales@hotmail.com,+1-506-934-3608,New York,2022-01-27,0
1571,1572,1721,3.08,0,2022-06-27 13:03:20,Sarah Morris,sarah.morris1@protonmail.com,+1-669-383-1149,Chicago,2021-01-02,0
1572,1573,320,3.8,0,2021-03-25 20:43:51,Mark Hill,mark.hill@protonmail.com,+1-347-925-8586,New York,2022-02-25,0
1573,1574,336,4.84,0,2021-11-30 16:54:12,Margaret Rogers,margaret.rogers@hotmail.com,+1-582-161-8916,Houston,2019-02-02,0
1574,1575,796,4.66,0,2019-06-13 11:17:23,Benjamin Powell,benjamin.powell@icloud.com,+1-452-348-2173,Los Angeles,2023-05-10,0
1575,1576,456,4.93,0,2022-01-27 12:57:56,Sandra Martinez,sandra.martinez@yahoo.com,+1-339-898-2785,Chicago,2019-08-05,0
1576,1577,1312,3.86,0,2020-07-29 02:55:03,Anna Moore,anna.moore@protonmail.com,+1-957-656-5278,New York,2023-04-27,0
1577,1578,683,3.13,0,2021-06-04 14:08:50,Sarah Reyes,sarah.reyes@gmail.com,+1-965-335-8317,Chicago,2019-07-25,0
1578,1579,942,4.29,0,2019-02-28 07:04:28,Karen Long,karen.long@outlook.com,+1-600-688-1060,Houston,2021-09-06,0
1579,1580,435,4.43,0,2024-03-24 06:10:24,Patrick Moore,patrick.moore@protonmail.com,+1-211-267-9133,Los Angeles,2021-12-07,0
1580,1581,1630,3.15,0,2019-09-20 05:29:00,Amy Collins,amy.collins@icloud.com,+1-609-297-5097,Chicago,2020-02-10,0
1581,1582,895,4.15,0,2021-02-02 02:01:58,Charles Reyes,charles.reyes@yahoo.com,+1-663-644-5775,Houston,2022-06-14,0
1582,1583,1417,3.74,0,2020-09-15 20:09:05,Stephen Harris,stephen.harris@hotmail.com,+1-633-427-6980,Chicago,2021-11-30,0
1583,1584,1177,4.08,0,2020-07-05 21:32:32,Raymond Torres,raymond.torres@hotmail.com,+1-319-606-6681,Houston,2022-11-29,0
1584,1585,126,3.27,0,2021-07-14 11:26:24,Ryan Jones,ryan.jones@icloud.com,+1-573-849-3153,New York,2024-02-06,0
1585,1586,1362,4.67,0,2019-10-18 22:45:47,Raymond Diaz,raymond.diaz@hotmail.com,+1-956-998-6385,Chicago,2020-07-23,0
1586,1587,1920,3.17,0,2024-01-13 22:14:13,Daniel Hill,daniel.hill@outlook.com,+1-282-289-4869,Chicago,2021-06-13,0
1587,1588,985,3.44,0,2019-01-18 23:39:38,Shirley Phillips,shirley.phillips@hotmail.com,+1-913-941-2605,Houston,2021-10-11,0
1588,1589,1867,4.39,0,2022-07-28 11:55:37,Gary Rodriguez,gary.rodriguez@gmail.com,+1-519-818-4074,Chicago,2022-11-22,0
1589,1590,1508,4.93,0,2023-07-02 03:53:52,Justin Davis,justin.davis@protonmail.com,+1-394-858-7512,Houston,2022-11-03,0
1590,1591,1786,3.29,0,2023-02-18 11:51:54,Jason James,jason.james@outlook.com,+1-681-401-1510,Chicago,2021-01-24,0
1591,1592,885,4.32,0,2021-09-22 08:34:41,Carolyn Nelson,carolyn.nelson@outlook.com,+1-664-599-1495,New York,2021-08-31,0
1592,1593,1096,3.8,0,2022-05-28 11:33:23,Andrew Gray,andrew.gray@yahoo.com,+1-462-803-4868,Houston,2020-05-03,0
1593,1594,595,3.22,0,2022-07-22 15:14:36,Emma Rogers,emma.rogers@yahoo.com,+1-710-104-9689,New York,2022-02-07,0
1594,1595,875,4.66,0,2019-06-20 13:06:40,Stephen Green,stephen.green@hotmail.com,+1-887-220-5467,Chicago,2019-11-19,0
1595,1596,1225,3.95,0,2022-09-16 09:01:52,Laura Cruz,laura.cruz@hotmail.com,+1-352-987-6328,New York,2023-06-27,0
1596,1597,1935,4.74,0,2022-04-29 13:16:50,Dorothy Powell,dorothy.powell@protonmail.com,+1-318-718-8377,Los Angeles,2023-05-19,0
1597,1598,1880,3.56,0,2023-06-22 08:38:31,Debra Scott,debra.scott@protonmail.com,+1-346-960-8163,Houston,2021-09-30,0
1598,1599,597,4.43,0,2022-01-04 19:18:07,Thomas Wilson,thomas.wilson@hotmail.com,+1-873-714-6273,Houston,2021-05-07,0
1599,1600,652,3.02,0,2023-11-14 12:26:12,Donald Wood,donald.wood@protonmail.com,+1-369-875-9423,Chicago,2021-07-02,0
